-- phpMyAdmin SQL Dump
-- version 4.8.3
-- https://www.phpmyadmin.net/
--
-- Servidor: 127.0.0.1:3307
-- Tiempo de generación: 20-11-2018 a las 04:53:09
-- Versión del servidor: 10.1.36-MariaDB
-- Versión de PHP: 7.2.11

SET SQL_MODE = "NO_AUTO_VALUE_ON_ZERO";
SET AUTOCOMMIT = 0;
START TRANSACTION;
SET time_zone = "+00:00";


/*!40101 SET @OLD_CHARACTER_SET_CLIENT=@@CHARACTER_SET_CLIENT */;
/*!40101 SET @OLD_CHARACTER_SET_RESULTS=@@CHARACTER_SET_RESULTS */;
/*!40101 SET @OLD_COLLATION_CONNECTION=@@COLLATION_CONNECTION */;
/*!40101 SET NAMES utf8mb4 */;

--
-- Base de datos: `tuerca`
--

DELIMITER $$
--
-- Procedimientos
--
CREATE DEFINER=`root`@`localhost` PROCEDURE `UspPermisos` (IN `usuario` INT)  begin

select permisos.pid from usuarios 
inner join `usuario-rol` on usuarios.uid=`usuario-rol`.uid
inner join `roles` on roles.rid= `usuario-rol`.rid
inner join `roles-permisos` on `roles-permisos`.rid = roles.rid
inner join permisos on permisos.pid =`roles-permisos`.pid
where usuarios.uid=usuario;

end$$

CREATE DEFINER=`root`@`localhost` PROCEDURE `uspRoles` (IN `usuario` INT)  begin

select permisos.pid from usuarios 
inner join `usuario-rol` on usuarios.uid=`usuario-rol`.uid
inner join `roles` on roles.rid= `usuario-rol`.rid
inner join `roles-permisos` on `roles-permisos`.rid = roles.rid
inner join permisos on permisos.pid =`roles-permisos`.pid
where usuarios.uid=usuario;

end$$

DELIMITER ;

-- --------------------------------------------------------

--
-- Estructura de tabla para la tabla `cp`
--

CREATE TABLE `cp` (
  `codlocalidad` int(11) NOT NULL,
  `cp` int(11) NOT NULL,
  `localidad` varchar(50) COLLATE utf8_bin NOT NULL
) ENGINE=InnoDB DEFAULT CHARSET=utf8 COLLATE=utf8_bin;

--
-- Volcado de datos para la tabla `cp`
--

INSERT INTO `cp` (`codlocalidad`, `cp`, `localidad`) VALUES
(1, 1408, 'ACASSUSO'),
(2, 1440, 'ACASSUSO'),
(3, 1414, 'ACEVEDO'),
(4, 1405, 'ACEVEDO EDUARDO'),
(5, 1440, 'ACONCAGUA'),
(6, 1437, 'ACOSTA MARIANO'),
(7, 1407, 'ACOSTA MARIANO'),
(8, 1405, 'ACOYTE'),
(9, 1414, 'ACOYTE'),
(10, 1180, 'ACU#A DE FIGUEROA FRANCISCO'),
(11, 1437, 'ACHALA'),
(12, 1427, 'ACHA MARIANO'),
(13, 1430, 'ACHA MARIANO'),
(14, 1406, 'ACHAVAL'),
(15, 1107, 'ACHAVAL RODRIGUEZ TRISTAN DR. AVDA.'),
(16, 1431, 'ACHEGA'),
(17, 1431, 'ACHIRA'),
(18, 1416, 'ACHUPALLAS'),
(19, 1425, 'AEROLINEAS ARGENTINAS'),
(20, 1437, 'AGACES'),
(21, 1425, 'AGOTE LUIS DR.'),
(22, 1428, 'AGOTE PEDRO'),
(23, 1221, 'AGRELO'),
(24, 1224, 'AGRELO'),
(25, 1425, 'AGUADO ALEJANDRO MARIA DE'),
(26, 1408, 'AGUARIBAY'),
(27, 1431, 'AGUAS BUENAS'),
(28, 1171, 'AGUERO'),
(29, 1425, 'AGUERO'),
(30, 1426, 'AGUILAR'),
(31, 1414, 'AGUIRRE'),
(32, 1440, 'AGUIRRE JULIAN'),
(33, 1431, 'AIZPURUA'),
(34, 1437, 'ALAGON'),
(35, 1407, 'ALBANIA'),
(36, 1419, 'ALBARELLOS AVDA.'),
(37, 1439, 'ALBARI#O'),
(38, 1440, 'ALBARI#O'),
(39, 1408, 'ALBARI#O'),
(40, 1424, 'ALBARRACIN'),
(41, 1407, 'ALBARRACIN DE SARMIENTO PAULA'),
(42, 1407, 'ALBERDI JUAN BAUTISTA AVDA.'),
(43, 1406, 'ALBERDI JUAN BAUTISTA AVDA.'),
(44, 1440, 'ALBERDI JUAN BAUTISTA AVDA.'),
(45, 1424, 'ALBERDI JUAN BAUTISTA AVDA.'),
(46, 1082, 'ALBERTI'),
(47, 1223, 'ALBERTI'),
(48, 1247, 'ALBERTI'),
(49, 1407, 'ALCARAZ'),
(50, 1408, 'ALCARAZ'),
(51, 1283, 'ALCORTA AMANCIO AVDA.'),
(52, 1437, 'ALCORTA AMANCIO AVDA.'),
(53, 1419, 'ALEMANIA'),
(54, 1001, 'ALEM LEANDRO N. AVDA.'),
(55, 1003, 'ALEM LEANDRO N. AVDA.'),
(56, 1439, 'ALFARERO'),
(57, 1293, 'ALGARROBO'),
(58, 1277, 'ALGARROBO'),
(59, 1408, 'ALICANTE'),
(60, 1437, 'ALMAFUERTE AVDA.'),
(61, 1416, 'ALMAGRO'),
(62, 1417, 'ALMEIRA HILARIO DE'),
(63, 1408, 'ALPATACAL'),
(64, 1311, 'ALSINA ADOLFO'),
(65, 1320, 'ALSINA ADOLFO'),
(66, 1090, 'ALSINA ADOLFO'),
(67, 1087, 'ALSINA ADOLFO'),
(68, 1088, 'ALSINA ADOLFO'),
(69, 1207, 'ALSINA ADOLFO'),
(70, 1384, 'ALSINA ADOLFO'),
(71, 1425, 'ALSINA VALENTIN AVDA.'),
(72, 1426, 'ALSINA VALENTIN AVDA.'),
(73, 1419, 'ALTA GRACIA'),
(74, 1431, 'ALTOLAGUIRRE'),
(75, 1427, 'ALTOLAGUIRRE'),
(76, 1296, 'ALVARADO'),
(77, 1167, 'ALVARADO'),
(78, 1419, 'ALVAREZ AGUSTIN'),
(79, 1407, 'ALVAREZ CRISOSTOMO'),
(80, 1406, 'ALVAREZ CRISOSTOMO'),
(81, 1439, 'ALVAREZ CRISOSTOMO'),
(82, 1407, 'ALVAREZ DE ACEVEDO TOMAS'),
(83, 1416, 'ALVAREZ DONATO TTE. GRAL.'),
(84, 1431, 'ALVAREZ DONATO TTE. GRAL.'),
(85, 1427, 'ALVAREZ DONATO TTE. GRAL.'),
(86, 1406, 'ALVAREZ DONATO TTE. GRAL.'),
(87, 1416, 'ALVAREZ JONTE AVDA.'),
(88, 1408, 'ALVAREZ JONTE AVDA.'),
(89, 1407, 'ALVAREZ JONTE AVDA.'),
(90, 1414, 'ALVAREZ JULIAN'),
(91, 1425, 'ALVAREZ JULIAN'),
(92, 1419, 'ALVAREZ PRADO MANUEL'),
(93, 1430, 'ALVAREZ THOMAS AVDA.'),
(94, 1427, 'ALVAREZ THOMAS AVDA.'),
(95, 1163, 'ALVAR NU#EZ'),
(96, 1014, 'ALVEAR AVDA.'),
(97, 1129, 'ALVEAR AVDA.'),
(98, 1407, 'ALVEAR EMILIO DE'),
(99, 1060, 'ALVEAR MARCELO T. DE'),
(100, 1058, 'ALVEAR MARCELO T. DE'),
(101, 1122, 'ALVEAR MARCELO T. DE'),
(102, 1395, 'ALVEAR MARCELO T. DE'),
(103, 1240, 'ALZAGA'),
(104, 1419, 'ALLENDE'),
(105, 1417, 'ALLENDE'),
(106, 1407, 'ALLENDE'),
(107, 1408, 'AMALIA'),
(108, 1431, 'AMAMBAY'),
(109, 1440, 'AMANCAY'),
(110, 1228, 'AMBATO'),
(111, 1405, 'AMBERES'),
(112, 1405, 'AMBROSETTI JUAN B.'),
(113, 1407, 'AMEGHINO FLORENTINO DOCTOR'),
(114, 1429, 'AMENABAR'),
(115, 1428, 'AMENABAR'),
(116, 1405, 'AMPERE'),
(117, 1417, 'AMSTERDAM'),
(118, 1425, 'ANASAGASTI'),
(119, 1437, 'ANCASTE'),
(120, 1425, 'ANCON'),
(121, 1425, 'ANCHORENA TOMAS MANUEL DE DOCTOR'),
(122, 1170, 'ANCHORENA TOMAS MANUEL DE DOCTOR'),
(123, 1280, 'ANCHORIS'),
(124, 1408, 'ANDALGALA'),
(125, 1440, 'ANDALGALA'),
(126, 1407, 'ANDALUCIA'),
(127, 1431, 'ANDONAEGUI'),
(128, 1427, 'ANDONAEGUI'),
(129, 1408, 'ANDORRA'),
(130, 1406, 'ANDRADE OLEGARIO V.'),
(131, 1257, 'ANGACO'),
(132, 1440, 'ANKARA'),
(133, 1104, 'ANTARTIDA ARGENTINA AVDA.  ZONA PUERTO '),
(134, 1104, 'ANTEPUERTO AVDA.  ZONA PUERTO '),
(135, 1134, 'ANTEQUERA'),
(136, 1416, 'ANTEZANA'),
(137, 1414, 'ANTEZANA'),
(138, 1440, 'ANTOFAGASTA'),
(139, 1405, 'A#ASCO'),
(140, 1416, 'A#ASCO'),
(141, 1242, 'APULE'),
(142, 1439, 'AQUINO'),
(143, 1405, 'ARANGUREN JUAN FELIPE DR.'),
(144, 1407, 'ARANGUREN JUAN FELIPE DR.'),
(145, 1406, 'ARANGUREN JUAN FELIPE DR.'),
(146, 1414, 'ARAOZ'),
(147, 1425, 'ARAOZ'),
(148, 1405, 'ARAOZ ALFARO GREGORIO DR.'),
(149, 1166, 'ARAOZ DE LA MADRID GREGORIO GRAL.'),
(150, 1279, 'ARAOZ DE LA MADRID GREGORIO GRAL.'),
(151, 1267, 'ARAOZ DE LA MADRID GREGORIO GRAL.'),
(152, 1288, 'ARAOZ DE LA MADRID GREGORIO GRAL.'),
(153, 1290, 'ARATA PEDRO N.'),
(154, 1439, 'ARAUJO'),
(155, 1440, 'ARAUJO'),
(156, 1408, 'ARAUJO'),
(157, 1274, 'ARCAMENDIA'),
(158, 1426, 'ARCE'),
(159, 1408, 'ARCE MANUEL'),
(160, 1428, 'ARCOS'),
(161, 1426, 'ARCOS'),
(162, 1429, 'ARCOS'),
(163, 1427, 'ARENAL CONCEPCION'),
(164, 1426, 'ARENAL CONCEPCION'),
(165, 1425, 'ARENALES'),
(166, 1061, 'ARENALES'),
(167, 1124, 'ARENALES'),
(168, 1405, 'ARENGREEN'),
(169, 1426, 'AREVALO'),
(170, 1414, 'AREVALO'),
(171, 1425, 'AREVALO'),
(172, 1414, 'ARGA#ARAZ'),
(173, 1429, 'ARGELIA'),
(174, 1439, 'ARGENTINA AVDA.'),
(175, 1406, 'ARGERICH'),
(176, 1417, 'ARGERICH'),
(177, 1416, 'ARGERICH'),
(178, 1426, 'ARGUIBEL ANDRES'),
(179, 1430, 'ARIAS'),
(180, 1429, 'ARIAS'),
(181, 1416, 'ARIEL'),
(182, 1427, 'ARISMENDI'),
(183, 1431, 'ARIZONA'),
(184, 1425, 'ARJONILLA'),
(185, 1010, 'ARMAUER HANSEN GERARDO DR.'),
(186, 1425, 'ARMENIA'),
(187, 1414, 'ARMENIA'),
(188, 1295, 'AROLAS EDUARDO'),
(189, 1406, 'AROMA'),
(190, 1431, 'AROMO'),
(191, 1437, 'ARQUIMEDES'),
(192, 1417, 'ARREGUI'),
(193, 1416, 'ARREGUI'),
(194, 1408, 'ARREGUI'),
(195, 1429, 'ARRIBE#OS'),
(196, 1428, 'ARRIBE#OS'),
(197, 1426, 'ARRIBE#OS'),
(198, 1437, 'ARRIOLA'),
(199, 1406, 'ARROTEA'),
(200, 1007, 'ARROYO'),
(201, 1406, 'ARTIGAS JOSE GERVASIO DE GRAL.'),
(202, 1416, 'ARTIGAS JOSE GERVASIO DE GRAL.'),
(203, 1417, 'ARTIGAS JOSE GERVASIO DE GRAL.'),
(204, 1419, 'ARTIGAS JOSE GERVASIO DE GRAL.'),
(205, 1440, 'ARTIGAS MANUEL'),
(206, 1428, 'ARTILLEROS'),
(207, 1268, 'ARZOBISPO ESPINOSA'),
(208, 1157, 'ARZOBISPO ESPINOSA'),
(209, 1165, 'ARZOBISPO ESPINOSA'),
(210, 1406, 'ASAMBLEA AVDA.'),
(211, 1424, 'ASAMBLEA AVDA.'),
(212, 1286, 'ASCASUBI'),
(213, 1407, 'ASTURIAS'),
(214, 1419, 'ASUNCION'),
(215, 1414, 'ATACALCO'),
(216, 1407, 'ATAHUALPA'),
(217, 1431, 'ATENAS'),
(218, 1408, 'ATENZO LEOPOLDO MECANICO MILITAR'),
(219, 1437, 'ATUEL'),
(220, 1428, 'AUBAIN TEODORO DOCTOR'),
(221, 1167, 'AUSTRALIA'),
(222, 1296, 'AUSTRALIA'),
(223, 1425, 'AUSTRIA'),
(224, 1427, 'AVALOS'),
(225, 1431, 'AVALOS'),
(226, 1240, 'AVALLE'),
(227, 1405, 'AVELLANEDA'),
(228, 1406, 'AVELLANEDA'),
(229, 1427, 'AVILES VIRREY'),
(230, 1426, 'AVILES VIRREY'),
(231, 1026, 'AYACUCHO'),
(232, 1025, 'AYACUCHO'),
(233, 1111, 'AYACUCHO'),
(234, 1112, 'AYACUCHO'),
(235, 1159, 'AYOLAS'),
(236, 1408, 'AYUI'),
(237, 1269, 'AZARA'),
(238, 1267, 'AZARA'),
(239, 1029, 'AZCUENAGA'),
(240, 1115, 'AZCUENAGA'),
(241, 1128, 'AZCUENAGA'),
(242, 1279, 'AZCUENAGA DOMINGO DE'),
(243, 1328, 'AZOPARDO'),
(244, 1307, 'AZOPARDO'),
(245, 1107, 'AZOPARDO'),
(246, 1407, 'AZUL'),
(247, 1429, 'AZURDUY JUANA'),
(248, 1430, 'AZURDUY JUANA'),
(249, 1407, 'BACACAY'),
(250, 1405, 'BACACAY'),
(251, 1406, 'BACACAY'),
(252, 1408, 'BACACAY'),
(253, 1407, 'BACLE CESAR H.'),
(254, 1419, 'BACON'),
(255, 1430, 'BACH JUAN SEBASTIAN'),
(256, 1426, 'BAEZ'),
(257, 1408, 'BAHIA'),
(258, 1407, 'BAHIA BLANCA'),
(259, 1419, 'BAHIA BLANCA'),
(260, 1417, 'BAHIA BLANCA'),
(261, 1282, 'BAIGORRI'),
(262, 1408, 'BAIGORRIA'),
(263, 1417, 'BAIGORRIA'),
(264, 1439, 'BALANDRA CARMEN'),
(265, 1407, 'BALBASTRO'),
(266, 1406, 'BALBASTRO'),
(267, 1439, 'BALBASTRO'),
(268, 1424, 'BALBASTRO'),
(269, 1107, 'BALBIN JOSE CELEDONIO  ZONA PUERTO '),
(270, 1427, 'BALBOA'),
(271, 1064, 'BALCARCE'),
(272, 1326, 'BALCARCE'),
(273, 1153, 'BALCARCE'),
(274, 1405, 'BALCARCE FLORENCIO'),
(275, 1405, 'BALDRICH JUAN AMADEO DE CNEL.'),
(276, 1437, 'BALI#A PEDRO LUIS DOCTOR'),
(277, 1408, 'BALTORE JOSE R.'),
(278, 1431, 'BALLIVIAN'),
(279, 1431, 'BANCHS ENRIQUE'),
(280, 1407, 'BARADERO'),
(281, 1419, 'BARAGA#A'),
(282, 1439, 'BARCA CABO DE HORNOS'),
(283, 1243, 'BARCALA'),
(284, 1437, 'BARCELONA'),
(285, 1437, 'BARCO CENTENERA DEL'),
(286, 1424, 'BARCO CENTENERA DEL'),
(287, 1428, 'BARILARI ATILIO SIXTO ALTE.'),
(288, 1107, 'BARILARI ATILIO SIXTO ALTE.  ZONA PUERTO '),
(289, 1286, 'BARILOCHE'),
(290, 1085, 'BAROLO PASAJE'),
(291, 1275, 'BARRACAS'),
(292, 1408, 'BARRAGAN'),
(293, 1115, 'BARRIENTOS'),
(294, 1439, 'BARROS PAZOS JOSE'),
(295, 1437, 'BARROS PAZOS JOSE'),
(296, 1431, 'BARZANA'),
(297, 1427, 'BARZANA'),
(298, 1006, 'BASAVILBASO'),
(299, 1428, 'BASAVILBASO LEOPOLDO'),
(300, 1408, 'BASUALDO'),
(301, 1440, 'BASUALDO'),
(302, 1439, 'BASUALDO'),
(303, 1414, 'BATALLA DEL PARI'),
(304, 1416, 'BATALLA DEL PARI'),
(305, 1417, 'BATEMAN J. F.'),
(306, 1261, 'BATHURST'),
(307, 1427, 'BAUNESS'),
(308, 1431, 'BAUNESS'),
(309, 1419, 'BAUZA FRANCISCO'),
(310, 1408, 'BAUZA FRANCISCO'),
(311, 1428, 'BAVIO ERNESTO A.'),
(312, 1419, 'BAZURCO'),
(313, 1405, 'BEADE'),
(314, 1424, 'BEAUCHEF'),
(315, 1437, 'BEAZLEY'),
(316, 1440, 'BECHER EMILIO'),
(317, 1408, 'BEDOYA ELIAS'),
(318, 1431, 'BEETHOVEN'),
(319, 1427, 'BEHRING'),
(320, 1419, 'BEIRO FRANCISCO AVDA.'),
(321, 1414, 'BELAUSTEGUI LUIS DR.'),
(322, 1416, 'BELAUSTEGUI LUIS DR.'),
(323, 1407, 'BELEN'),
(324, 1417, 'BELFAST'),
(325, 1417, 'BELGICA'),
(326, 1427, 'BELGRADO'),
(327, 1381, 'BELGRANO AVDA.'),
(328, 1093, 'BELGRANO AVDA.'),
(329, 1092, 'BELGRANO AVDA.'),
(330, 1094, 'BELGRANO AVDA.'),
(331, 1096, 'BELGRANO AVDA.'),
(332, 1210, 'BELGRANO AVDA.'),
(333, 1209, 'BELGRANO AVDA.'),
(334, 1107, 'BELGRANO AVDA.  ZONA PUERTO '),
(335, 1416, 'BELLA VISTA'),
(336, 1426, 'BELLO ANDRES'),
(337, 1424, 'BELL VILLE'),
(338, 1440, 'BENIELLI CARLOS JAVIER'),
(339, 1439, 'BERGANTIN CONGRESO NACIONAL'),
(340, 1439, 'BERGANTIN ECHAGUE'),
(341, 1439, 'BERGANTIN GENERAL BALCARCE'),
(342, 1439, 'BERGANTIN GENERAL BELGRANO'),
(343, 1439, 'BERGANTIN GOLETA ESPORA'),
(344, 1439, 'BERGANTIN NANCY'),
(345, 1437, 'BERG CARLOS'),
(346, 1431, 'BERLIN'),
(347, 1408, 'BERMEJO'),
(348, 1439, 'BERMEJO ANTONIO DR.'),
(349, 1419, 'BERMUDEZ'),
(350, 1417, 'BERMUDEZ'),
(351, 1407, 'BERMUDEZ'),
(352, 1407, 'BERMUDEZ ANTONIO'),
(353, 1440, 'BERMUDEZ JORGE'),
(354, 1431, 'BERNA'),
(355, 1405, 'BERNAL'),
(356, 1407, 'BERNALDEZ'),
(357, 1407, 'BERNARDI CONSCRIPTO'),
(358, 1439, 'BERON DE ASTRADA'),
(359, 1437, 'BERON DE ASTRADA'),
(360, 1425, 'BERRO ADOLFO AVDA.'),
(361, 1431, 'BERTHELOT'),
(362, 1424, 'BERTRES'),
(363, 1425, 'BERUTI'),
(364, 1117, 'BERUTI'),
(365, 1437, 'BERUTI ARTURO'),
(366, 1430, 'BESARES'),
(367, 1431, 'BESARES'),
(368, 1429, 'BESARES'),
(369, 1428, 'BETBEDER ONOFRE ALMTE.'),
(370, 1103, 'BETHLEM'),
(371, 1407, 'BEYROUTH'),
(372, 1406, 'BIALET MASSE'),
(373, 1440, 'BIANCHI ANDRES'),
(374, 1416, 'BIARRITZ'),
(375, 1425, 'BIBILONI JUAN ANTONIO'),
(376, 1235, 'BIDEGAIN PEDRO'),
(377, 1233, 'BIDEGAIN PEDRO'),
(378, 1406, 'BIEDMA JOSE JUAN'),
(379, 1405, 'BIEDMA JOSE JUAN'),
(380, 1440, 'BILBAO FRANCISCO'),
(381, 1406, 'BILBAO FRANCISCO'),
(382, 1407, 'BILBAO FRANCISCO'),
(383, 1425, 'BILLINGHURST'),
(384, 1174, 'BILLINGHURST'),
(385, 1430, 'BLANCO ENCALADA'),
(386, 1431, 'BLANCO ENCALADA'),
(387, 1428, 'BLANCO ENCALADA'),
(388, 1286, 'BLANDENGUES'),
(389, 1155, 'BLANES JUAN MANUEL'),
(390, 1257, 'BOCAYUVA QUINTINO'),
(391, 1216, 'BOCAYUVA QUINTINO'),
(392, 1181, 'BOCAYUVA QUINTINO'),
(393, 1239, 'BOEDO'),
(394, 1206, 'BOEDO'),
(395, 1218, 'BOEDO'),
(396, 1407, 'BOERI JUAN A.'),
(397, 1183, 'BOGADO'),
(398, 1407, 'BOGOTA'),
(399, 1406, 'BOGOTA'),
(400, 1405, 'BOGOTA'),
(401, 1407, 'BOLA#OS'),
(402, 1066, 'BOLIVAR'),
(403, 1141, 'BOLIVAR'),
(404, 1417, 'BOLIVIA'),
(405, 1416, 'BOLIVIA'),
(406, 1406, 'BOLIVIA'),
(407, 1419, 'BOLIVIA'),
(408, 1407, 'BOLONIA'),
(409, 1425, 'BOLLINI'),
(410, 1417, 'BOMBAY'),
(411, 1407, 'BONIFACIO JOSE'),
(412, 1424, 'BONIFACIO JOSE'),
(413, 1406, 'BONIFACIO JOSE'),
(414, 1437, 'BONORINO ESTEBAN CORONEL'),
(415, 1406, 'BONORINO ESTEBAN CORONEL'),
(416, 1431, 'BONORINO MARTINIANO'),
(417, 1414, 'BONPLAND'),
(418, 1425, 'BONPLAND'),
(419, 1408, 'BOQUERON'),
(420, 1428, 'BORCHES JOSE'),
(421, 1408, 'BOSCH VENTURA'),
(422, 1417, 'BOSTON'),
(423, 1106, 'BOUCHARD'),
(424, 1213, 'BOULOGNE SUR MER'),
(425, 1416, 'BOYACA'),
(426, 1406, 'BOYACA'),
(427, 1440, 'BRAGADO'),
(428, 1407, 'BRAGADO'),
(429, 1408, 'BRAILE LUIS'),
(430, 1287, 'BRANDSEN'),
(431, 1161, 'BRANDSEN'),
(432, 1260, 'BRASIL'),
(433, 1063, 'BRASIL'),
(434, 1154, 'BRASIL'),
(435, 1107, 'BRASIL  ZONA PUERTO '),
(436, 1156, 'BRAUN MENENDEZ EDUARDO DR.'),
(437, 1414, 'BRAVARD'),
(438, 1158, 'BRIN MINISTRO'),
(439, 1155, 'BROWN ALTE. AVDA.'),
(440, 1159, 'BROWN ALTE. AVDA.'),
(441, 1407, 'BROWN FRANK'),
(442, 1407, 'BRUIX AVDA.'),
(443, 1405, 'BRUNO GIORDANO'),
(444, 1408, 'BRUSELAS'),
(445, 1427, 'BUCARELLI'),
(446, 1431, 'BUCARELLI'),
(447, 1431, 'BUCAREST'),
(448, 1431, 'BUDAPEST'),
(449, 1408, 'BUERAS'),
(450, 1417, 'BUFANO ALFREDO R.'),
(451, 1416, 'BUFANO ALFREDO R.'),
(452, 1406, 'BUFANO ALFREDO R.'),
(453, 1419, 'BULGARIA'),
(454, 1425, 'BULNES'),
(455, 1176, 'BULNES'),
(456, 1426, 'BUNGE INTENDENTE'),
(457, 1427, 'BURELA'),
(458, 1431, 'BURELA'),
(459, 1405, 'BURMEISTER GERMAN'),
(460, 1425, 'BUSCHIAZZO JUAN A.'),
(461, 1406, 'BUSTILLO JOSE MARIA GRAL.'),
(462, 1424, 'BUTTELER'),
(463, 1408, 'BYNNON'),
(464, 1407, 'BYRON'),
(465, 1408, 'CAAGUAZU'),
(466, 1406, 'CABALLITO'),
(467, 1425, 'CABELLO'),
(468, 1419, 'CABEZON JOSE LEON'),
(469, 1428, 'CABILDO AVDA.'),
(470, 1426, 'CABILDO AVDA.'),
(471, 1429, 'CABILDO AVDA.'),
(472, 1241, 'CABOT'),
(473, 1157, 'CABOTO'),
(474, 1059, 'CABRAL SARGENTO'),
(475, 1437, 'CABRED DOMINGO DR.'),
(476, 1186, 'CABRERA JOSE ANTONIO'),
(477, 1414, 'CABRERA JOSE ANTONIO'),
(478, 1414, 'CABRER CORONEL'),
(479, 1437, 'CACIQUE'),
(480, 1407, 'CACHEUTA'),
(481, 1437, 'CACHI'),
(482, 1431, 'CADIZ'),
(483, 1439, 'CAFAYATE'),
(484, 1408, 'CAFAYATE  IMPAR '),
(485, 1440, 'CAFAYATE  IMPAR '),
(486, 1408, 'CAFAYATE  PAR '),
(487, 1440, 'CAFAYATE  PAR '),
(488, 1157, 'CAFFARENA AGUSTIN R.'),
(489, 1159, 'CAFFERATA FRANCISCO'),
(490, 1407, 'CAGLIARI'),
(491, 1407, 'CAJARAVILLA'),
(492, 1107, 'CALABRIA  ZONA PUERTO '),
(493, 1407, 'CALAZA JOSE MARIA'),
(494, 1406, 'CALCENA'),
(495, 1427, 'CALDAS'),
(496, 1408, 'CALDEN'),
(497, 1417, 'CALDERON DE LA BARCA PEDRO CNEL.'),
(498, 1419, 'CALDERON DE LA BARCA PEDRO CNEL.'),
(499, 1407, 'CALDERON DE LA BARCA PEDRO CNEL.'),
(500, 1416, 'CALFUCURA'),
(501, 1289, 'CALIFORNIA'),
(502, 1168, 'CALIFORNIA'),
(503, 1437, 'CALIFORNIA'),
(504, 1407, 'CALINGASTA'),
(505, 1439, 'CALOU JUAN P.'),
(506, 1230, 'CALVO CARLOS'),
(507, 1102, 'CALVO CARLOS'),
(508, 1429, 'CALZADILLA SANTIAGO'),
(509, 1024, 'CALLAO AVDA.'),
(510, 1022, 'CALLAO AVDA.'),
(511, 1023, 'CALLAO AVDA.'),
(512, 1406, 'CAMACUA'),
(513, 1414, 'CAMARGO'),
(514, 1407, 'CAMARONES'),
(515, 1416, 'CAMARONES'),
(516, 1408, 'CAMARONES'),
(517, 1407, 'CAMBIESES EUSTAQUIO'),
(518, 1406, 'CAMBIESES EUSTAQUIO'),
(519, 1160, 'CAMINITO'),
(520, 1431, 'CAMINO MIGUEL ANGEL'),
(521, 1407, 'CAMOATI'),
(522, 1416, 'CAMPANA'),
(523, 1406, 'CAMPANA'),
(524, 1417, 'CAMPANA'),
(525, 1419, 'CAMPANA'),
(526, 1414, 'CAMPICHUELO'),
(527, 1405, 'CAMPICHUELO'),
(528, 1427, 'CAMPILLO'),
(529, 1424, 'CAMPOS GASPAR'),
(530, 1425, 'CAMPOS LUIS MARIA AVDA.'),
(531, 1426, 'CAMPOS LUIS MARIA AVDA.'),
(532, 1428, 'CAMPOS LUIS MARIA AVDA.'),
(533, 1429, 'CAMPOS SALLES'),
(534, 1417, 'CANADA'),
(535, 1407, 'CANALEJAS'),
(536, 1406, 'CANALEJAS'),
(537, 1405, 'CANALEJAS'),
(538, 1414, 'CANARD BENJAMIN DR.'),
(539, 1407, 'CANDELARIA'),
(540, 1425, 'CANE MIGUEL'),
(541, 1107, 'CANGALLO  ZONA PUERTO '),
(542, 1408, 'CANGAYE'),
(543, 1128, 'CANTILO'),
(544, 1428, 'CANTILO INTENDENTE'),
(545, 1419, 'CANTILO JOSE LUIS'),
(546, 1408, 'CA#ADA DE GOMEZ'),
(547, 1440, 'CA#ADA DE GOMEZ'),
(548, 1439, 'CA#ADA DE GOMEZ'),
(549, 1439, 'CA#ONERA AMERICA'),
(550, 1414, 'CAÑUELAS'),
(551, 1431, 'CAPDEVILA'),
(552, 1424, 'CAPERUCITA'),
(553, 1009, 'CARABELAS'),
(554, 1406, 'CARABOBO AVDA.'),
(555, 1416, 'CARACAS'),
(556, 1406, 'CARACAS'),
(557, 1419, 'CARACAS'),
(558, 1417, 'CARACAS'),
(559, 1408, 'CARANDAY'),
(560, 1407, 'CARAPACHAY'),
(561, 1430, 'CARBAJAL'),
(562, 1426, 'CARBAJAL'),
(563, 1168, 'CARBONARI FRANCISCO COMANDANTE'),
(564, 1426, 'CARCANO RAMON J.'),
(565, 1172, 'CARCOVA DE LA'),
(566, 1440, 'CARDENAS CORONEL AVDA.'),
(567, 1407, 'CARDOSO'),
(568, 1439, 'CARHUE'),
(569, 1408, 'CARHUE  IMPAR '),
(570, 1440, 'CARHUE  IMPAR '),
(571, 1408, 'CARHUE  PAR '),
(572, 1440, 'CARHUE  PAR '),
(573, 1424, 'CARICANCHA'),
(574, 1440, 'CAROYA'),
(575, 1416, 'CARRANZA ADOLFO P.'),
(576, 1417, 'CARRANZA ADOLFO P.'),
(577, 1414, 'CARRANZA ANGEL JUSTINIANO'),
(578, 1425, 'CARRANZA ANGEL JUSTINIANO'),
(579, 1407, 'CARRANZA CARLOS'),
(580, 1407, 'CARRASCO'),
(581, 1407, 'CARRERAS SANTIAGO DE LAS'),
(582, 1406, 'CARRIEGO EVARISTO'),
(583, 1197, 'CARRIL'),
(584, 1419, 'CARRIL SALVADOR MARIA DEL'),
(585, 1416, 'CASAFOUST'),
(586, 1425, 'CASARES AVDA.'),
(587, 1408, 'CASCO'),
(588, 1439, 'CASCO HORACIO DR.'),
(589, 1152, 'CASEROS AVDA.'),
(590, 1264, 'CASEROS AVDA.'),
(591, 1263, 'CASEROS AVDA.'),
(592, 1424, 'CASTA#ARES AVDA.'),
(593, 1406, 'CASTA#ARES AVDA.'),
(594, 1407, 'CASTA#ARES AVDA.'),
(595, 1439, 'CASTA#ARES AVDA.'),
(596, 1428, 'CASTA#EDA'),
(597, 1406, 'CASTA#ON'),
(598, 1437, 'CASTA#ON'),
(599, 1407, 'CASTELAR EMILIO'),
(600, 1419, 'CASTELLANOS JOAQUIN'),
(601, 1031, 'CASTELLI'),
(602, 1032, 'CASTELLI'),
(603, 1425, 'CASTILLA RAMON MARISCAL'),
(604, 1414, 'CASTILLO'),
(605, 1406, 'CASTILLO JUAN DEL'),
(606, 1104, 'CASTILLO RAMON S. PRESIDENTE'),
(607, 1217, 'CASTRO'),
(608, 1237, 'CASTRO'),
(609, 1237, 'CASTRO BARROS'),
(610, 1178, 'CASTRO BARROS'),
(611, 1217, 'CASTRO BARROS'),
(612, 1408, 'CASTRO EMILIO AVDA.'),
(613, 1440, 'CASTRO EMILIO AVDA.'),
(614, 1407, 'CASTRO EMILIO AVDA.'),
(615, 1406, 'CASTRO JUAN DE'),
(616, 1107, 'CASTRO MANUEL ANTONIO  ZONA PUERTO '),
(617, 1407, 'CASTRO ROSALIA DE'),
(618, 1213, 'CATAMARCA'),
(619, 1231, 'CATAMARCA'),
(620, 1246, 'CATAMARCA'),
(621, 1440, 'CATANIA'),
(622, 1427, '14 DE JULIO'),
(623, 1430, '14 DE JULIO'),
(624, 1431, 'CATRIEL'),
(625, 1425, 'CAVIA'),
(626, 1290, 'CAYASTA'),
(627, 1428, 'CAZADORES'),
(628, 1405, 'CENTENARIO'),
(629, 1417, 'CEPEDA Y AHUMADA RODRIGO DE'),
(630, 1431, 'CERETTI'),
(631, 1291, 'CERRI DANIEL GRAL.'),
(632, 1168, 'CERRI DANIEL GRAL.'),
(633, 1429, 'CERRILLOS'),
(634, 1336, 'CERRITO'),
(635, 1309, 'CERRITO'),
(636, 1010, 'CERRITO'),
(637, 1407, 'CERVANTES'),
(638, 1419, 'CERVANTES'),
(639, 1417, 'CERVANTES'),
(640, 1425, 'CERVI#O'),
(641, 1427, 'CESPEDES'),
(642, 1426, 'CESPEDES'),
(643, 1077, 'CEVALLOS VIRREY'),
(644, 1135, 'CEVALLOS VIRREY'),
(645, 1064, '5 DE JULIO'),
(646, 1406, 'CIPOLLETTI'),
(647, 1430, 'CISNE'),
(648, 1416, 'CISNEROS VIRREY'),
(649, 1417, 'CITTADINI BASILIO'),
(650, 1428, 'CIUDAD DE LA PAZ'),
(651, 1426, 'CIUDAD DE LA PAZ'),
(652, 1429, 'CIUDAD DE LA PAZ'),
(653, 1280, 'CIUDAD DE SABADELL'),
(654, 1137, 'CIUDADELA'),
(655, 1431, 'CIVIT EMILIO'),
(656, 1426, 'CLAY'),
(657, 1406, 'COBO AVDA.'),
(658, 1424, 'COBO AVDA.'),
(659, 1064, 'COCHABAMBA'),
(660, 1252, 'COCHABAMBA'),
(661, 1150, 'COCHABAMBA'),
(662, 1148, 'COCHABAMBA'),
(663, 1408, 'COCHICO'),
(664, 1419, 'COCHRANE'),
(665, 1417, 'COGHLAN JUAN M.'),
(666, 1419, 'COLIGUE'),
(667, 1417, 'COLIQUEO'),
(668, 1437, 'COLMO ALFREDO'),
(669, 1425, 'COLOMBIA AVDA.'),
(670, 1034, 'COLOMBO CARLOS AMBROSIO PASAJE'),
(671, 1437, 'COLOMBO LEONI EDUARDO'),
(672, 1238, 'COLOMBRES'),
(673, 1177, 'COLOMBRES'),
(674, 1218, 'COLOMBRES'),
(675, 1437, 'COLONIA'),
(676, 1405, 'COLPAYO'),
(677, 1417, 'COLUMBIA'),
(678, 1407, 'COLLIVADINO PIO'),
(679, 1080, 'COMBATE DE LOS POZOS'),
(680, 1079, 'COMBATE DE LOS POZOS'),
(681, 1222, 'COMBATE DE LOS POZOS'),
(682, 1245, 'COMBATE DE LOS POZOS'),
(683, 1439, 'COMBATE DE SAN CARLOS'),
(684, 1407, 'COMPOSTELA SANTIAGO DE  VER SANTIAGO DE COMPOSTELA'),
(685, 1407, 'CONCORDIA'),
(686, 1419, 'CONCORDIA'),
(687, 1417, 'CONCORDIA'),
(688, 1406, 'CONDARCO'),
(689, 1417, 'CONDARCO'),
(690, 1416, 'CONDARCO'),
(691, 1428, 'CONDE'),
(692, 1430, 'CONDE'),
(693, 1426, 'CONDE'),
(694, 1437, 'CONDOR'),
(695, 1426, 'CONESA'),
(696, 1428, 'CONESA'),
(697, 1429, 'CONESA'),
(698, 1428, 'CONGRESO'),
(699, 1431, 'CONGRESO'),
(700, 1430, 'CONGRESO'),
(701, 1290, 'CONI EMILIO R. DOCTOR'),
(702, 1431, 'CONSTANTINOPLA'),
(703, 1254, 'CONSTITUCION'),
(704, 1151, 'CONSTITUCION'),
(705, 1414, 'CONVENCION'),
(706, 1284, 'COOPERACION'),
(707, 1274, 'COPAHUE'),
(708, 1425, 'COPERNICO'),
(709, 1439, 'CORBETA AGREABLE'),
(710, 1439, 'CORBETA BELFAST'),
(711, 1104, 'CORBETA URUGUAY'),
(712, 1120, 'CORDOBA AVDA.'),
(713, 1187, 'CORDOBA AVDA.'),
(714, 1188, 'CORDOBA AVDA.'),
(715, 1054, 'CORDOBA AVDA.'),
(716, 1055, 'CORDOBA AVDA.'),
(717, 1365, 'CORDOBA AVDA.'),
(718, 1372, 'CORDOBA AVDA.'),
(719, 1427, 'CORDOBA AVDA.'),
(720, 1414, 'CORDOBA AVDA.'),
(721, 1425, 'CORONADO MARTIN'),
(722, 1424, 'CORONDA'),
(723, 1439, 'CORRALES'),
(724, 1437, 'CORRALES'),
(725, 1429, 'CORREA'),
(726, 1107, 'CORREA BENITO TENIENTE DE FRAGATA'),
(727, 1407, 'CORREA GUILLERMO DOCTOR'),
(728, 1437, 'CORREA MORALES LUCIO'),
(729, 1426, 'CORREGIDORES'),
(730, 1194, 'CORRIENTES AVDA.'),
(731, 1193, 'CORRIENTES AVDA.'),
(732, 1195, 'CORRIENTES AVDA.'),
(733, 1046, 'CORRIENTES AVDA.'),
(734, 1042, 'CORRIENTES AVDA.'),
(735, 1045, 'CORRIENTES AVDA.'),
(736, 1043, 'CORRIENTES AVDA.'),
(737, 1324, 'CORRIENTES AVDA.'),
(738, 1327, 'CORRIENTES AVDA.'),
(739, 1356, 'CORRIENTES AVDA.'),
(740, 1398, 'CORRIENTES AVDA.'),
(741, 1366, 'CORRIENTES AVDA.'),
(742, 1314, 'CORRIENTES AVDA.'),
(743, 1378, 'CORRIENTES AVDA.'),
(744, 1317, 'CORRIENTES AVDA.'),
(745, 1361, 'CORRIENTES AVDA.'),
(746, 1427, 'CORRIENTES AVDA.'),
(747, 1414, 'CORRIENTES AVDA.'),
(748, 1407, 'CORRO CANONIGO MIGUEL CALIXTO DEL AVDA.'),
(749, 1281, 'CORTEJARENA JOSE A.'),
(750, 1437, 'CORTEJARENA JOSE A.'),
(751, 1440, 'CORTES GERONIMO'),
(752, 1407, 'CORTINA'),
(753, 1408, 'CORTINA'),
(754, 1419, 'CORTINA'),
(755, 1408, 'CORVALAN'),
(756, 1440, 'CORVALAN'),
(757, 1439, 'CORVALAN'),
(758, 1439, 'COSQUIN'),
(759, 1408, 'COSQUIN  IMPAR '),
(760, 1440, 'COSQUIN  IMPAR '),
(761, 1440, 'COSQUIN  PAR '),
(762, 1408, 'COSQUIN  PAR '),
(763, 1425, 'COSTA EDUARDO'),
(764, 1439, 'COSTAMAGNA SANTIAGO'),
(765, 1414, 'COSTA RICA'),
(766, 1176, 'COSTA RICA'),
(767, 1243, 'COTAGAITA'),
(768, 1440, 'COTOCOLLAO'),
(769, 1417, 'COUTO MIGUEL'),
(770, 1425, 'COUTURE EDUARDO JUAN'),
(771, 1424, 'CRAIG'),
(772, 1416, 'CRAINQUEVILLE'),
(773, 1428, 'CRAMER'),
(774, 1429, 'CRAMER'),
(775, 1426, 'CRAMER'),
(776, 1406, 'CRANWELL'),
(777, 1406, 'CRESPO'),
(778, 1437, 'CRESPO'),
(779, 1419, 'CRUZ DEL EJE'),
(780, 1279, 'CRUZ DEL SUD'),
(781, 1293, 'CRUZ OSVALDO AVDA.'),
(782, 1294, 'CRUZ OSVALDO AVDA.'),
(783, 1437, 'CRUZ OSVALDO AVDA.'),
(784, 1428, 'CUBA'),
(785, 1429, 'CUBA'),
(786, 1426, 'CUBA'),
(787, 1419, 'CUBAS JOSE'),
(788, 1416, 'CUCHA CUCHA'),
(789, 1405, 'CUCHA CUCHA'),
(790, 1416, 'CUENCA'),
(791, 1417, 'CUENCA'),
(792, 1419, 'CUENCA'),
(793, 1406, 'CUENCA'),
(794, 1417, 'CUERVO RUFINO JOSE'),
(795, 1406, 'CULPINA'),
(796, 1437, 'CULPINA'),
(797, 1431, 'CULLEN'),
(798, 1408, 'CUNEO FRANCISCO'),
(799, 1407, 'CUNNINGHAME GRAHAM ROBERTO'),
(800, 1439, 'CURA BROCHERO'),
(801, 1406, 'CURAPALIGUE'),
(802, 1405, 'CURIE AVDA.'),
(803, 1440, 'CURITYBA'),
(804, 1419, 'CURUPAYTI'),
(805, 1408, 'CURUZU CUATIA'),
(806, 1439, 'CUTER LUISITO'),
(807, 1440, 'CUYO'),
(808, 1408, 'CUZCO'),
(809, 1069, 'CHACABUCO'),
(810, 1321, 'CHACABUCO'),
(811, 1140, 'CHACABUCO'),
(812, 1424, 'CHACO'),
(813, 1417, 'CHAGAS CARLOS'),
(814, 1430, 'CHAJARI'),
(815, 1440, 'CHAMICAL'),
(816, 1425, 'CHARCAS'),
(817, 1427, 'CHARLONE'),
(818, 1437, 'CHARRUA'),
(819, 1407, 'CHASCOMUS'),
(820, 1440, 'CHASCOMUS'),
(821, 1427, 'CHASSAING'),
(822, 1408, 'CHAVEZ JORGE'),
(823, 1407, 'CHECOSLOVAQUIA'),
(824, 1426, 'CHENAUT INDALESIO GRAL. AVDA.'),
(825, 1259, 'CHICLANA AVDA.'),
(826, 1260, 'CHICLANA AVDA.'),
(827, 1437, 'CHICLANA AVDA.'),
(828, 1440, 'CHICOANA'),
(829, 1437, 'CHILAVERT MARTINIANO CNEL.'),
(830, 1439, 'CHILAVERT MARTINIANO CNEL.'),
(831, 1221, 'CHILE'),
(832, 1227, 'CHILE'),
(833, 1098, 'CHILE'),
(834, 1100, 'CHILE'),
(835, 1407, 'CHILECITO'),
(836, 1416, 'CHIMBORAZO'),
(837, 1431, 'CHINA'),
(838, 1417, 'CHIRIGUANOS'),
(839, 1406, 'CHIRIMAY'),
(840, 1407, 'CHIVILCOY'),
(841, 1419, 'CHIVILCOY'),
(842, 1417, 'CHIVILCOY'),
(843, 1427, 'CHORROARIN'),
(844, 1417, 'CHORROARIN'),
(845, 1417, 'CHUMBICHA'),
(846, 1284, 'CHUTRO PEDRO PROFESOR DR.'),
(847, 1437, 'CHUTRO PEDRO PROFESOR DR.'),
(848, 1407, 'D AMICIS EDMUNDO'),
(849, 1156, 'D ESPOSITO ARNALDO'),
(850, 1407, 'DAGUERRE'),
(851, 1290, 'DAMIANOVICH ELEODORO DR.'),
(852, 1242, 'DANEL'),
(853, 1407, 'DANTAS JULIO S.'),
(854, 1416, 'DANTAS JULIO S.'),
(855, 1407, 'DANTE'),
(856, 1437, 'DARACT AVDA.'),
(857, 1276, 'DARQUIER JUAN'),
(858, 1425, 'DARREGUEYRA'),
(859, 1414, 'DARWIN'),
(860, 1406, 'DAVILA'),
(861, 1107, 'DAVILA ADOLFO  ZONA PUERTO '),
(862, 1408, 'DA VINCI LEONARDO'),
(863, 1244, 'DEAN FUNES'),
(864, 1214, 'DEAN FUNES'),
(865, 1231, 'DEAN FUNES'),
(866, 1416, 'DEDICO DOMINGO AGENTE'),
(867, 1065, 'DEFENSA'),
(868, 1345, 'DEFENSA'),
(869, 1143, 'DEFENSA'),
(870, 1430, 'DEHEZA'),
(871, 1429, 'DEHEZA'),
(872, 1437, 'DEKAY'),
(873, 1408, 'DE LA ECONOMIA'),
(874, 1103, 'DE LA FERIA'),
(875, 1424, 'DE LA INDUSTRIA'),
(876, 1407, 'DELAMBRE'),
(877, 1037, 'DE LA PIEDAD PASAJE'),
(878, 1424, 'DE LAS ARTES'),
(879, 1001, 'DE LAS CATALINAS'),
(880, 1300, 'DE LAS CATALINAS'),
(881, 1424, 'DE LAS CIENCIAS'),
(882, 1424, 'DE LAS GARANTIAS'),
(883, 1431, 'DE LA TECNICA'),
(884, 1437, 'DEL BA#ADO'),
(885, 1424, 'DEL BUEN ORDEN'),
(886, 1427, 'DEL CAMPO AVDA.'),
(887, 1019, 'DEL CARMEN'),
(888, 1439, 'DEL COLEGIO'),
(889, 1424, 'DEL COMERCIO'),
(890, 1426, 'DELGADO'),
(891, 1112, 'DEL LIBERTADOR AVDA.'),
(892, 1429, 'DEL LIBERTADOR AVDA.'),
(893, 1425, 'DEL LIBERTADOR AVDA.'),
(894, 1426, 'DEL LIBERTADOR AVDA.'),
(895, 1428, 'DEL LIBERTADOR AVDA.'),
(896, 1001, 'DEL LIBERTADOR AVDA.'),
(897, 1431, 'DE LOS CONSTITUYENTES AVDA.'),
(898, 1427, 'DE LOS CONSTITUYENTES AVDA.'),
(899, 1440, 'DE LOS CORRALES AVDA.'),
(900, 1426, 'DE LOS INCAS AVDA.'),
(901, 1427, 'DE LOS INCAS AVDA.'),
(902, 1104, 'DE LOS INMIGRANTES AVDA.'),
(903, 1107, 'DE LOS ITALIANOS AVDA.  ZONA PUERTO '),
(904, 1426, 'DE LOS OMBUES AVDA.'),
(905, 1414, 'DEL PARQUE'),
(906, 1424, 'DEL PROGRESO'),
(907, 1425, 'DEL SIGNO'),
(908, 1430, 'DEL TEJAR AVDA.'),
(909, 1428, 'DEL TEJAR AVDA.'),
(910, 1427, 'DEL TEMPLE'),
(911, 1437, 'DEL TIGRE'),
(912, 1439, 'DEL TRABAJO AVDA.'),
(913, 1407, 'DEL TRABAJO AVDA.'),
(914, 1406, 'DEL TRABAJO AVDA.'),
(915, 1160, 'DEL VALLE IBERLUCEA ENRIQUE DR.'),
(916, 1001, 'DELLA PAOLERA'),
(917, 1020, 'DELLEPIANE LUIS'),
(918, 1407, 'DELLEPIANE LUIS J. TTE. GENERAL  AUT. EZEIZA '),
(919, 1406, 'DELLEPIANE LUIS J. TTE. GENERAL  AUT. EZEIZA '),
(920, 1439, 'DELLEPIANE LUIS J. TTE. GENERAL  AUT. EZEIZA '),
(921, 1425, 'DEMARIA'),
(922, 1405, 'DEMARIA ISIDORO'),
(923, 1427, 'DEMARIA MARIANO'),
(924, 1417, 'DE MATURANA JOSE'),
(925, 1380, 'DE MAYO AVDA.'),
(926, 1319, 'DE MAYO AVDA.'),
(927, 1362, 'DE MAYO AVDA.'),
(928, 1084, 'DE MAYO AVDA.'),
(929, 1085, 'DE MAYO AVDA.'),
(930, 1407, 'DERQUI AVDA.'),
(931, 1439, 'DERQUI AVDA.'),
(932, 1419, 'DESAGUADERO'),
(933, 1417, 'DESAGUADERO'),
(934, 1417, 'DESEADO'),
(935, 1439, 'DE SIMONE VICENTE'),
(936, 1236, 'DEVOTO FORTUNATO'),
(937, 1035, 'DIAGONAL NORTE'),
(938, 1067, 'DIAGONAL SUD'),
(939, 1417, 'DIAMANTE'),
(940, 1439, 'DIAZ ANA'),
(941, 1424, 'DIAZ AVELINO'),
(942, 1406, 'DIAZ AVELINO'),
(943, 1407, 'DIAZ CESAR GENERAL'),
(944, 1416, 'DIAZ CESAR GENERAL'),
(945, 1431, 'DIAZ COLODREDO'),
(946, 1425, 'DIAZ CORONEL AVDA.'),
(947, 1200, 'DIAZ VELEZ AVDA.'),
(948, 1405, 'DIAZ VELEZ AVDA.'),
(949, 1416, 'DICKMAN ADOLFO DR.'),
(950, 1437, 'DIEZ DE MEDINA CLEMENTE'),
(951, 1416, 'DINAMARCA'),
(952, 1424, 'DIRECTORIO AVDA.'),
(953, 1407, 'DIRECTORIO AVDA.'),
(954, 1406, 'DIRECTORIO AVDA.'),
(955, 1177, 'DISCEPOLO ENRIQUE SANTOS'),
(956, 1424, 'DOBLAS'),
(957, 1416, '12 DE OCTUBRE'),
(958, 1407, 'DOLORES'),
(959, 1427, 'DONADO'),
(960, 1430, 'DONADO'),
(961, 1206, 'DON BOSCO'),
(962, 1407, 'DON CRISTOBAL'),
(963, 1407, 'DONIZETTI'),
(964, 1294, 'DON PEDRO DE MENDOZA AV.'),
(965, 1169, 'DON PEDRO DE MENDOZA AV.'),
(966, 1156, 'DON PEDRO DE MENDOZA AV.'),
(967, 1406, 'DON SEGUNDO SOMBRA'),
(968, 1414, 'DORREGO AVDA.'),
(969, 1425, 'DORREGO AVDA.'),
(970, 1439, '2 DE ABRIL DE 1982'),
(971, 1414, 'DRAGO LUIS MARIA'),
(972, 1428, 'DRAGONES'),
(973, 1437, 'DRUMOND'),
(974, 1419, 'DUARTE JUAN PABLO'),
(975, 1431, 'DUBLIN'),
(976, 1407, 'DUMAS ALEJANDRO'),
(977, 1426, 'DUMONT SANTOS'),
(978, 1427, 'DUMONT SANTOS'),
(979, 1408, 'DUPUY'),
(980, 1425, 'ECUADOR'),
(981, 1214, 'ECUADOR'),
(982, 1437, 'ECHAGUE CARLOS INGENIERO'),
(983, 1130, 'ECHAGUE PEDRO'),
(984, 1261, 'ECHAGUE PEDRO'),
(985, 1437, 'ECHAURI'),
(986, 1439, 'ECHEANDIA'),
(987, 1407, 'ECHEANDIA'),
(988, 1406, 'ECHEANDIA'),
(989, 1408, 'ECHENAGUCIA'),
(990, 1419, 'ECHEVARRIA VICENTE ANASTASIO DE'),
(991, 1430, 'ECHEVERRIA'),
(992, 1431, 'ECHEVERRIA'),
(993, 1428, 'ECHEVERRIA'),
(994, 1104, 'EDISON TOMAS A. AVDA.  ZONA PUERTO '),
(995, 1406, 'EGUIA MANUEL'),
(996, 1439, 'EGUIA OSVALDO DR.'),
(997, 1437, 'EINSTEIN ALBERTO'),
(998, 1416, 'EL ALFABETO'),
(999, 1407, 'EL ARAUCANO'),
(1000, 1424, 'EL ARTESANO'),
(1001, 1427, 'ELCANO AVDA.'),
(1002, 1426, 'ELCANO AVDA.'),
(1003, 1408, 'EL CARDENAL'),
(1004, 1408, 'EL CARPINTERO'),
(1005, 1437, 'EL CEIBO'),
(1006, 1407, 'EL CERRO'),
(1007, 1408, 'EL CONDOR'),
(1008, 1407, 'EL CRIOLLO'),
(1009, 1408, 'EL CHACHO'),
(1010, 1408, 'EL CHASQUE'),
(1011, 1416, 'EL DELTA'),
(1012, 1416, 'EL DOMADOR'),
(1013, 1419, 'EL FERROVIARIO PASAJE'),
(1014, 1419, 'EL FOGON'),
(1015, 1407, 'EL FUERTE'),
(1016, 1419, 'EL GAUCHO'),
(1017, 1408, 'EL HORNERO'),
(1018, 1437, 'ELIA'),
(1019, 1425, 'ELIZALDE RUFINO DE'),
(1020, 1425, 'EL LAZO'),
(1021, 1416, 'EL LITORAL'),
(1022, 1424, 'EL MAESTRO'),
(1023, 1416, 'EL METODO'),
(1024, 1408, 'EL MIRASOL'),
(1025, 1417, 'EL MISIONERO'),
(1026, 1408, 'EL NENE'),
(1027, 1416, 'EL #ANDU'),
(1028, 1417, 'EL PAMPERO'),
(1029, 1416, 'EL PEREGRINO'),
(1030, 1407, 'EL PROFETA DE LA PAMPA'),
(1031, 1417, 'EL QUIJOTE'),
(1032, 1408, 'EL RANCHO'),
(1033, 1408, 'EL RASTREADOR'),
(1034, 1408, 'EL RECADO'),
(1035, 1437, 'EL REFRAN'),
(1036, 1175, 'EL SALVADOR'),
(1037, 1414, 'EL SALVADOR'),
(1038, 1407, 'EL SAUCE'),
(1039, 1407, 'EL SERENO'),
(1040, 1407, 'EL TALA'),
(1041, 1408, 'EL TREBOL'),
(1042, 1416, 'EL TROVADOR'),
(1043, 1406, 'EL ZONDA'),
(1044, 1408, 'EL ZORZAL'),
(1045, 1417, 'EMPEDRADO'),
(1046, 1408, 'ENCINA CARLOS'),
(1047, 1407, 'ENSENADA'),
(1048, 1080, 'ENTRE RIOS AVDA.'),
(1049, 1134, 'ENTRE RIOS AVDA.'),
(1050, 1133, 'ENTRE RIOS AVDA.'),
(1051, 1419, 'EPECUEN'),
(1052, 1405, 'EPUYEN'),
(1053, 1440, 'ERASMO'),
(1054, 1408, 'ERCILLA'),
(1055, 1440, 'ERCILLA'),
(1056, 1437, 'EREZCANO'),
(1057, 1407, 'ESCALADA'),
(1058, 1439, 'ESCALADA'),
(1059, 1439, 'ESCALADA CELEDONIO COMANDANTE'),
(1060, 1407, 'ESCALADA DE SAN MARTIN REMEDIOS DE'),
(1061, 1416, 'ESCALADA DE SAN MARTIN REMEDIOS DE'),
(1062, 1414, 'ESCALADA DE SAN MARTIN REMEDIOS DE'),
(1063, 1419, 'ESCOBAR'),
(1064, 1405, 'ESCRIBANO'),
(1065, 1007, 'ESMERALDA'),
(1066, 1035, 'ESMERALDA'),
(1067, 1343, 'ESMERALDA'),
(1068, 1370, 'ESMERALDA'),
(1069, 1405, 'ESNAOLA'),
(1070, 1406, 'ESPARTACO'),
(1071, 1171, 'ESPARZA'),
(1072, 1406, 'ESPEJO GERONIMO GRAL.'),
(1073, 1407, 'ESPINILLO'),
(1074, 1406, 'ESPINOSA'),
(1075, 1405, 'ESPINOSA'),
(1076, 1427, 'ESPINOSA'),
(1077, 1416, 'ESPINOSA'),
(1078, 1417, 'ESPINOSA'),
(1079, 1408, 'ESPRONCEDA'),
(1080, 1419, 'ESPRONCEDA'),
(1081, 1261, 'ESQUEL'),
(1082, 1408, 'ESQUINA'),
(1083, 1437, 'ESQUIU'),
(1084, 1185, 'ESTADO DE ISRAEL'),
(1085, 1227, 'ESTADOS UNIDOS'),
(1086, 1228, 'ESTADOS UNIDOS'),
(1087, 1101, 'ESTADOS UNIDOS'),
(1088, 1408, 'ESTEVES SAGUI'),
(1089, 1437, 'ESTEVEZ JOSE INGENIERO'),
(1090, 1405, 'ESTIVAO'),
(1091, 1427, 'ESTOCOLMO'),
(1092, 1427, 'ESTOMBA'),
(1093, 1430, 'ESTOMBA'),
(1094, 1440, 'ESTONIA'),
(1095, 1424, 'ESTRADA'),
(1096, 1425, 'ESTRADA JUEZ'),
(1097, 1419, 'ESTRELLA FEDERAL'),
(1098, 1407, 'EUCLIDES'),
(1099, 1419, 'EZEIZA'),
(1100, 1417, 'EZEIZA GABINO'),
(1101, 1406, 'FABRE'),
(1102, 1408, 'FACUNDO'),
(1103, 1408, 'FADER FERNANDO'),
(1104, 1419, 'FAGNANO JOSE AVDA.'),
(1105, 1406, 'FALCON RAMON L. CNEL.'),
(1106, 1407, 'FALCON RAMON L. CNEL.'),
(1107, 1408, 'FALCON RAMON L. CNEL.'),
(1108, 1437, 'FALUCHO'),
(1109, 1439, 'FALUCHO SAN LUIS'),
(1110, 1419, 'FAMAILLA'),
(1111, 1437, 'FAMATINA'),
(1112, 1406, 'FARADAY'),
(1113, 1407, 'FECUNDIDAD'),
(1114, 1104, 'FELS PABLO CABO'),
(1115, 1407, 'FERNANDEZ'),
(1116, 1431, 'FERNANDEZ BLANCO'),
(1117, 1419, 'FERNANDEZ DE ENCISO'),
(1118, 1439, 'FERNANDEZ DE LA CRUZ FRANCISCO GRAL. AVDA.'),
(1119, 1437, 'FERNANDEZ DE LA CRUZ FRANCISCO GRAL. AVDA.'),
(1120, 1416, 'FERNANDEZ ESPIRO DIEGO'),
(1121, 1431, 'FERNANDEZ MACEDONIO'),
(1122, 1406, 'FERNANDEZ MORENO BALDOMERO'),
(1123, 1407, 'FERNANDEZ MORENO BALDOMERO'),
(1124, 1414, 'FERRARI'),
(1125, 1406, 'FERRARI ANTONINO M.'),
(1126, 1424, 'FERRARI ANTONINO M.'),
(1127, 1439, 'FERRE'),
(1128, 1437, 'FERRE'),
(1129, 1437, 'FERREYRA ANDRES'),
(1130, 1408, 'FERROCARRIL'),
(1131, 1112, 'FIGUEROA ALCORTA PRESIDENTE AVDA.'),
(1132, 1428, 'FIGUEROA ALCORTA PRESIDENTE AVDA.'),
(1133, 1425, 'FIGUEROA ALCORTA PRESIDENTE AVDA.'),
(1134, 1426, 'FIGUEROA ALCORTA PRESIDENTE AVDA.'),
(1135, 1416, 'FIGUEROA APOLINARIO CNEL.'),
(1136, 1414, 'FIGUEROA APOLINARIO CNEL.'),
(1137, 1134, 'FILIBERTO'),
(1138, 1440, 'FINLANDIA'),
(1139, 1405, 'FINLAY CARLOS J.'),
(1140, 1143, 'FINOCHIETTO ENRIQUE DR.'),
(1141, 1272, 'FINOCHIETTO ENRIQUE DR.'),
(1142, 1275, 'FINOCHIETTO ENRIQUE DR.'),
(1143, 1282, 'FINOCHIETTO ENRIQUE DR.'),
(1144, 1428, 'FITTE MARCELO J. DR.'),
(1145, 1414, 'FITZ ROY'),
(1146, 1425, 'FITZ ROY'),
(1147, 1431, 'FLOR DEL AIRE'),
(1148, 1440, 'FLORESTA'),
(1149, 1405, 'FLORES VENANCIO GRAL.'),
(1150, 1406, 'FLORES VENANCIO GRAL.'),
(1151, 1407, 'FLORES VENANCIO GRAL.'),
(1152, 1005, 'FLORIDA'),
(1153, 1375, 'FLORIDA'),
(1154, 1351, 'FLORIDA'),
(1155, 1333, 'FLORIDA'),
(1156, 1349, 'FLORIDA'),
(1157, 1313, 'FLORIDA'),
(1158, 1318, 'FLORIDA'),
(1159, 1334, 'FLORIDA'),
(1160, 1337, 'FLORIDA'),
(1161, 1439, 'FONROUGE'),
(1162, 1440, 'FONROUGE'),
(1163, 1408, 'FONROUGE'),
(1164, 1417, 'FONTANA LUIS JORGE CORONEL'),
(1165, 1427, 'FOREST AVDA.'),
(1166, 1430, 'FOREST AVDA.'),
(1167, 1424, 'FORMOSA'),
(1168, 1437, 'FOURNIER'),
(1169, 1427, 'FRAGA'),
(1170, 1440, 'FRAGATA CEFIRO'),
(1171, 1440, 'FRAGATA HALCON'),
(1172, 1440, 'FRAGATA HERCULES'),
(1173, 1440, 'FRAGATA LA ARGENTINA'),
(1174, 1439, 'FRAGATA MALDONADO'),
(1175, 1406, 'FRAGATA PTE. SARMIENTO'),
(1176, 1416, 'FRAGATA PTE. SARMIENTO'),
(1177, 1405, 'FRAGATA PTE. SARMIENTO'),
(1178, 1439, 'FRAGATA SARANDI'),
(1179, 1440, 'FRAGATA TRINIDAD'),
(1180, 1439, 'FRAGATA 25 DE MAYO'),
(1181, 1408, 'FRAGUEIRO'),
(1182, 1419, 'FRANCO'),
(1183, 1406, 'FRANKLIN'),
(1184, 1405, 'FRANKLIN'),
(1185, 1424, 'FRATERNIDAD'),
(1186, 1406, 'FRAY CAYETANO RODRIGUEZ'),
(1187, 1425, 'FRAY JUSTO SANTAMARIA DE ORO'),
(1188, 1414, 'FRAY JUSTO SANTAMARIA DE ORO'),
(1189, 1428, 'FREIRE RAMON CPTAN. GRAL.'),
(1190, 1429, 'FREIRE RAMON CPTAN. GRAL.'),
(1191, 1426, 'FREIRE RAMON CPTAN. GRAL.'),
(1192, 1125, 'FRENCH'),
(1193, 1425, 'FRENCH'),
(1194, 1425, 'FREYRE MARCELINO E. CNEL. AVDA.'),
(1195, 1414, 'FRIAS EUSTOQUIO TTE. GRAL.'),
(1196, 1405, 'GAINZA MARTIN DE GRAL.'),
(1197, 1407, 'GAITAN LUIS'),
(1198, 1431, 'GAITO CONSTANTINO'),
(1199, 1407, 'GALENO'),
(1200, 1043, 'GALERIA JUAN DE GARAY  SUBSUELO OBELISCO '),
(1201, 1043, 'GALERIA OBELISCO  SUBSUELO OBELISCO '),
(1202, 1414, 'GALICIA'),
(1203, 1416, 'GALICIA'),
(1204, 1407, 'GALICIA'),
(1205, 1425, 'GALILEO'),
(1206, 1431, 'GALVAN'),
(1207, 1155, 'GALVEZ MANUEL'),
(1208, 1408, 'GALLARDO'),
(1209, 1405, 'GALLARDO ANGEL AVDA.'),
(1210, 1240, 'GALLEGOS'),
(1211, 1172, 'GALLO'),
(1212, 1425, 'GALLO'),
(1213, 1439, 'GALLO DELFIN'),
(1214, 1431, 'GAMARRA'),
(1215, 1427, 'GAMARRA'),
(1216, 1408, 'GAMBOA MARCELO'),
(1217, 1408, 'GANA'),
(1218, 1431, 'GANDARA'),
(1219, 1414, 'GANDHI MAHATMA'),
(1220, 1416, 'GAONA AVDA.'),
(1221, 1405, 'GAONA AVDA.'),
(1222, 1407, 'GAONA AVDA.'),
(1223, 1153, 'GARAY JUAN DE AVDA.'),
(1224, 1063, 'GARAY JUAN DE AVDA.'),
(1225, 1256, 'GARAY JUAN DE AVDA.'),
(1226, 1416, 'GARCIA CEFERINO AGENTE'),
(1227, 1408, 'GARCIA DE COSSIO'),
(1228, 1431, 'GARCIA DEL RIO AVDA.'),
(1229, 1430, 'GARCIA DEL RIO AVDA.'),
(1230, 1429, 'GARCIA DEL RIO AVDA.'),
(1231, 1440, 'GARCIA GRANDE DE ZEQUEIRA SEVERO'),
(1232, 1407, 'GARCIA JUAN AGUSTIN'),
(1233, 1416, 'GARCIA JUAN AGUSTIN'),
(1234, 1408, 'GARCIA JUAN AGUSTIN'),
(1235, 1284, 'GARCIA MANUEL'),
(1236, 1428, 'GARCIA MANUEL J. ALMTE.'),
(1237, 1165, 'GARCIA MARTIN AVDA.'),
(1238, 1268, 'GARCIA MARTIN AVDA.'),
(1239, 1439, 'GARCIA PEDRO ANDRES CNEL.'),
(1240, 1427, 'GARCIA TEODORO'),
(1241, 1426, 'GARCIA TEODORO'),
(1242, 1215, 'GARDEL CARLOS'),
(1243, 1167, 'GARIBALDI'),
(1244, 1427, 'GARMENDIA'),
(1245, 1243, 'GARRO'),
(1246, 1406, 'GARZON EUGENIO GRAL.'),
(1247, 1407, 'GARZON EUGENIO GRAL.'),
(1248, 1440, 'GARZON EUGENIO GRAL.'),
(1249, 1181, 'GASCON'),
(1250, 1414, 'GASCON'),
(1251, 1406, 'GAVILAN'),
(1252, 1416, 'GAVILAN'),
(1253, 1419, 'GAVILAN'),
(1254, 1416, 'GAZETA DE BUENOS AIRES'),
(1255, 1425, 'GELLY'),
(1256, 1425, 'GELLY Y OBES GRAL. AVDA.'),
(1257, 1437, 'GENA'),
(1258, 1104, 'GENDARMERIA NACIONAL'),
(1259, 1417, 'GENOVA'),
(1260, 1431, 'GERCHUNOFF ALBERTO'),
(1261, 1408, 'GIBRALTAR'),
(1262, 1255, 'GIBSON'),
(1263, 1424, 'GIMENEZ ANGEL M.'),
(1264, 1431, 'GINEBRA'),
(1265, 1138, 'GIORELLO PABLO PASAJE'),
(1266, 1427, 'GIRARDOT'),
(1267, 1431, 'GIRIBONE'),
(1268, 1427, 'GIRIBONE'),
(1269, 1064, 'GIUFFRA JOSE MODESTO DR.'),
(1270, 1414, 'GODOY CRUZ'),
(1271, 1425, 'GODOY CRUZ'),
(1272, 1406, 'GODOY RUPERTO'),
(1273, 1439, 'GOLETA FORTUNA'),
(1274, 1439, 'GOLETA INVENCIBLE'),
(1275, 1439, 'GOLETA JULIA'),
(1276, 1439, 'GOLETA JULIET'),
(1277, 1439, 'GOLETA MANUELITA'),
(1278, 1439, 'GOLETA SANTA CRUZ'),
(1279, 1428, 'GOLFARINI JUAN ANGEL DR.'),
(1280, 1407, 'GOMEZ DE FONSECA'),
(1281, 1437, 'GOMEZ INDALECIO'),
(1282, 1282, 'GOMEZ JUAN CARLOS'),
(1283, 1424, 'GOMEZ SOMAVILLA JOAQUIN'),
(1284, 1046, 'GOMEZ VALENTIN'),
(1285, 1191, 'GOMEZ VALENTIN'),
(1286, 1276, 'GONCALVES DIAS'),
(1287, 1417, 'GONZALEZ AGUSTIN INGENIERO'),
(1288, 1417, 'GONZALEZ CATAN'),
(1289, 1408, 'GONZALEZ CHAVES'),
(1290, 1408, 'GONZALEZ ELPIDIO'),
(1291, 1407, 'GONZALEZ ELPIDIO'),
(1292, 1407, 'GONZALEZ JOAQUIN V.'),
(1293, 1417, 'GONZALEZ JOAQUIN V.'),
(1294, 1419, 'GONZALEZ JOAQUIN V.'),
(1295, 1425, 'GONZALEZ JULIO VICTOR'),
(1296, 1406, 'GONZALEZ ROQUE'),
(1297, 1408, 'GORDILLO JOSE OLEGARIO CORONEL'),
(1298, 1439, 'GORDILLO TIMOTEO'),
(1299, 1440, 'GORDILLO TIMOTEO'),
(1300, 1408, 'GORDILLO TIMOTEO'),
(1301, 1426, 'GOROSTIAGA'),
(1302, 1172, 'GORRITI'),
(1303, 1414, 'GORRITI'),
(1304, 1407, 'GOYA'),
(1305, 1406, 'GOYENA PEDRO AVDA.'),
(1306, 1424, 'GOYENA PEDRO AVDA.'),
(1307, 1437, 'GRAMAJO GUTIERREZ ALFREDO'),
(1308, 1416, 'GRANADA NICOLAS'),
(1309, 1408, 'GRANADA NICOLAS CNEL.'),
(1310, 1406, 'GRANADEROS'),
(1311, 1439, 'GRANDOLI MARTIN'),
(1312, 1429, 'GRECIA'),
(1313, 1437, 'GRITO DE ASENCIO'),
(1314, 1419, 'GRIVEO'),
(1315, 1408, 'GROUSSAC PAUL'),
(1316, 1437, 'GUAL'),
(1317, 1157, 'GUALEGUAY'),
(1318, 1165, 'GUALEGUAY'),
(1319, 1265, 'GUALEGUAY'),
(1320, 1407, 'GUALEGUAYCHU'),
(1321, 1417, 'GUALEGUAYCHU'),
(1322, 1419, 'GUALEGUAYCHU'),
(1323, 1440, 'GUAMINI'),
(1324, 1439, 'GUAMINI'),
(1325, 1408, 'GUAMINI'),
(1326, 1274, 'GUANAHANI'),
(1327, 1437, 'GUARANI'),
(1328, 1439, 'GUARDIA NACIONAL'),
(1329, 1440, 'GUARDIA NACIONAL'),
(1330, 1408, 'GUARDIA NACIONAL'),
(1331, 1192, 'GUARDIA VIEJA'),
(1332, 1425, 'GUATEMALA'),
(1333, 1424, 'GUAYAQUIL'),
(1334, 1437, 'GUAYMALLEN'),
(1335, 1437, 'GUAYQUIRARO'),
(1336, 1429, 'GUAYRA'),
(1337, 1425, 'GUEMES'),
(1338, 1005, 'GUEMES GALERIA'),
(1339, 1408, 'GUEMES TORINO JORGE CADETE'),
(1340, 1426, 'GUERRICO INTENDENTE'),
(1341, 1439, 'GUERRICO MARTIN CONTRALMIRANTE'),
(1342, 1427, 'GUEVARA'),
(1343, 1016, 'GUIDO'),
(1344, 1119, 'GUIDO'),
(1345, 1425, 'GUIDO'),
(1346, 1416, 'GUIDO SPANO'),
(1347, 1408, 'GUIPUZCOA'),
(1348, 1428, 'GUIRALDES INTENDENTE'),
(1349, 1439, 'GUIRALDES RICARDO'),
(1350, 1425, 'GUISE'),
(1351, 1414, 'GURRUCHAGA'),
(1352, 1425, 'GURRUCHAGA'),
(1353, 1156, 'GUSTAVINO ENRIQUE'),
(1354, 1419, 'GUTENBERG'),
(1355, 1427, 'GUTENBERG'),
(1356, 1408, 'GUTIERREZ EDUARDO'),
(1357, 1425, 'GUTIERREZ JUAN MARIA'),
(1358, 1417, 'GUTIERREZ RICARDO'),
(1359, 1419, 'GUTIERREZ RICARDO'),
(1360, 1431, 'GUTTERO ALFREDO'),
(1361, 1427, 'GUZMAN'),
(1362, 1419, 'HABANA'),
(1363, 1407, 'HAITI'),
(1364, 1419, 'HALL BASILIO'),
(1365, 1431, 'HAMBURGO'),
(1366, 1417, 'HAWAI'),
(1367, 1406, 'HELGUERA'),
(1368, 1417, 'HELGUERA'),
(1369, 1416, 'HELGUERA'),
(1370, 1419, 'HELGUERA'),
(1371, 1430, 'HEREDIA'),
(1372, 1427, 'HEREDIA'),
(1373, 1439, 'HERMITTE ENRIQUE M. INGENIERO'),
(1374, 1164, 'HERNANDARIAS'),
(1375, 1165, 'HERNANDARIAS'),
(1376, 1426, 'HERNANDEZ JOSE'),
(1377, 1428, 'HERNANDEZ RAFAEL'),
(1378, 1295, 'HERRERA'),
(1379, 1273, 'HERRERA'),
(1380, 1439, 'HICKEN CRISTOBAL M.'),
(1381, 1405, 'HIDALGO'),
(1382, 1414, 'HIDALGO'),
(1383, 1419, 'HIDALGO BARTOLOME'),
(1384, 1407, 'HINOJO'),
(1385, 1427, 'HOLMBERG'),
(1386, 1430, 'HOLMBERG'),
(1387, 1407, 'HOMERO'),
(1388, 1439, 'HOMERO'),
(1389, 1180, 'HONDURAS'),
(1390, 1414, 'HONDURAS'),
(1391, 1154, 'HORNOS GENERAL'),
(1392, 1272, 'HORNOS GENERAL'),
(1393, 1406, 'HORTIGUERA'),
(1394, 1406, 'HUALFIN'),
(1395, 1424, 'HUALFIN'),
(1396, 1407, 'HUBAC'),
(1397, 1439, 'HUBAC'),
(1398, 1439, 'HUDSON'),
(1399, 1439, 'HUDSON GUILLERMO'),
(1400, 1405, 'HUEMUL'),
(1401, 1426, 'HUERGO'),
(1402, 1107, 'HUERGO INGENIERO AVDA.'),
(1403, 1034, 'HUERGO PASAJE'),
(1404, 1407, 'HUGO VICTOR'),
(1405, 1408, 'HUGO VICTOR'),
(1406, 1419, 'HUGO VICTOR'),
(1407, 1192, 'HUMAHUACA'),
(1408, 1191, 'HUMAHUACA'),
(1409, 1408, 'HUMAITA'),
(1410, 1103, 'HUMBERTO I '),
(1411, 1229, 'HUMBERTO I '),
(1412, 1425, 'HUMBOLDT'),
(1413, 1414, 'HUMBOLDT'),
(1414, 1407, 'HUNGRIA'),
(1415, 1428, 'HUSARES'),
(1416, 1439, 'IBA#EZ'),
(1417, 1408, 'IBARROLA'),
(1418, 1419, 'IBARROLA RODRIGO DE'),
(1419, 1430, 'IBERA'),
(1420, 1431, 'IBERA'),
(1421, 1429, 'IBERA'),
(1422, 1274, 'ICALMA'),
(1423, 1424, 'IGUALDAD'),
(1424, 1437, 'IGUAZU'),
(1425, 1177, 'INCA'),
(1426, 1258, 'INCLAN'),
(1427, 1099, 'INDEPENDENCIA AVDA.'),
(1428, 1100, 'INDEPENDENCIA AVDA.'),
(1429, 1226, 'INDEPENDENCIA AVDA.'),
(1430, 1417, 'INDIO'),
(1431, 1416, 'INGENIEROS JOSE'),
(1432, 1417, 'INGLATERRA'),
(1433, 1408, 'I#IGO CARRERA SEGUNDO'),
(1434, 1164, 'IRALA'),
(1435, 1163, 'IRALA'),
(1436, 1425, 'IRAOLA AVDA.'),
(1437, 1291, 'IRIARTE'),
(1438, 1437, 'IRIARTE'),
(1439, 1407, 'IRIGOYEN'),
(1440, 1408, 'IRIGOYEN'),
(1441, 1072, 'IRIGOYEN BERNARDO DE'),
(1442, 1304, 'IRIGOYEN BERNARDO DE'),
(1443, 1379, 'IRIGOYEN BERNARDO DE'),
(1444, 1138, 'IRIGOYEN BERNARDO DE'),
(1445, 1437, 'IRIGOYEN SANTOS'),
(1446, 1429, 'IRLANDA'),
(1447, 1425, 'ISABEL INFANTA AVDA.'),
(1448, 1271, 'ISABEL LA CATOLICA'),
(1449, 1269, 'ISABEL LA CATOLICA'),
(1450, 1268, 'ISABEL LA CATOLICA'),
(1451, 1406, 'ITALIA'),
(1452, 1437, 'ITAQUI'),
(1453, 1439, 'ITAQUI'),
(1454, 1427, 'ITURRI'),
(1455, 1141, 'ITUZAINGO'),
(1456, 1272, 'ITUZAINGO'),
(1457, 1407, 'JACARANDA'),
(1458, 1408, 'JACQUES AMADEO'),
(1459, 1417, 'JACHAL'),
(1460, 1437, 'JANER ANA MARIA'),
(1461, 1238, 'JANTIN JUAN BAUTISTA'),
(1462, 1431, 'JARAMILLO'),
(1463, 1430, 'JARAMILLO'),
(1464, 1429, 'JARAMILLO'),
(1465, 1425, 'JAURES JEAN'),
(1466, 1215, 'JAURES JEAN'),
(1467, 1288, 'JENNER'),
(1468, 1427, 'JEREZ PEDRO DE'),
(1469, 1275, 'JORGE'),
(1470, 1267, 'JOVELLANOS MELCHOR GASPAR DE'),
(1471, 1269, 'JOVELLANOS MELCHOR GASPAR DE'),
(1472, 1268, 'JOVELLANOS MELCHOR GASPAR DE'),
(1473, 1437, 'JUANA DE ARCO'),
(1474, 1416, 'JUAN JACOBO  VER ROUSSEAU '),
(1475, 1417, 'JUAREZ BENITO'),
(1476, 1407, 'JUAREZ BENITO'),
(1477, 1419, 'JUAREZ BENITO'),
(1478, 1414, 'JUFRE'),
(1479, 1247, 'JUJUY'),
(1480, 1229, 'JUJUY'),
(1481, 1083, 'JUJUY'),
(1482, 1425, 'JUNCAL'),
(1483, 1062, 'JUNCAL'),
(1484, 1125, 'JUNCAL'),
(1485, 1116, 'JUNCAL'),
(1486, 1113, 'JUNIN'),
(1487, 1026, 'JUNIN'),
(1488, 1406, 'JUNTA  VER PRIMERA JUNTA '),
(1489, 1407, 'JUNTA  VER PRIMERA JUNTA '),
(1490, 1440, 'JUNTA  VER PRIMERA JUNTA '),
(1491, 1431, 'JURAMENTO'),
(1492, 1430, 'JURAMENTO'),
(1493, 1428, 'JURAMENTO'),
(1494, 1156, 'JUSTO AGUSTIN P. GENERAL'),
(1495, 1425, 'JUSTO JUAN B. AVDA.'),
(1496, 1414, 'JUSTO JUAN B. AVDA.'),
(1497, 1416, 'JUSTO JUAN B. AVDA.'),
(1498, 1407, 'JUSTO JUAN B. AVDA.'),
(1499, 1408, 'JUSTO JUAN B. AVDA.'),
(1500, 1199, 'KING'),
(1501, 1407, 'KORN ALEJANDRO DR.'),
(1502, 1439, 'KRAUSE JULIO ING.'),
(1503, 1437, 'LABARDEN  VER LAVARDEN '),
(1504, 1419, 'LA BLANQUEADA'),
(1505, 1416, 'LA CALANDRIA'),
(1506, 1424, 'LA CAPITAL'),
(1507, 1437, 'LACARRA'),
(1508, 1407, 'LACARRA'),
(1509, 1408, 'LA CAUTIVA'),
(1510, 1416, 'LA COMUNA'),
(1511, 1408, 'LA CONQUISTA'),
(1512, 1437, 'LA CONSTANCIA'),
(1513, 1407, 'LA CORDILLERA'),
(1514, 1427, 'LACROZE FEDERICO AVDA.'),
(1515, 1426, 'LACROZE FEDERICO AVDA.'),
(1516, 1408, 'LA DILIGENCIA'),
(1517, 1419, 'LADINES'),
(1518, 1416, 'LA ESPIGA'),
(1519, 1407, 'LA FACULTAD'),
(1520, 1286, 'LAFAYETTE'),
(1521, 1406, 'LAFERRERE GREGORIO DE'),
(1522, 1407, 'LAFERRERE GREGORIO DE'),
(1523, 1440, 'LAFERRERE GREGORIO DE'),
(1524, 1425, 'LAFINUR'),
(1525, 1419, 'LAFOND GABRIEL'),
(1526, 1107, 'LAFONE QUEVEDO SAMUEL  ZONA PUERTO '),
(1527, 1440, 'LA FONTAINE'),
(1528, 1416, 'LA FRONDA'),
(1529, 1406, 'LAFUENTE'),
(1530, 1437, 'LAFUENTE'),
(1531, 1406, 'LA GALERA'),
(1532, 1424, 'LA GARZA'),
(1533, 1431, 'LA GLORIA'),
(1534, 1437, 'LAGOS'),
(1535, 1408, 'LAGOS GARCIA LUIS'),
(1536, 1407, 'LAGRANGE'),
(1537, 1437, 'LAGUNA'),
(1538, 1431, 'LA HAYA'),
(1539, 1405, 'LAHITTE CARLOS'),
(1540, 1408, 'LA HUELLA'),
(1541, 1408, 'LA HUERTA'),
(1542, 1408, 'LA MADRESELVA'),
(1543, 1288, 'LAMADRID  VER ARAOZ DE LAMADRID GREGORIO GRAL. '),
(1544, 1166, 'LAMADRID  VER ARAOZ DE LAMADRID GREGORIO GRAL. '),
(1545, 1267, 'LAMADRID  VER ARAOZ DE LAMADRID GREGORIO GRAL. '),
(1546, 1279, 'LAMADRID  VER ARAOZ DE LAMADRID GREGORIO GRAL. '),
(1547, 1424, 'LA MAR'),
(1548, 1419, 'LAMARCA EMILIO'),
(1549, 1417, 'LAMARCA EMILIO'),
(1550, 1407, 'LAMARCA EMILIO'),
(1551, 1416, 'LA MAREA'),
(1552, 1406, 'LAMAS ANDRES'),
(1553, 1185, 'LAMBARE'),
(1554, 1439, 'LA MESOPOTAMIA'),
(1555, 1424, 'LA NAVE'),
(1556, 1437, 'LANCHEROS DEL PLATA'),
(1557, 1274, 'LANIN'),
(1558, 1407, 'LA NI#A'),
(1559, 1406, 'LANUS'),
(1560, 1437, 'LANZA'),
(1561, 1416, 'LAPACHO'),
(1562, 1431, 'LA PAMPA'),
(1563, 1430, 'LA PAMPA'),
(1564, 1428, 'LA PAMPA'),
(1565, 1407, 'LA PINTA'),
(1566, 1417, 'LAPLACE'),
(1567, 1437, 'LA PLATA AVDA.'),
(1568, 1184, 'LA PLATA AVDA.'),
(1569, 1235, 'LA PLATA AVDA.'),
(1570, 1250, 'LA PLATA AVDA.'),
(1571, 1406, 'LA PORTE#A'),
(1572, 1425, 'LAPRIDA'),
(1573, 1187, 'LAPRIDA'),
(1574, 1440, 'LA QUENA'),
(1575, 1107, 'LA RABIDA NORTE AVDA.'),
(1576, 1107, 'LA RABIDA SUR AVDA.'),
(1577, 1408, 'LARGUIA CARLOS CADETE'),
(1578, 1214, 'LA RIOJA'),
(1579, 1221, 'LA RIOJA'),
(1580, 1244, 'LA RIOJA'),
(1581, 1439, 'LA ROSA'),
(1582, 1431, 'LARRALDE CRISOLOGO'),
(1583, 1429, 'LARRALDE CRISOLOGO'),
(1584, 1430, 'LARRALDE CRISOLOGO'),
(1585, 1407, 'LARRA#AGA DAMASO'),
(1586, 1440, 'LARRAYA'),
(1587, 1439, 'LARRAYA'),
(1588, 1408, 'LARRAZABAL AVDA.'),
(1589, 1439, 'LARRAZABAL AVDA.'),
(1590, 1440, 'LARRAZABAL AVDA.'),
(1591, 1117, 'LARREA'),
(1592, 1030, 'LARREA'),
(1593, 1407, 'LARROQUE DE ROFFO ELENA'),
(1594, 1419, 'LARSEN'),
(1595, 1407, 'LAS ACACIAS'),
(1596, 1407, 'LA SANTA MARIA'),
(1597, 1408, 'LAS BASES'),
(1598, 1408, 'LASCANO'),
(1599, 1417, 'LASCANO'),
(1600, 1416, 'LASCANO'),
(1601, 1238, 'LAS CASAS'),
(1602, 1417, 'LAS COLONIAS'),
(1603, 1407, 'LA SELVA'),
(1604, 1427, 'LAS FLORES'),
(1605, 1127, 'LAS HERAS GENERAL AVDA.'),
(1606, 1425, 'LAS HERAS GENERAL AVDA.'),
(1607, 1018, 'LAS HERAS GENERAL AVDA.'),
(1608, 1427, 'LAS INDIAS'),
(1609, 1437, 'LAS PALMAS'),
(1610, 1416, 'LAS PROVINCIAS'),
(1611, 1440, 'LASSERRE AUGUSTO ALTE.'),
(1612, 1419, 'LASTRA AVDA.'),
(1613, 1408, 'LAS TUNAS'),
(1614, 1437, 'LA TRILLA'),
(1615, 1417, 'LAURELES ARGENTINOS'),
(1616, 1407, 'LAUSANA'),
(1617, 1406, 'LAUTARO'),
(1618, 1275, 'LAVADERO'),
(1619, 1419, 'LAVAISSE BENJAMIN J.'),
(1620, 1047, 'LAVALLE'),
(1621, 1052, 'LAVALLE'),
(1622, 1048, 'LAVALLE'),
(1623, 1051, 'LAVALLE'),
(1624, 1354, 'LAVALLE'),
(1625, 1367, 'LAVALLE'),
(1626, 1325, 'LAVALLE'),
(1627, 1306, 'LAVALLE'),
(1628, 1371, 'LAVALLE'),
(1629, 1390, 'LAVALLE'),
(1630, 1387, 'LAVALLE'),
(1631, 1190, 'LAVALLE'),
(1632, 1414, 'LAVALLEJA'),
(1633, 1437, 'LAVARDEN'),
(1634, 1107, 'LAVAYSSE BENJAMIN'),
(1635, 1431, 'LAVOISIER'),
(1636, 1437, 'LEBENSOHN MOISES'),
(1637, 1430, 'LE BRETON TOMAS A.'),
(1638, 1431, 'LE BRETON TOMAS A.'),
(1639, 1431, 'LEGUIZAMON HONORIO DR.'),
(1640, 1439, 'LEGUIZAMON MARTINIANO'),
(1641, 1440, 'LEGUIZAMON MARTINIANO  IMP. '),
(1642, 1408, 'LEGUIZAMON MARTINIANO  IMPAR '),
(1643, 1440, 'LEGUIZAMON MARTINIANO  PAR '),
(1644, 1408, 'LEGUIZAMON MARTINIANO  PAR '),
(1645, 1408, 'LEGUIZAMON ONESIMO'),
(1646, 1417, 'LEIPZIG'),
(1647, 1427, 'LEIVA'),
(1648, 1427, 'LEMOS JUAN GREGORIO GRAL.'),
(1649, 1416, 'LEON BERNARDO DE'),
(1650, 1408, 'LEONES'),
(1651, 1407, 'LEOPARDI'),
(1652, 1407, 'LEVALLE NICOLAS TTE. GRAL.'),
(1653, 1425, 'LEVENE RICARDO DR.'),
(1654, 1425, 'LEVILLIER ROBERTO DR.'),
(1655, 1202, 'LEZICA'),
(1656, 1016, 'LIBERTAD'),
(1657, 1012, 'LIBERTAD'),
(1658, 1156, 'LIBERTI TOMAS'),
(1659, 1165, 'LIBERTI TOMAS'),
(1660, 1265, 'LIBERTI TOMAS'),
(1661, 1183, 'LIBRES'),
(1662, 1405, 'LILLO AVDA.'),
(1663, 1138, 'LIMA'),
(1664, 1073, 'LIMA'),
(1665, 1419, 'LINCOLN AVDA.'),
(1666, 1174, 'LINIERS VIRREY'),
(1667, 1241, 'LINIERS VIRREY'),
(1668, 1416, 'LINNEO'),
(1669, 1408, 'LISBOA'),
(1670, 1408, 'LISTA RAMON CORONEL'),
(1671, 1417, 'LISTA RAMON CORONEL'),
(1672, 1431, 'LITUANIA'),
(1673, 1431, 'LIVERPOOL'),
(1674, 1407, 'LOBERIA'),
(1675, 1407, 'LOBOS'),
(1676, 1405, 'LOBOS ELEODORO DR.'),
(1677, 1439, 'LOGRO#O'),
(1678, 1417, 'LOMAS DE ZAMORA'),
(1679, 1431, 'LONDRES'),
(1680, 1417, 'LOPE DE VEGA'),
(1681, 1407, 'LOPE DE VEGA'),
(1682, 1419, 'LOPE DE VEGA'),
(1683, 1431, 'LOPEZ BUCHARDO CARLOS'),
(1684, 1439, 'LOPEZ CANDIDO'),
(1685, 1419, 'LOPEZ CARLOS ANTONIO'),
(1686, 1419, 'LOPEZ JUAN PABLO'),
(1687, 1425, 'LOPEZ VICENTE'),
(1688, 1018, 'LOPEZ VICENTE'),
(1689, 1128, 'LOPEZ VICENTE'),
(1690, 1417, 'LOPEZ VICENTE FIDEL'),
(1691, 1405, 'LORA FELIX'),
(1692, 1437, 'LOREA ISIDRO'),
(1693, 1426, 'LORETO VIRREY'),
(1694, 1427, 'LORETO VIRREY'),
(1695, 1173, 'LORIA  VER SANCHEZ DE LORIA '),
(1696, 1220, 'LORIA  VER SANCHEZ DE LORIA '),
(1697, 1241, 'LORIA  VER SANCHEZ DE LORIA '),
(1698, 1405, 'LOS ALPES'),
(1699, 1416, 'LOS ANDES'),
(1700, 1437, 'LOS PATOS'),
(1701, 1283, 'LOS PATOS'),
(1702, 1284, 'LOS PATOS'),
(1703, 1416, 'LOS PIRINEOS'),
(1704, 1408, 'LOS RECUERDOS'),
(1705, 1437, 'LOS TELARES'),
(1706, 1417, 'LOS TERRITORIOS'),
(1707, 1414, 'LOYOLA'),
(1708, 1417, 'LOZANO PEDRO'),
(1709, 1408, 'LOZANO PEDRO'),
(1710, 1246, 'LUCA ESTEBAN DE'),
(1711, 1208, 'LUCERO'),
(1712, 1408, 'LUCHTER  SUR '),
(1713, 1437, 'LUGO'),
(1714, 1431, 'LUGONES'),
(1715, 1430, 'LUGONES'),
(1716, 1429, 'LUGONES LEOPOLDO AVDA.'),
(1717, 1428, 'LUGONES LEOPOLDO AVDA.'),
(1718, 1426, 'LUGONES LEOPOLDO AVDA.'),
(1719, 1425, 'LUGONES LEOPOLDO AVDA.'),
(1720, 1104, 'LUISONI ARTURO PEDRO MAYOR'),
(1721, 1294, 'LUJAN'),
(1722, 1437, 'LUNA'),
(1723, 1437, 'LUPPI ABRAHAM J.'),
(1724, 1440, 'LUXEMBURGO'),
(1725, 1280, 'LUZURIAGA'),
(1726, 1279, 'LUZURIAGA'),
(1727, 1437, 'LYNCH'),
(1728, 1417, 'LYNCH ARRIBALZAGA FELIX'),
(1729, 1417, 'LLAVALLOL'),
(1730, 1407, 'LLAVALLOL'),
(1731, 1419, 'LLAVALLOL'),
(1732, 1427, 'LLERENA'),
(1733, 1437, 'LLORENTE'),
(1734, 1405, 'MACIEL FRANCISCO ANTONIO'),
(1735, 1405, 'MACHADO ANTONIO'),
(1736, 1430, 'MACHAIN'),
(1737, 1431, 'MADARIAGA'),
(1738, 1290, 'MADERA JUAN DR.'),
(1739, 1437, 'MADERNA FRANCISCO'),
(1740, 1408, 'MADERO'),
(1741, 1106, 'MADERO EDUARDO AVDA.'),
(1742, 1408, 'MADRID'),
(1743, 1286, 'MAGALDI AGUSTIN'),
(1744, 1288, 'MAGALLANES'),
(1745, 1166, 'MAGALLANES'),
(1746, 1416, 'MAGARI#OS CERVANTES ALEJANDRO'),
(1747, 1407, 'MAGARI#OS CERVANTES ALEJANDRO'),
(1748, 1408, 'MAGARI#OS CERVANTES ALEJANDRO'),
(1749, 1417, 'MAGDALENA'),
(1750, 1437, 'MAGNAUD JUEZ'),
(1751, 1084, 'MAIPU'),
(1752, 1006, 'MAIPU'),
(1753, 1376, 'MAIPU'),
(1754, 1340, 'MAIPU'),
(1755, 1424, 'MAITEN'),
(1756, 1425, 'MALABIA'),
(1757, 1414, 'MALABIA'),
(1758, 1439, 'MALAGA'),
(1759, 1439, 'MALDONADO'),
(1760, 1429, 'MALHARRO MARTIN A.'),
(1761, 1439, 'MANAGUA'),
(1762, 1406, 'MANCO CAPAC'),
(1763, 1279, 'MANDISOVI'),
(1764, 1425, 'MANSILLA LUCIO NORBERTO GRAL.'),
(1765, 1121, 'MANSILLA LUCIO NORBERTO GRAL.'),
(1766, 1429, 'MANZANARES'),
(1767, 1431, 'MANZANARES'),
(1768, 1430, 'MANZANARES'),
(1769, 1407, 'MANZONI'),
(1770, 1437, 'MARACAIBO'),
(1771, 1406, 'MARCOARTU PASAJE'),
(1772, 1407, 'MAR DEL PLATA'),
(1773, 1437, 'MAR DULCE'),
(1774, 1183, 'MARMOL JOSE'),
(1775, 1255, 'MARMOL JOSE');
INSERT INTO `cp` (`codlocalidad`, `cp`, `localidad`) VALUES
(1776, 1236, 'MARMOL JOSE'),
(1777, 1431, 'MARSELLA'),
(1778, 1406, 'MARTI JOSE'),
(1779, 1437, 'MARTI JOSE'),
(1780, 1407, 'MARTINEZ CASTRO'),
(1781, 1437, 'MARTINEZ CASTRO'),
(1782, 1408, 'MARTINEZ DE HOZ'),
(1783, 1426, 'MARTINEZ ENRIQUE GRAL.'),
(1784, 1408, 'MARTINEZ JUAN ESTEBAN'),
(1785, 1417, 'MARTINEZ MATEO J.'),
(1786, 1406, 'MARTINEZ PLACIDO'),
(1787, 1414, 'MARTINEZ ROSAS'),
(1788, 1406, 'MARTINEZ VICTOR'),
(1789, 1104, 'MARTINEZ ZUVIRIA GUSTAVO DR.'),
(1790, 1408, 'MARTIN FIERRO'),
(1791, 1417, 'MARTIN PESCADOR'),
(1792, 1414, 'MASSON'),
(1793, 1407, 'MATACO'),
(1794, 1437, 'MATANZA'),
(1795, 1082, 'MATHEU'),
(1796, 1249, 'MATHEU'),
(1797, 1219, 'MATHEU'),
(1798, 1426, 'MATIENZO BENJAMIN TTE.'),
(1799, 1424, 'MATORRAS'),
(1800, 1437, 'MATORRAS DE SAN MARTIN GREGORIA'),
(1801, 1439, 'MATTEOTI GIACOMO'),
(1802, 1417, 'MATURANA JOSE DE'),
(1803, 1416, 'MATURIN'),
(1804, 1426, 'MAURE'),
(1805, 1427, 'MAURE'),
(1806, 1206, 'MAZA'),
(1807, 1240, 'MAZA'),
(1808, 1408, 'MBURUCUYA'),
(1809, 1279, 'MEANA BENITO CORONEL'),
(1810, 1416, 'MEDANOS'),
(1811, 1431, 'MEDEYROS'),
(1812, 1407, 'MEDINA'),
(1813, 1178, 'MEDRANO'),
(1814, 1179, 'MEDRANO'),
(1815, 1425, 'MEDRANO'),
(1816, 1293, 'MELGAR'),
(1817, 1430, 'MELIAN AVDA.'),
(1818, 1417, 'MELINCUE'),
(1819, 1408, 'MELINCUE'),
(1820, 1163, 'MELO CARLOS F.'),
(1821, 1407, 'MELO VIRREY'),
(1822, 1406, 'MEMBRILLAR'),
(1823, 1437, 'MENDEZ'),
(1824, 1426, 'MENDEZ AGUSTIN'),
(1825, 1405, 'MENDEZ DE ANDES'),
(1826, 1406, 'MENDEZ DE ANDES'),
(1827, 1428, 'MENDEZ NICANOR'),
(1828, 1430, 'MENDOZA'),
(1829, 1428, 'MENDOZA'),
(1830, 1431, 'MENDOZA'),
(1831, 1156, 'MENDOZA DON PEDRO DE AVDA.  VER DON PEDRO DE MENDO'),
(1832, 1169, 'MENDOZA DON PEDRO DE AVDA.  VER DON PEDRO DE MENDO'),
(1833, 1294, 'MENDOZA DON PEDRO DE AVDA.  VER DON PEDRO DE MENDO'),
(1834, 1407, 'MENENDEZ Y PELAYO'),
(1835, 1407, 'MERCEDES'),
(1836, 1419, 'MERCEDES'),
(1837, 1417, 'MERCEDES'),
(1838, 1240, 'METAN'),
(1839, 1097, 'MEXICO'),
(1840, 1100, 'MEXICO'),
(1841, 1222, 'MEXICO'),
(1842, 1223, 'MEXICO'),
(1843, 1416, 'MIGUEL ANGEL'),
(1844, 1426, 'MIGUELETES'),
(1845, 1428, 'MIGUELETES'),
(1846, 1416, 'MILAN'),
(1847, 1407, 'MILTON'),
(1848, 1430, 'MILLER'),
(1849, 1431, 'MILLER'),
(1850, 1426, 'MI#ONES'),
(1851, 1428, 'MI#ONES'),
(1852, 1406, 'MIRAFLORES'),
(1853, 1439, 'MIRALLA'),
(1854, 1440, 'MIRALLA'),
(1855, 1408, 'MIRALLA'),
(1856, 1407, 'MIRAMAR'),
(1857, 1407, 'MIRANDA'),
(1858, 1408, 'MIRANDA'),
(1859, 1284, 'MIRAVE'),
(1860, 1281, 'MIRAVE'),
(1861, 1437, 'MIRAVE'),
(1862, 1437, 'MIRI#AY'),
(1863, 1406, 'MIRO'),
(1864, 1083, 'MISIONES'),
(1865, 1419, 'MISTRAL GABRIELA'),
(1866, 1201, 'MITRE BARTOLOME'),
(1867, 1346, 'MITRE BARTOLOME'),
(1868, 1357, 'MITRE BARTOLOME'),
(1869, 1342, 'MITRE BARTOLOME'),
(1870, 1312, 'MITRE BARTOLOME'),
(1871, 1039, 'MITRE BARTOLOME'),
(1872, 1036, 'MITRE BARTOLOME'),
(1873, 1037, 'MITRE BARTOLOME'),
(1874, 1424, 'MITRE EMILIO'),
(1875, 1107, 'MITRE Y VEDIA BARTOLOME'),
(1876, 1437, 'MOCORETA'),
(1877, 1407, 'MOCTEZUMA'),
(1878, 1417, 'MOHR ALEJANDRO F.'),
(1879, 1428, 'MOLDES'),
(1880, 1429, 'MOLDES'),
(1881, 1407, 'MOLIERE'),
(1882, 1419, 'MOLIERE'),
(1883, 1408, 'MOLIERE'),
(1884, 1440, 'MOLINA'),
(1885, 1408, 'MOLINA'),
(1886, 1419, 'MOLINA ARROTEA CARLOS'),
(1887, 1437, 'MOM'),
(1888, 1428, 'MOM POLICARPO'),
(1889, 1134, 'MOMPOX'),
(1890, 1417, 'MONACO'),
(1891, 1284, 'MONASTERIO'),
(1892, 1417, 'MONNER SANS RICARDO'),
(1893, 1428, 'MONROE'),
(1894, 1430, 'MONROE'),
(1895, 1427, 'MONTALVO FERNANDO DE'),
(1896, 1429, 'MONTA#ESES'),
(1897, 1428, 'MONTA#ESES'),
(1898, 1407, 'MONTE'),
(1899, 1440, 'MONTE'),
(1900, 1437, 'MONTEAGUDO'),
(1901, 1424, 'MONTE DINERO'),
(1902, 1427, 'MONTENEGRO'),
(1903, 1270, 'MONTES DE OCA MANUEL A. AVDA.'),
(1904, 1271, 'MONTES DE OCA MANUEL A. AVDA.'),
(1905, 1437, 'MONTESQUIEU'),
(1906, 1430, 'MONTES VICTORIANO E.'),
(1907, 1018, 'MONTEVIDEO'),
(1908, 1021, 'MONTEVIDEO'),
(1909, 1019, 'MONTEVIDEO'),
(1910, 1439, 'MONTIEL'),
(1911, 1408, 'MONTIEL'),
(1912, 1439, 'MONTREAL'),
(1913, 1425, 'MONTT PEDRO PRESIDENTE AVDA.'),
(1914, 1425, 'MORA FERNANDEZ JUAN'),
(1915, 1419, 'MORAN PEDRO'),
(1916, 1407, 'MOREL CARLOS'),
(1917, 1406, 'MORELOS'),
(1918, 1416, 'MORELOS'),
(1919, 1091, 'MORENO'),
(1920, 1093, 'MORENO'),
(1921, 1094, 'MORENO'),
(1922, 1209, 'MORENO'),
(1923, 1408, 'MORENO ENRIQUE B.'),
(1924, 1107, 'MORENO FRANCISCO P.  ZONA PUERTO '),
(1925, 1424, 'MORENO JOSE MARIA AVDA.'),
(1926, 1406, 'MORENO PERITO AVDA.'),
(1927, 1437, 'MORENO PERITO AVDA.'),
(1928, 1408, 'MORENO PERITO AVDA.'),
(1929, 1407, 'MORETO'),
(1930, 1427, 'MORLOTE'),
(1931, 1407, 'MORON'),
(1932, 1406, 'MORON'),
(1933, 1290, 'MORRIS WILLIAMS C.'),
(1934, 1234, 'MORSE'),
(1935, 1419, 'MOSCONI GENERAL AVDA.'),
(1936, 1427, 'MOSCU'),
(1937, 1162, 'MOUSSY'),
(1938, 1407, 'MOZART'),
(1939, 1437, 'MUJICA JOSE PIO'),
(1940, 1428, 'MUNICH'),
(1941, 1414, 'MU#ECAS'),
(1942, 1212, 'MU#IZ'),
(1943, 1255, 'MU#IZ'),
(1944, 1234, 'MU#IZ'),
(1945, 1407, 'MURATURE'),
(1946, 1414, 'MURCIA'),
(1947, 1408, 'MURGUIONDO'),
(1948, 1440, 'MURGUIONDO'),
(1949, 1439, 'MURGUIONDO'),
(1950, 1414, 'MURILLO'),
(1951, 1284, 'MUTUALISMO'),
(1952, 1440, 'MUZILLI CAROLINA'),
(1953, 1417, 'NACIONES UNIDAS'),
(1954, 1431, 'NAHUEL HUAPI'),
(1955, 1430, 'NAHUEL HUAPI'),
(1956, 1417, 'NAMUNCURA'),
(1957, 1439, 'NANKIN'),
(1958, 1406, 'NAON JUAN JOSE'),
(1959, 1430, 'NAON ROMULO S. DR.'),
(1960, 1431, 'NAPOLES'),
(1961, 1437, 'NATAL'),
(1962, 1419, 'NAVARRO'),
(1963, 1406, 'NAVARRO VIOLA MIGUEL'),
(1964, 1408, 'NAZARRE'),
(1965, 1417, 'NAZARRE'),
(1966, 1417, 'NAZCA AVDA.'),
(1967, 1419, 'NAZCA AVDA.'),
(1968, 1406, 'NAZCA AVDA.'),
(1969, 1416, 'NAZCA AVDA.'),
(1970, 1158, 'NECOCHEA'),
(1971, 1406, 'NEPPER'),
(1972, 1428, 'NEUMANN JUAN BAUTISTA PADRE  VER PADRE JUAN BAUTIS'),
(1973, 1406, 'NEUQUEN'),
(1974, 1405, 'NEUQUEN'),
(1975, 1417, 'NEVADA'),
(1976, 1426, 'NEWBERY JORGE'),
(1977, 1427, 'NEWBERY JORGE'),
(1978, 1425, 'NEWTON'),
(1979, 1043, 'NEWTON FAUSTO R. ING.  PASAJE SUBTERRANEO '),
(1980, 1414, 'NICARAGUA'),
(1981, 1416, 'NIZA'),
(1982, 1107, 'NOEL CARLOS M. INTENDENTE  ZONA PUERTO '),
(1983, 1417, 'NOGOYA'),
(1984, 1408, 'NOGOYA'),
(1985, 1417, 'NORUEGA'),
(1986, 1419, 'NUEVA YORK'),
(1987, 1427, 'NUEVA ZELANDIA'),
(1988, 1332, '9 DE JULIO AVDA.'),
(1989, 1405, 'NUMANCIA'),
(1990, 1429, 'NU#EZ'),
(1991, 1430, 'NU#EZ'),
(1992, 1431, 'NU#EZ'),
(1993, 1182, 'NU#EZ ROBERTO'),
(1994, 1407, '#ANDUTI'),
(1995, 1437, 'O GORMAN'),
(1996, 1425, 'OBARRIO MANUEL'),
(1997, 1419, 'OBISPO SAN ALBERTO'),
(1998, 1426, 'OBLIGADO  VER VUELTA DE OBLIGADO '),
(1999, 1429, 'OBLIGADO  VER VUELTA DE OBLIGADO '),
(2000, 1428, 'OBLIGADO  VER VUELTA DE OBLIGADO '),
(2001, 1428, 'OBLIGADO RAFAEL AVDA. COSTANERA'),
(2002, 1425, 'OBLIGADO RAFAEL AVDA. COSTANERA'),
(2003, 1426, 'OBLIGADO RAFAEL AVDA. COSTANERA'),
(2004, 1137, 'O BRIEN'),
(2005, 1425, 'OCAMPO  VER ORTIZ DE OCAMPO '),
(2006, 1406, 'OCEANIA'),
(2007, 1437, 'OCHOA ENRIQUE'),
(2008, 1428, 'O\'HIGGINS'),
(2009, 1429, 'O\'HIGGINS'),
(2010, 1426, 'O\'HIGGINS'),
(2011, 1431, 'OHM'),
(2012, 1426, 'OLAGUER Y FELIU VIRREY'),
(2013, 1439, 'OLASCOAGA MANUEL JOSE CORONEL'),
(2014, 1162, 'OLAVARRIA'),
(2015, 1288, 'OLAVARRIA'),
(2016, 1281, 'OLAVARRIA'),
(2017, 1267, 'OLAVARRIA'),
(2018, 1440, 'OLAVARRIETA DIEGO DE'),
(2019, 1405, 'OLAYA'),
(2020, 1428, 'OLAZABAL'),
(2021, 1430, 'OLAZABAL'),
(2022, 1431, 'OLAZABAL'),
(2023, 1440, 'OLIDEN'),
(2024, 1439, 'OLIDEN'),
(2025, 1408, 'OLIDEN'),
(2026, 1407, 'OLIVERA AVDA.'),
(2027, 1407, 'OLIVIERI'),
(2028, 1440, 'OLIVOS'),
(2029, 1275, 'OLMOS AMBROSIO'),
(2030, 1407, 'OLMOS JUAN FRANCISCO'),
(2031, 1426, 'OLLEROS'),
(2032, 1427, 'OLLEROS'),
(2033, 1425, 'OMBU'),
(2034, 1426, '11 DE SEPTIEMBRE'),
(2035, 1428, '11 DE SEPTIEMBRE'),
(2036, 1429, '11 DE SEPTIEMBRE'),
(2037, 1408, 'OPORTO'),
(2038, 1408, 'ORIGONE MANUEL FELIX TTE.'),
(2039, 1286, 'ORMA'),
(2040, 1414, 'ORO  VER FRAY JUSTO SANTA MARIA DE ORO '),
(2041, 1425, 'ORO  VER FRAY JUSTO SANTA MARIA DE ORO '),
(2042, 1406, 'ORO#O NICASIO'),
(2043, 1416, 'ORO#O NICASIO'),
(2044, 1405, 'ORO#O NICASIO'),
(2045, 1405, 'ORTEGA'),
(2046, 1426, 'ORTEGA Y GASSET JOSE'),
(2047, 1406, 'ORTIZ CARLOS'),
(2048, 1425, 'ORTIZ DE OCAMPO'),
(2049, 1430, 'ORTIZ DE ZARATE RODRIGO'),
(2050, 1113, 'ORTIZ ROBERTO M. PRESIDENTE'),
(2051, 1220, 'ORURO'),
(2052, 1243, 'ORURO'),
(2053, 1405, 'OSAKA'),
(2054, 1427, 'OSLO'),
(2055, 1427, 'OSORIO'),
(2056, 1408, 'OSTENDE'),
(2057, 1405, 'OTAMENDI'),
(2058, 1427, 'OTERO'),
(2059, 1419, 'OTTAWA'),
(2060, 1279, 'OWEN'),
(2061, 1439, 'OZANAM FEDERICO'),
(2062, 1431, 'PACHECO'),
(2063, 1425, 'PACHECO DE MELO JOSE ANDRES'),
(2064, 1126, 'PACHECO DE MELO JOSE ANDRES'),
(2065, 1414, 'PADILLA'),
(2066, 1430, 'PADILLA MANUEL'),
(2067, 1437, 'PADRE ENRIQUE CONTARDI'),
(2068, 1417, 'PADRE FAHY'),
(2069, 1167, 'PADRE FEDERICO GROTE'),
(2070, 1428, 'PADRE JUAN BAUTISTA NEUMAN'),
(2071, 1407, 'PADRE MONTES CARBALLO'),
(2072, 1407, 'PAEZ'),
(2073, 1406, 'PAEZ'),
(2074, 1419, 'PAGANO ANGELINA'),
(2075, 1437, 'PAGOLA CORONEL'),
(2076, 1439, 'PAILEBOT DAVISON'),
(2077, 1431, 'PALMA ATHOS'),
(2078, 1408, 'PALMAR'),
(2079, 1405, 'PALMA RICARDO'),
(2080, 1160, 'PALOS'),
(2081, 1426, 'PALPA'),
(2082, 1427, 'PALPA'),
(2083, 1407, 'PALLIERE JUAN LEON'),
(2084, 1429, 'PAMPA  VER LA PAMPA '),
(2085, 1428, 'PAMPA  VER LA PAMPA '),
(2086, 1431, 'PAMPA  VER LA PAMPA '),
(2087, 1185, 'PANAMA'),
(2088, 1275, 'PARACAS'),
(2089, 1350, 'PARAGUAY'),
(2090, 1425, 'PARAGUAY'),
(2091, 1121, 'PARAGUAY'),
(2092, 1057, 'PARAGUAY'),
(2093, 1062, 'PARAGUAY'),
(2094, 1061, 'PARAGUAY'),
(2095, 1302, 'PARANA'),
(2096, 1018, 'PARANA'),
(2097, 1017, 'PARANA'),
(2098, 1419, 'PAREJA'),
(2099, 1014, 'PARERA'),
(2100, 1408, 'PARIS'),
(2101, 1169, 'PARKER'),
(2102, 1429, 'PAROISSIEN'),
(2103, 1431, 'PAROISSIEN'),
(2104, 1430, 'PAROISSIEN'),
(2105, 1405, 'PARRAL'),
(2106, 1414, 'PARRAL'),
(2107, 1407, 'PARTICULAR PJE.'),
(2108, 1408, 'PARTICULAR PJE.'),
(2109, 1081, 'PASCO'),
(2110, 1219, 'PASCO'),
(2111, 1251, 'PASCO'),
(2112, 1323, 'PASEO COLON AVDA.'),
(2113, 1305, 'PASEO COLON AVDA.'),
(2114, 1399, 'PASEO COLON AVDA.'),
(2115, 1330, 'PASEO COLON AVDA.'),
(2116, 1063, 'PASEO COLON AVDA.'),
(2117, 1031, 'PASO'),
(2118, 1417, 'PASO DE LOS LIBRES'),
(2119, 1028, 'PASTEUR'),
(2120, 1282, 'PATAGONES'),
(2121, 1405, 'PATRICIAS ARGENTINAS AVDA.'),
(2122, 1265, 'PATRICIOS  VER REGIMIENTO DE PATRICIOS '),
(2123, 1266, 'PATRICIOS  VER REGIMIENTO DE PATRICIOS '),
(2124, 1408, 'PATRON'),
(2125, 1408, 'PAULA Y RODRIGUEZ ALVES JOSE DE'),
(2126, 1425, 'PAUNERO'),
(2127, 1248, 'PAVON'),
(2128, 1253, 'PAVON'),
(2129, 1151, 'PAVON'),
(2130, 1407, 'PAYRO ROBERTO J.'),
(2131, 1405, 'PAYSANDU'),
(2132, 1406, 'PAYSANDU'),
(2133, 1416, 'PAYSANDU'),
(2134, 1419, 'PAZ GENERAL AVDA.  PAR '),
(2135, 1439, 'PAZ GENERAL AVDA.  PAR '),
(2136, 1440, 'PAZ GENERAL AVDA.  PAR '),
(2137, 1429, 'PAZ GENERAL AVDA.  PAR '),
(2138, 1431, 'PAZ GENERAL AVDA.  PAR '),
(2139, 1408, 'PAZ GENERAL AVDA.  PAR '),
(2140, 1437, 'PAZ JOSE C.'),
(2141, 1419, 'PAZ MARCOS'),
(2142, 1407, 'PAZ MARCOS'),
(2143, 1417, 'PAZ MARCOS'),
(2144, 1437, 'PAZOS JOSE'),
(2145, 1427, 'PAZ SOLDAN'),
(2146, 1407, 'PAZ Y FIGUEROA MARIA ANTONIA DE LA'),
(2147, 1406, 'PEDERNERA'),
(2148, 1437, 'PEDERNERA'),
(2149, 1429, 'PEDRAZA MANUELA'),
(2150, 1431, 'PEDRAZA MANUELA'),
(2151, 1430, 'PEDRAZA MANUELA'),
(2152, 1407, 'PEHUAJO'),
(2153, 1417, 'PEIPING'),
(2154, 1202, 'PELUFFO ANGEL'),
(2155, 1338, 'PELLEGRINI CARLOS'),
(2156, 1331, 'PELLEGRINI CARLOS'),
(2157, 1301, 'PELLEGRINI CARLOS'),
(2158, 1011, 'PELLEGRINI CARLOS'),
(2159, 1009, 'PELLEGRINI CARLOS'),
(2160, 1431, 'PELLEGRINI CARLOS E.'),
(2161, 1425, 'PE#A'),
(2162, 1125, 'PE#A'),
(2163, 1407, 'PE#A DAVID DR.'),
(2164, 1437, 'PEPIRI'),
(2165, 1279, 'PERDRIEL'),
(2166, 1280, 'PERDRIEL'),
(2167, 1237, 'PEREYRA'),
(2168, 1425, 'PEREYRA LUCENA'),
(2169, 1155, 'PEREZ GALDOS BENITO'),
(2170, 1426, 'PEREZ GREGORIA'),
(2171, 1427, 'PEREZ GREGORIA'),
(2172, 1437, 'PEREZ JOAQUIN VALENTIN COMISARIO'),
(2173, 1217, 'PEREZ JOSE JULIAN'),
(2174, 1430, 'PEREZ ROQUE'),
(2175, 1419, 'PEREZ ROSALES VICENTE'),
(2176, 1437, 'PERGAMINO'),
(2177, 1408, 'PERIBEBUY'),
(2178, 1416, 'PERNAMBUCO'),
(2179, 1417, 'PERNAMBUCO'),
(2180, 1198, 'PERON JUAN DOMINGO TTE. GRAL.'),
(2181, 1199, 'PERON JUAN DOMINGO TTE. GRAL.'),
(2182, 1394, 'PERON JUAN DOMINGO TTE. GRAL.'),
(2183, 1038, 'PERON JUAN DOMINGO TTE. GRAL.'),
(2184, 1040, 'PERON JUAN DOMINGO TTE. GRAL.'),
(2185, 1037, 'PERON JUAN DOMINGO TTE. GRAL.'),
(2186, 1406, 'PERRAULT'),
(2187, 1141, 'PERU'),
(2188, 1068, 'PERU'),
(2189, 1067, 'PERU'),
(2190, 1406, 'PESCADORES'),
(2191, 1431, 'PESTALOZZI'),
(2192, 1429, 'PICO'),
(2193, 1430, 'PICO'),
(2194, 1424, 'PICHEUTA'),
(2195, 1437, 'PICHEUTA'),
(2196, 1249, 'PICHINCHA'),
(2197, 1219, 'PICHINCHA'),
(2198, 1082, 'PICHINCHA'),
(2199, 1439, 'PIEDRA BUENA LUIS COMANDANTE AVDA.'),
(2200, 1070, 'PIEDRAS'),
(2201, 1140, 'PIEDRAS'),
(2202, 1408, 'PIERES'),
(2203, 1440, 'PIERES'),
(2204, 1440, 'PILA'),
(2205, 1439, 'PILAR'),
(2206, 1408, 'PILAR  IMPAR '),
(2207, 1440, 'PILAR  IMPAR '),
(2208, 1408, 'PILAR  PAR '),
(2209, 1440, 'PILAR  PAR '),
(2210, 1163, 'PILCOMAYO'),
(2211, 1155, 'PILCOMAYO'),
(2212, 1406, 'PILLADO'),
(2213, 1277, 'PINEDO AVDA.'),
(2214, 1426, 'PINEDO INTENDENTE'),
(2215, 1407, 'PINELO LEON'),
(2216, 1426, 'PINO VIRREY DEL'),
(2217, 1430, 'PINO VIRREY DEL'),
(2218, 1429, 'PINTO'),
(2219, 1161, 'PINZON'),
(2220, 1287, 'PINZON'),
(2221, 1431, 'PIRAN'),
(2222, 1437, 'PIROVANO'),
(2223, 1429, 'PISSARRO VICTOR'),
(2224, 1437, 'PITTALUGA EDUARDO DR.'),
(2225, 1155, 'PI Y MARGALL'),
(2226, 1165, 'PI Y MARGALL'),
(2227, 1265, 'PI Y MARGALL'),
(2228, 1440, 'PIZARRO'),
(2229, 1437, 'PIZARRO FRANCISCO'),
(2230, 1020, 'PIZZURNO'),
(2231, 1405, 'PLANES'),
(2232, 1427, 'PLAZA'),
(2233, 1430, 'PLAZA'),
(2234, 1428, 'PLAZA VICTORINO DE LA DR.'),
(2235, 1437, 'PLUMERILLO'),
(2236, 1429, 'PLUS ULTRA'),
(2237, 1430, 'PLUTARCO'),
(2238, 1419, 'PODESTA JOSE J.'),
(2239, 1407, 'PODESTA PABLO'),
(2240, 1439, 'POLA'),
(2241, 1440, 'POLA'),
(2242, 1408, 'POLA'),
(2243, 1408, 'POLONIA'),
(2244, 1437, 'POMAR GREGORIO TTE. CNEL.'),
(2245, 1290, 'PONCE ANIBAL'),
(2246, 1408, 'PORCEL DE PERALTA MANUEL'),
(2247, 1406, 'PORTELA'),
(2248, 1437, 'PORTELA'),
(2249, 1407, 'PORTILLO'),
(2250, 1405, 'PORTUGAL'),
(2251, 1112, 'POSADAS'),
(2252, 1011, 'POSADAS'),
(2253, 1417, 'POSADAS ALEJANDRO DR.'),
(2254, 1430, 'POSTA'),
(2255, 1439, 'POSTA DE HORNILLOS'),
(2256, 1199, 'POTOSI'),
(2257, 1162, 'PRACTICO POLIZA'),
(2258, 1427, 'PRAGA'),
(2259, 1408, 'PRELADO DON BUENAVENTURA RISSO PATRON'),
(2260, 1407, 'PRIMERA JUNTA'),
(2261, 1440, 'PRIMERA JUNTA'),
(2262, 1406, 'PRIMERA JUNTA'),
(2263, 1437, '1RO. DE MAYO'),
(2264, 1440, 'PRIMOLI JUAN BAUTISTA'),
(2265, 1183, 'PRINGLES'),
(2266, 1428, 'PRINS ENRIQUE'),
(2267, 1429, 'PROMETEO'),
(2268, 1424, 'PROVINCIAS UNIDAS'),
(2269, 1242, 'PRUDAN MANUEL SILVESTRE TTE.'),
(2270, 1406, 'PUAN'),
(2271, 1407, 'PUCH MANUEL GENERAL'),
(2272, 1430, 'PUENTE DEL INCA'),
(2273, 1032, 'PUEYRREDON AVDA.'),
(2274, 1118, 'PUEYRREDON AVDA.'),
(2275, 1119, 'PUEYRREDON AVDA.'),
(2276, 1405, 'PUEYRREDON HONORIO DR. AVDA.'),
(2277, 1414, 'PUEYRREDON HONORIO DR. AVDA.'),
(2278, 1407, 'PUEYRREDON PRILIDIANO'),
(2279, 1416, 'PUJOL'),
(2280, 1405, 'PUJOL'),
(2281, 1406, 'PUMACAHUA'),
(2282, 1437, 'PUNA'),
(2283, 1427, 'PUNTA ARENAS'),
(2284, 1416, 'PUNTA ARENAS'),
(2285, 1104, 'PY COMODORO'),
(2286, 1104, 'QUARTINO JOSE N. INGENIERO AVDA.  ZONA PUERTO '),
(2287, 1431, 'QUEBRACHO'),
(2288, 1183, 'QUERANDIES'),
(2289, 1424, 'QUEROL'),
(2290, 1429, 'QUESADA'),
(2291, 1430, 'QUESADA'),
(2292, 1431, 'QUESADA'),
(2293, 1417, 'QUEVEDO'),
(2294, 1437, 'QUILMES'),
(2295, 1261, '15 DE NOVIEMBRE DE 1889'),
(2296, 1130, '15 DE NOVIEMBRE DE 1889'),
(2297, 1429, 'QUINTANA'),
(2298, 1419, 'QUINTANA JOSE DE LA'),
(2299, 1014, 'QUINTANA PRESIDENTE AVDA.'),
(2300, 1129, 'QUINTANA PRESIDENTE AVDA.'),
(2301, 1428, 'QUINTEROS LIDORO J. AVDA.'),
(2302, 1406, 'QUIRNO'),
(2303, 1425, 'QUIRNO COSTA NORBERTO DR.'),
(2304, 1429, 'QUIROGA HORACIO'),
(2305, 1427, 'QUIROS'),
(2306, 1212, 'QUITO'),
(2307, 1439, 'RACEDO EDUARDO TTE. GRAL.'),
(2308, 1407, 'RAFAELA'),
(2309, 1430, 'RAMALLO'),
(2310, 1429, 'RAMALLO'),
(2311, 1437, 'RAMIREZ CARLOS MARIA'),
(2312, 1439, 'RAMIREZ CEFERINO COMODORO'),
(2313, 1414, 'RAMIREZ DE VELASCO JUAN'),
(2314, 1417, 'RAMIREZ EUGENIO'),
(2315, 1406, 'RAMON Y CAJAL'),
(2316, 1405, 'RAMOS MEJIA'),
(2317, 1104, 'RAMOS MEJIA JOSE MARIA DR. AVDA.'),
(2318, 1428, 'RAMSAY'),
(2319, 1407, 'RANQUELES'),
(2320, 1431, 'RASTREADOR FOURNIER'),
(2321, 1419, 'RATTI CESAR'),
(2322, 1051, 'RAUCH'),
(2323, 1437, 'RAULET'),
(2324, 1427, 'RAULIES'),
(2325, 1425, 'RAVIGNANI EMILIO DR.'),
(2326, 1414, 'RAVIGNANI EMILIO DR.'),
(2327, 1182, 'RAWSON'),
(2328, 1003, 'RECONQUISTA'),
(2329, 1335, 'RECONQUISTA'),
(2330, 1373, 'RECONQUISTA'),
(2331, 1369, 'RECONQUISTA'),
(2332, 1389, 'RECONQUISTA'),
(2333, 1358, 'RECONQUISTA'),
(2334, 1407, 'RECUERDOS DE PROVINCIA'),
(2335, 1407, 'RECUERO CASIMIRO TTE. CNEL.'),
(2336, 1406, 'RECUERO CASIMIRO TTE. CNEL.'),
(2337, 1266, 'REGIMIENTO DE PATRICIOS AVDA.'),
(2338, 1265, 'REGIMIENTO DE PATRICIOS AVDA.'),
(2339, 1407, 'REMEDIOS'),
(2340, 1440, 'REMEDIOS'),
(2341, 1406, 'REMEDIOS'),
(2342, 1278, 'RENACIMIENTO'),
(2343, 1406, 'RENAN'),
(2344, 1407, 'RENQUE CURA'),
(2345, 1424, 'REPUBLICA'),
(2346, 1424, 'REPUBLICA DE INDONESIA'),
(2347, 1425, 'REPUBLICA DE LA INDIA'),
(2348, 1425, 'REPUBLICA DEL LIBANO'),
(2349, 1419, 'REPUBLICA DE SAN MARINO'),
(2350, 1408, 'RESERVISTAS ARGENTINOS'),
(2351, 1417, 'RESURRECCION'),
(2352, 1107, 'RIBAS JOAQUIN ALFEREZ DE FRAGATA  ZONA PUERTO '),
(2353, 1406, 'RICCIO GUSTAVO'),
(2354, 1428, 'RICCHIERI PABLO TTE. GENERAL'),
(2355, 1274, 'RICO CORONEL'),
(2356, 1439, 'RIESTRA NORBERTO DE LA AVDA.'),
(2357, 1437, 'RIESTRA NORBERTO DE LA AVDA.'),
(2358, 1424, 'RIGLOS'),
(2359, 1081, 'RINCON'),
(2360, 1251, 'RINCON'),
(2361, 1227, 'RINCON'),
(2362, 1116, 'RIOBAMBA'),
(2363, 1025, 'RIOBAMBA'),
(2364, 1417, 'RIO COLORADO'),
(2365, 1437, 'RIO CUARTO'),
(2366, 1168, 'RIO CUARTO'),
(2367, 1405, 'RIO DE JANEIRO'),
(2368, 1407, 'RIO GRANDE'),
(2369, 1221, 'RIOJA  VER LA RIOJA '),
(2370, 1244, 'RIOJA  VER LA RIOJA '),
(2371, 1214, 'RIOJA  VER LA RIOJA '),
(2372, 1278, 'RIO LIMAY'),
(2373, 1439, 'RIO NEGRO'),
(2374, 1429, 'RIO PIEDRAS'),
(2375, 1419, 'RIO SALADO'),
(2376, 1408, 'RIVADAVIA AVDA.'),
(2377, 1424, 'RIVADAVIA AVDA.'),
(2378, 1407, 'RIVADAVIA AVDA.'),
(2379, 1406, 'RIVADAVIA AVDA.'),
(2380, 1002, 'RIVADAVIA AVDA.'),
(2381, 1033, 'RIVADAVIA AVDA.'),
(2382, 1034, 'RIVADAVIA AVDA.'),
(2383, 1396, 'RIVADAVIA AVDA.'),
(2384, 1203, 'RIVADAVIA AVDA.'),
(2385, 1204, 'RIVADAVIA AVDA.'),
(2386, 1205, 'RIVADAVIA AVDA.'),
(2387, 1107, 'RIVADAVIA COMODORO'),
(2388, 1429, 'RIVADAVIA MARTIN COMODORO AVDA.'),
(2389, 1417, 'RIVAROLA PANTALEON'),
(2390, 1015, 'RIVAROLA RODOLFO DR.'),
(2391, 1417, 'RIVAS GENERAL'),
(2392, 1439, 'RIVERA FRUCTUOSO GENERAL'),
(2393, 1437, 'RIVERA FRUCTUOSO GENERAL'),
(2394, 1406, 'RIVERA INDARTE'),
(2395, 1437, 'RIVERA INDARTE'),
(2396, 1428, 'RIVERA PEDRO IGNACIO DR.'),
(2397, 1430, 'RIVERA PEDRO IGNACIO DR.'),
(2398, 1431, 'RIVERA PEDRO IGNACIO DR.'),
(2399, 1406, 'ROBERTSON'),
(2400, 1419, 'ROBINSON CARLOS AVDA.'),
(2401, 1406, 'ROBLA JUAN FRANCISCO DE LA'),
(2402, 1439, 'ROCA CORONEL AVDA.'),
(2403, 1067, 'ROCA JULIO A. PRESIDENTE AVDA.'),
(2404, 1322, 'ROCA JULIO A. PRESIDENTE AVDA.'),
(2405, 1184, 'ROCAMORA'),
(2406, 1166, 'ROCHA'),
(2407, 1288, 'ROCHA'),
(2408, 1425, 'ROCHA DARDO'),
(2409, 1279, 'ROCHDALE'),
(2410, 1427, 'RODNEY'),
(2411, 1407, 'RODO JOSE ENRIQUE'),
(2412, 1440, 'RODO JOSE ENRIQUE'),
(2413, 1406, 'RODRIGUEZ ALONSO'),
(2414, 1406, 'RODRIGUEZ IGNACIO FERMIN'),
(2415, 1416, 'RODRIGUEZ MANUEL A. GENERAL'),
(2416, 1159, 'RODRIGUEZ MARTIN'),
(2417, 1021, 'RODRIGUEZ PE#A'),
(2418, 1020, 'RODRIGUEZ PE#A'),
(2419, 1419, 'RODRIGUEZ PIO'),
(2420, 1405, 'ROENTGEN AVDA.'),
(2421, 1408, 'ROFFO ANGEL H. DR.'),
(2422, 1407, 'ROFFO ELENA LARROQUE DE  VER LARROQUE DE ROFFO ELE'),
(2423, 1417, 'ROHDE CORONEL'),
(2424, 1416, 'ROJAS'),
(2425, 1405, 'ROJAS'),
(2426, 1417, 'ROJAS DIEGO DE'),
(2427, 1001, 'ROJAS RICARDO DR.'),
(2428, 1425, 'ROLDAN BELISARIO AVDA.'),
(2429, 1408, 'ROMA'),
(2430, 1437, 'ROMERO'),
(2431, 1428, 'ROMERO DOMINGO'),
(2432, 1428, 'ROMERO EDUARDO SARGENTO'),
(2433, 1245, 'RONDEAU'),
(2434, 1262, 'RONDEAU'),
(2435, 1130, 'RONDEAU'),
(2436, 1431, 'ROOSEVELT FRANKLIN D.'),
(2437, 1430, 'ROOSEVELT FRANKLIN D.'),
(2438, 1428, 'ROOSEVELT FRANKLIN D.'),
(2439, 1106, 'ROSALES AVDA.'),
(2440, 1408, 'ROSALES CLAUDIO CAPITAN'),
(2441, 1424, 'ROSARIO'),
(2442, 1419, 'ROSARIO DE LA FRONTERA'),
(2443, 1427, 'ROSETI'),
(2444, 1416, 'ROUSSEAU'),
(2445, 1084, 'ROVERANO PASAJE'),
(2446, 1407, 'RUBENS'),
(2447, 1431, 'RUFINO'),
(2448, 1425, 'RUGGIERI SILVIO L.'),
(2449, 1408, 'RUIZ DE LOS LLANOS'),
(2450, 1429, 'RUIZ HUIDOBRO'),
(2451, 1430, 'RUIZ HUIDOBRO'),
(2452, 1439, 'RUIZ MORENO JULIO GENERAL'),
(2453, 1417, 'RUMANIA'),
(2454, 1417, 'RUSIA'),
(2455, 1414, 'RUSSEL'),
(2456, 1267, 'RUY DIAZ DE GUZMAN'),
(2457, 1247, 'SAAVEDRA'),
(2458, 1229, 'SAAVEDRA'),
(2459, 1083, 'SAAVEDRA'),
(2460, 1437, 'SAENZ AVDA.'),
(2461, 1135, 'SAENZ PE#A LUIS PTE.'),
(2462, 1110, 'SAENZ PE#A LUIS PTE.'),
(2463, 1388, 'SAENZ PE#A ROQUE AVDA. PTE.'),
(2464, 1352, 'SAENZ PE#A ROQUE AVDA. PTE.'),
(2465, 1364, 'SAENZ PE#A ROQUE AVDA. PTE.'),
(2466, 1393, 'SAENZ PE#A ROQUE AVDA. PTE.'),
(2467, 1383, 'SAENZ PE#A ROQUE AVDA. PTE.'),
(2468, 1363, 'SAENZ PE#A ROQUE AVDA. PTE.'),
(2469, 1035, 'SAENZ PE#A ROQUE AVDA. PTE.'),
(2470, 1408, 'SAENZ VALIENTE ANSELMO'),
(2471, 1428, 'SAENZ VALIENTE JUAN PABLO ALTE.'),
(2472, 1428, 'SAGASTA ISLA JOSE MARIA'),
(2473, 1440, 'SALA CANDIDO DE LA TTE. DE NAVIO'),
(2474, 1408, 'SALADILLO'),
(2475, 1440, 'SALADILLO'),
(2476, 1439, 'SALADILLO'),
(2477, 1406, 'SALALA'),
(2478, 1424, 'SALAS'),
(2479, 1259, 'SALCEDO'),
(2480, 1437, 'SALDIAS ADOLFO'),
(2481, 1425, 'SALGUERO JERONIMO'),
(2482, 1177, 'SALGUERO JERONIMO'),
(2483, 1430, 'SALINA GRANDE'),
(2484, 1598, 'SALMUN FEIJOO JOSE AARON'),
(2485, 1290, 'SALMUN FEIJOO JOSE AARON'),
(2486, 1274, 'SALMUN FEIJOO JOSE AARON'),
(2487, 1277, 'SALOM'),
(2488, 1177, 'SALONICA'),
(2489, 1137, 'SALTA'),
(2490, 1074, 'SALTA'),
(2491, 1296, 'SALVADORES CORONEL'),
(2492, 1167, 'SALVADORES CORONEL'),
(2493, 1406, 'SALVIGNY'),
(2494, 1437, 'SALVIGNY'),
(2495, 1268, 'SAMPERIO MANUEL J.'),
(2496, 1417, 'SANABRIA'),
(2497, 1419, 'SANABRIA'),
(2498, 1407, 'SANABRIA'),
(2499, 1276, 'SAN ANTONIO'),
(2500, 1290, 'SAN ANTONIO DE ARECO'),
(2501, 1426, 'SAN BENITO DE PALERMO'),
(2502, 1416, 'SAN BLAS'),
(2503, 1408, 'SAN BLAS'),
(2504, 1407, 'SAN BLAS'),
(2505, 1181, 'SAN CARLOS'),
(2506, 1416, 'SANCHEZ'),
(2507, 1425, 'SANCHEZ DE BUSTAMANTE'),
(2508, 1173, 'SANCHEZ DE BUSTAMANTE'),
(2509, 1220, 'SANCHEZ DE LORIA'),
(2510, 1173, 'SANCHEZ DE LORIA'),
(2511, 1241, 'SANCHEZ DE LORIA'),
(2512, 1290, 'SAN FRANCISCO'),
(2513, 1430, 'SAN FRANCISCO DE ASIS'),
(2514, 1416, 'SAN GINES MANUEL DE'),
(2515, 1231, 'SAN IGNACIO'),
(2516, 1424, 'SAN IRENEO'),
(2517, 1429, 'SAN ISIDRO AVDA.'),
(2518, 1076, 'SAN JOSE'),
(2519, 1136, 'SAN JOSE'),
(2520, 1424, 'SAN JOSE DE CALASANZ'),
(2521, 1064, 'SAN JUAN AVDA.'),
(2522, 1147, 'SAN JUAN AVDA.'),
(2523, 1148, 'SAN JUAN AVDA.'),
(2524, 1233, 'SAN JUAN AVDA.'),
(2525, 1232, 'SAN JUAN AVDA.'),
(2526, 1440, 'SAN JUAN BAUTISTA DE LA SALLE AVDA.'),
(2527, 1064, 'SAN LORENZO'),
(2528, 1283, 'SANLUCAR DE BARRAMEDA'),
(2529, 1056, 'SAN LUIS'),
(2530, 1186, 'SAN LUIS'),
(2531, 1104, 'SAN MARTIN'),
(2532, 1004, 'SAN MARTIN'),
(2533, 1359, 'SAN MARTIN'),
(2534, 1348, 'SAN MARTIN'),
(2535, 1360, 'SAN MARTIN'),
(2536, 1374, 'SAN MARTIN'),
(2537, 1419, 'SAN MARTIN AVDA.'),
(2538, 1417, 'SAN MARTIN AVDA.'),
(2539, 1416, 'SAN MARTIN AVDA.'),
(2540, 1427, 'SAN MARTIN AVDA.  IMPAR '),
(2541, 1417, 'SAN MARTIN AVDA.  PAR '),
(2542, 1425, 'SAN MARTIN DE TOURS'),
(2543, 1425, 'SAN MATEO'),
(2544, 1419, 'SAN NICOLAS'),
(2545, 1417, 'SAN NICOLAS'),
(2546, 1407, 'SAN NICOLAS'),
(2547, 1406, 'SAN PEDRITO AVDA.'),
(2548, 1437, 'SAN PEDRITO AVDA.'),
(2549, 1440, 'SAN PEDRO'),
(2550, 1407, 'SAN PEDRO'),
(2551, 1273, 'SAN RICARDO'),
(2552, 1277, 'SAN RICARDO'),
(2553, 1405, 'SAN SEBASTIAN'),
(2554, 1437, 'SANTA CATALINA'),
(2555, 1282, 'SANTA CRUZ'),
(2556, 1278, 'SANTA ELENA'),
(2557, 1425, 'SANTA FE AVDA.'),
(2558, 1123, 'SANTA FE AVDA.'),
(2559, 1059, 'SANTA FE AVDA.'),
(2560, 1060, 'SANTA FE AVDA.'),
(2561, 1277, 'SANTA MAGDALENA'),
(2562, 1276, 'SANTA MAGDALENA'),
(2563, 1277, 'SANTA MARIA DEL BUEN AIRE'),
(2564, 1406, 'SANTANDER'),
(2565, 1424, 'SANTANDER'),
(2566, 1439, 'SANTANDER'),
(2567, 1407, 'SANTANDER'),
(2568, 1414, 'SANTA ROSA'),
(2569, 1135, 'SANTA TERESA'),
(2570, 1407, 'SANTIAGO DE COMPOSTELA'),
(2571, 1408, 'SANTIAGO DE CHILE'),
(2572, 1075, 'SANTIAGO DEL ESTERO'),
(2573, 1136, 'SANTIAGO DEL ESTERO'),
(2574, 1408, 'SANTI MIGUEL SOLDADO ARCHIVISTA'),
(2575, 1273, 'SANTO DOMINGO'),
(2576, 1437, 'SANTO DOMINGO'),
(2577, 1292, 'SANTO DOMINGO'),
(2578, 1293, 'SANTO DOMINGO'),
(2579, 1419, 'SANTOS VEGA'),
(2580, 1408, 'SANTO TOME'),
(2581, 1417, 'SANTO TOME'),
(2582, 1407, 'SARACHAGA'),
(2583, 1251, 'SARANDI'),
(2584, 1081, 'SARANDI'),
(2585, 1222, 'SARANDI'),
(2586, 1439, 'SARAVIA'),
(2587, 1424, 'SARAZA'),
(2588, 1406, 'SARAZA'),
(2589, 1439, 'SARAZA'),
(2590, 1347, 'SARMIENTO'),
(2591, 1353, 'SARMIENTO'),
(2592, 1386, 'SARMIENTO'),
(2593, 1382, 'SARMIENTO'),
(2594, 1316, 'SARMIENTO'),
(2595, 1041, 'SARMIENTO'),
(2596, 1045, 'SARMIENTO'),
(2597, 1044, 'SARMIENTO'),
(2598, 1042, 'SARMIENTO'),
(2599, 1197, 'SARMIENTO'),
(2600, 1196, 'SARMIENTO'),
(2601, 1425, 'SARMIENTO AVDA.'),
(2602, 1417, 'SASTRE MARCOS'),
(2603, 1408, 'SASTRE MARCOS'),
(2604, 1137, 'SASTRE PASAJE'),
(2605, 1439, 'SAVIO GENERAL'),
(2606, 1426, 'SAVIO MANUEL NICOLAS'),
(2607, 1439, 'SAYOS'),
(2608, 1425, 'SCALABRINI ORTIZ RAUL AVDA.'),
(2609, 1414, 'SCALABRINI ORTIZ RAUL AVDA.'),
(2610, 1439, 'SCAPINO RODOLFO'),
(2611, 1129, 'SCHIAFFINO EDUARDO'),
(2612, 1440, 'SCHMIDL ULRICO'),
(2613, 1406, 'SEGUI F. J. ALMIRANTE'),
(2614, 1416, 'SEGUI F. J. ALMIRANTE'),
(2615, 1425, 'SEGUI JUAN FRANCISCO'),
(2616, 1437, 'SEGUIN MARCOS'),
(2617, 1419, 'SEGUROLA AVDA.'),
(2618, 1417, 'SEGUROLA AVDA.'),
(2619, 1407, 'SEGUROLA AVDA.'),
(2620, 1424, 'SENILLOSA'),
(2621, 1414, 'SERRANO'),
(2622, 1437, 'SERVET'),
(2623, 1425, 'SEVILLA'),
(2624, 1431, 'SHAKESPEARE'),
(2625, 1407, 'SHANGAI'),
(2626, 1417, 'SIERRA GRANDE'),
(2627, 1408, 'SILVA CAYETANO A.'),
(2628, 1408, 'SIMBRON'),
(2629, 1417, 'SIMBRON'),
(2630, 1425, 'SINCLAIR'),
(2631, 1425, 'SIVORI EDUARDO'),
(2632, 1430, 'SOCRATES'),
(2633, 1431, 'SOFIA'),
(2634, 1417, 'SOLA MANUEL'),
(2635, 1419, 'SOLANO LOPEZ FRANCISCO MARISCAL'),
(2636, 1439, 'SOLDADO DE LA FRONTERA'),
(2637, 1425, 'SOLER'),
(2638, 1428, 'SOLIER DANIEL DE ALMIRANTE'),
(2639, 1134, 'SOLIS'),
(2640, 1078, 'SOLIS'),
(2641, 1417, 'SOLORZANO PEREIRA JUAN DE'),
(2642, 1406, 'SOMELLERA'),
(2643, 1437, 'SOMELLERA'),
(2644, 1439, 'SOMELLERA'),
(2645, 1407, 'SOMELLERA'),
(2646, 1414, 'SORIA'),
(2647, 1439, 'SORIA EZEQUIEL'),
(2648, 1428, 'SOURIGUES CARLOS TOMAS CORONEL'),
(2649, 1234, 'SPEGAZZINI CARLOS'),
(2650, 1279, 'SPIKA ENRIQUE GENERAL'),
(2651, 1440, 'SPIRO SAMUEL CAPITAN'),
(2652, 1427, 'STEPHENSON'),
(2653, 1431, 'STORNI ALFONSINA'),
(2654, 1439, 'STRANGFORD'),
(2655, 1437, 'SUAREZ'),
(2656, 1288, 'SUAREZ'),
(2657, 1284, 'SUAREZ'),
(2658, 1162, 'SUAREZ'),
(2659, 1440, 'SUAREZ JOSE LEON'),
(2660, 1408, 'SUAREZ JOSE LEON'),
(2661, 1439, 'SUAREZ JOSE LEON'),
(2662, 1431, 'SUCRE ANTONIO JOSE DE MARISCAL'),
(2663, 1430, 'SUCRE ANTONIO JOSE DE MARISCAL'),
(2664, 1428, 'SUCRE ANTONIO JOSE DE MARISCAL'),
(2665, 1290, 'SUD AMERICA'),
(2666, 1440, 'SUECIA'),
(2667, 1368, 'SUIPACHA'),
(2668, 1355, 'SUIPACHA'),
(2669, 1011, 'SUIPACHA'),
(2670, 1008, 'SUIPACHA'),
(2671, 1416, 'SUIZA'),
(2672, 1439, 'SUMACA ITATI'),
(2673, 1439, 'SUMACA SANTISIMA TRINIDAD'),
(2674, 1416, 'SUNCHALES'),
(2675, 1426, 'SUPERI'),
(2676, 1430, 'SUPERI'),
(2677, 1414, 'SUSINI ANTONIO CNEL.'),
(2678, 1437, 'TABARE'),
(2679, 1439, 'TABARE'),
(2680, 1437, 'TABORDA DIOGENES'),
(2681, 1407, 'TACUARA'),
(2682, 1071, 'TACUARI'),
(2683, 1139, 'TACUARI'),
(2684, 1408, 'TAFI'),
(2685, 1425, 'TAGLE'),
(2686, 1431, 'TALAVERA'),
(2687, 1391, 'TALCAHUANO'),
(2688, 1014, 'TALCAHUANO'),
(2689, 1013, 'TALCAHUANO'),
(2690, 1429, 'TAMBORINI JOSE PASCUAL'),
(2691, 1430, 'TAMBORINI JOSE PASCUAL'),
(2692, 1431, 'TAMBORINI JOSE PASCUAL'),
(2693, 1407, 'TANDIL'),
(2694, 1440, 'TANDIL'),
(2695, 1406, 'TANDIL'),
(2696, 1407, 'TAPALQUE'),
(2697, 1440, 'TAPALQUE'),
(2698, 1253, 'TARIJA'),
(2699, 1431, 'TARTAGAL'),
(2700, 1427, 'TASSO'),
(2701, 1425, 'TEDIN JUEZ'),
(2702, 1428, 'TEGUCIGALPA'),
(2703, 1424, 'TEJEDOR'),
(2704, 1428, 'TEMPERLEY'),
(2705, 1417, 'TERRADA'),
(2706, 1416, 'TERRADA'),
(2707, 1419, 'TERRADA'),
(2708, 1406, 'TERRADA'),
(2709, 1417, 'TERRERO'),
(2710, 1416, 'TERRERO'),
(2711, 1406, 'TERRERO'),
(2712, 1425, 'THAMES'),
(2713, 1414, 'THAMES'),
(2714, 1437, 'THOME JUAN M.'),
(2715, 1424, 'THOMPSON'),
(2716, 1406, 'THORNE'),
(2717, 1437, 'TIERRA DEL FUEGO'),
(2718, 1437, 'TILCARA'),
(2719, 1406, 'TIMBO'),
(2720, 1262, 'TIMBUES'),
(2721, 1417, 'TINOGASTA'),
(2722, 1408, 'TINOGASTA'),
(2723, 1407, 'TOAY'),
(2724, 1417, 'TOBAS'),
(2725, 1407, 'TOKIO'),
(2726, 1407, 'TOLEDO'),
(2727, 1280, 'TOLL'),
(2728, 1408, 'TONELERO'),
(2729, 1426, 'TORNQUIST ERNESTO AVDA.'),
(2730, 1439, 'TORRE LISANDRO DE LA'),
(2731, 1408, 'TORRE LISANDRO DE LA'),
(2732, 1431, 'TORRENT'),
(2733, 1427, 'TORRENT'),
(2734, 1406, 'TORRES Y TENORIO CAMILO PTE.'),
(2735, 1053, 'TOSCANINI ARTURO'),
(2736, 1228, 'TOTORAL'),
(2737, 1437, 'TRAFUL'),
(2738, 1182, 'TREINTA Y TRES ORIENTALES'),
(2739, 1236, 'TREINTA Y TRES ORIENTALES'),
(2740, 1257, 'TREINTA Y TRES ORIENTALES'),
(2741, 1407, 'TREJO NEMESIO'),
(2742, 1406, 'TRELLES MANUEL RICARDO'),
(2743, 1416, 'TRELLES MANUEL RICARDO'),
(2744, 1408, 'TRENQUE LAUQUEN'),
(2745, 1414, 'TRES ARROYOS'),
(2746, 1416, 'TRES ARROYOS'),
(2747, 1407, 'TRES ARROYOS'),
(2748, 1426, '3 DE FEBRERO'),
(2749, 1429, '3 DE FEBRERO'),
(2750, 1428, '3 DE FEBRERO'),
(2751, 1416, 'TRES LOMAS'),
(2752, 1054, 'TRES SARGENTOS'),
(2753, 1437, 'TRIANA RODRIGO DE'),
(2754, 1407, 'TRIESTE'),
(2755, 1419, 'TRIPOLI'),
(2756, 1427, 'TRIUNVIRATO AVDA.'),
(2757, 1431, 'TRIUNVIRATO AVDA.'),
(2758, 1437, 'TROLE'),
(2759, 1427, 'TRONADOR'),
(2760, 1430, 'TRONADOR'),
(2761, 1050, 'TUCUMAN'),
(2762, 1049, 'TUCUMAN'),
(2763, 1189, 'TUCUMAN'),
(2764, 1052, 'TUCUMAN'),
(2765, 1051, 'TUCUMAN'),
(2766, 1341, 'TUCUMAN'),
(2767, 1428, 'TUNEZ'),
(2768, 1407, 'TUPAC AMARU'),
(2769, 1425, 'TUPIZA'),
(2770, 1437, 'TURQUIA'),
(2771, 1408, 'TUYU'),
(2772, 1408, 'TUYUTI'),
(2773, 1406, 'UCACHA'),
(2774, 1428, 'UDAONDO GUILLERMO AVDA.'),
(2775, 1425, 'UGARTECHE'),
(2776, 1430, 'UGARTE MANUEL'),
(2777, 1428, 'UGARTE MANUEL'),
(2778, 1417, 'UKRANIA'),
(2779, 1290, 'UNAMUNO MIGUEL DE'),
(2780, 1439, 'UNANUE'),
(2781, 1407, 'UNQUERA BALTASAR DE'),
(2782, 1408, 'URDANETA'),
(2783, 1431, 'URDININEA'),
(2784, 1414, 'URIARTE'),
(2785, 1425, 'URIARTE'),
(2786, 1225, 'URIBURU'),
(2787, 1114, 'URIBURU JOSE EVARISTO PRESIDENTE'),
(2788, 1027, 'URIBURU JOSE EVARISTO PRESIDENTE'),
(2789, 1439, 'URIBURU NAPOLEON GENERAL'),
(2790, 1408, 'URIEN'),
(2791, 1243, 'URQUIZA GRAL.'),
(2792, 1221, 'URQUIZA GRAL.'),
(2793, 1215, 'URQUIZA GRAL.'),
(2794, 1430, 'URTUBEY CLODOMIRO COMODORO'),
(2795, 1015, 'URUGUAY'),
(2796, 1016, 'URUGUAY'),
(2797, 1407, 'URUNDAY'),
(2798, 1429, 'USHUAIA PASAJE'),
(2799, 1143, 'USPALLATA'),
(2800, 1437, 'USPALLATA'),
(2801, 1282, 'USPALLATA'),
(2802, 1268, 'USPALLATA'),
(2803, 1417, 'UZAL FRANCISCO DE'),
(2804, 1431, 'VALDENEGRO'),
(2805, 1430, 'VALDENEGRO'),
(2806, 1430, 'VALDERRAMA'),
(2807, 1417, 'VALDIVIA PEDRO DE'),
(2808, 1406, 'VALENCIA'),
(2809, 1408, 'VALENCIA TOMAS'),
(2810, 1437, 'VALPARAISO'),
(2811, 1424, 'VALLE'),
(2812, 1406, 'VALLE'),
(2813, 1295, 'VALLE ARISTOBULO DEL'),
(2814, 1160, 'VALLE ARISTOBULO DEL'),
(2815, 1165, 'VALLE ARISTOBULO DEL'),
(2816, 1161, 'VALLE ARISTOBULO DEL'),
(2817, 1419, 'VALLEJOS'),
(2818, 1407, 'VALLE MARIA REMEDIOS DEL'),
(2819, 1406, 'VALLE PASAJE'),
(2820, 1407, 'VALLESE FELIPE'),
(2821, 1406, 'VALLESE FELIPE'),
(2822, 1405, 'VALLESE FELIPE'),
(2823, 1429, 'VARAS JOSE'),
(2824, 1437, 'VARELA'),
(2825, 1406, 'VARELA'),
(2826, 1437, 'VARELA JACOBO ADRIAN'),
(2827, 1417, 'VARELA JOSE PEDRO'),
(2828, 1408, 'VARELA JOSE PEDRO'),
(2829, 1431, 'VARSOVIA'),
(2830, 1437, 'VAZ FERREIRA CARLOS DR.'),
(2831, 1430, 'VEDIA'),
(2832, 1429, 'VEDIA'),
(2833, 1437, 'VEDIA AGUSTIN DE'),
(2834, 1417, 'VEDIA ENRIQUE DE'),
(2835, 1407, 'VEDIA ENRIQUE DE'),
(2836, 1440, 'VEGA BELGRANO CARLOS'),
(2837, 1414, 'VEGA NICETO CORONEL'),
(2838, 1437, 'VEGA VENTURA DE LA'),
(2839, 1242, '24 DE NOVIEMBRE'),
(2840, 1170, '24 DE NOVIEMBRE'),
(2841, 1224, '24 DE NOVIEMBRE'),
(2842, 1431, '20 DE FEBRERO'),
(2843, 1155, '20 DE SEPTIEMBRE'),
(2844, 1002, '25 DE MAYO'),
(2845, 1339, '25 DE MAYO'),
(2846, 1397, '25 DE MAYO'),
(2847, 1385, '25 DE MAYO'),
(2848, 1437, '27 DE FEBRERO AVDA.'),
(2849, 1439, '27 DE FEBRERO AVDA.'),
(2850, 1437, 'VELARDE PEDRO'),
(2851, 1414, 'VELASCO JUAN RAMIREZ DE  VER RAMIREZ DE VELAZCO JU'),
(2852, 1407, 'VELAZQUEZ'),
(2853, 1406, 'VELAZQUEZ'),
(2854, 1428, 'VELEZ BERNARDO DR.'),
(2855, 1285, 'VELEZ SARSFIELD AVDA.'),
(2856, 1282, 'VELEZ SARSFIELD AVDA.'),
(2857, 1281, 'VELEZ SARSFIELD AVDA.'),
(2858, 1417, 'VENECIA'),
(2859, 1211, 'VENEZUELA'),
(2860, 1096, 'VENEZUELA'),
(2861, 1095, 'VENEZUELA'),
(2862, 1240, 'VENIALVO'),
(2863, 1437, 'VENTANA'),
(2864, 1437, 'VERACRUZ'),
(2865, 1437, 'VERDAGUER JACINTO'),
(2866, 1417, 'VERDI JOSE'),
(2867, 1424, 'VERNET AVDA.'),
(2868, 1426, 'VERTIZ VIRREY AVDA.'),
(2869, 1169, 'VESPUCIO'),
(2870, 1416, 'VIALE LUIS'),
(2871, 1414, 'VIALE LUIS'),
(2872, 1053, 'VIAMONTE'),
(2873, 1055, 'VIAMONTE'),
(2874, 1056, 'VIAMONTE'),
(2875, 1213, 'VIAMONTE'),
(2876, 1431, 'VICTORICA BENJAMIN GENERAL'),
(2877, 1427, 'VICTORICA BENJAMIN GENERAL'),
(2878, 1428, 'VIDAL'),
(2879, 1429, 'VIDAL'),
(2880, 1426, 'VIDAL'),
(2881, 1408, 'VIDAL EMERIC E.'),
(2882, 1405, 'VIDELA CASTILLO'),
(2883, 1424, 'VIDELA NICOLAS E.'),
(2884, 1425, 'VIDT'),
(2885, 1408, 'VIEDMA FRANCISCO DE'),
(2886, 1440, 'VIEJOBUENO'),
(2887, 1424, 'VIEL'),
(2888, 1408, 'VIENA'),
(2889, 1137, 'VIEYRA'),
(2890, 1275, 'VIEYTES'),
(2891, 1407, 'VIGO'),
(2892, 1405, 'VILA NICOLAS'),
(2893, 1417, 'VILARDEBO TEODORO'),
(2894, 1407, 'VILARDEBO TEODORO'),
(2895, 1431, 'VILELA'),
(2896, 1429, 'VILELA'),
(2897, 1430, 'VILELA'),
(2898, 1439, 'VILLA DE MASNOU'),
(2899, 1416, 'VILLAFA#E BENJAMIN'),
(2900, 1160, 'VILLAFA#E WENCESLAO'),
(2901, 1165, 'VILLAFA#E WENCESLAO'),
(2902, 1295, 'VILLAFA#E WENCESLAO'),
(2903, 1417, 'VILLA JUNCAL'),
(2904, 1426, 'VILLANUEVA'),
(2905, 1276, 'VILLARINO'),
(2906, 1273, 'VILLARINO'),
(2907, 1271, 'VILLARINO'),
(2908, 1414, 'VILLARROEL'),
(2909, 1439, 'VILLEGAS CONRADO EXCELSO GENERAL'),
(2910, 1407, 'VINCHINA'),
(2911, 1405, 'VINTTER LORENZO GRAL.'),
(2912, 1425, 'VIRASORO'),
(2913, 1414, 'VIRASORO VALENTIN'),
(2914, 1405, 'VIRASORO VALENTIN'),
(2915, 1407, 'VIRGILIO'),
(2916, 1408, 'VIRGILIO'),
(2917, 1419, 'VIRGILIO'),
(2918, 1426, 'VIRREY ARREDONDO  VER ARREDONDO VIRREY '),
(2919, 1426, 'VIRREY AVILES  VER AVILES VIRREY '),
(2920, 1427, 'VIRREY AVILES  VER AVILES VIRREY '),
(2921, 1135, 'VIRREY CEVALLOS  VER CEVALLOS VIRREY '),
(2922, 1077, 'VIRREY CEVALLOS  VER CEVALLOS VIRREY '),
(2923, 1416, 'VIRREY CISNEROS  VER CISNEROS VIRREY '),
(2924, 1430, 'VIRREY DEL PINO  VER PINO VIRREY DEL '),
(2925, 1426, 'VIRREY DEL PINO  VER PINO VIRREY DEL '),
(2926, 1427, 'VIRREYES'),
(2927, 1241, 'VIRREY LINIERS  VER LINIERS VIRREY '),
(2928, 1220, 'VIRREY LINIERS  VER LINIERS VIRREY '),
(2929, 1174, 'VIRREY LINIERS  VER LINIERS VIRREY '),
(2930, 1427, 'VIRREY LORETO  VER LORETO VIRREY '),
(2931, 1426, 'VIRREY LORETO  VER LORETO VIRREY '),
(2932, 1407, 'VIRREY MELO  VER MELO VIRREY '),
(2933, 1426, 'VIRREY OLAGUER Y FELIU  VER OLAGUER Y FELIU VIRREY'),
(2934, 1426, 'VIRREY VERTIZ  VER VERTIZ VIRREY AVDA. '),
(2935, 1425, 'VITTORIA FRANCISCO DE'),
(2936, 1426, 'VOLTA'),
(2937, 1414, 'VOLTAIRE'),
(2938, 1407, 'VUCETICH JUAN'),
(2939, 1428, 'VUELTA DE OBLIGADO'),
(2940, 1429, 'VUELTA DE OBLIGADO'),
(2941, 1426, 'VUELTA DE OBLIGADO'),
(2942, 1407, 'WAGNER'),
(2943, 1416, 'WARNES AVDA.'),
(2944, 1414, 'WARNES AVDA.'),
(2945, 1427, 'WARNES AVDA.'),
(2946, 1430, 'WASHINGTON'),
(2947, 1407, 'WHITE'),
(2948, 1439, 'WHITE'),
(2949, 1417, 'WILDE EDUARDO'),
(2950, 1431, 'WILLIAMS ALBERTO'),
(2951, 1202, 'YAPEYU'),
(2952, 1216, 'YAPEYU'),
(2953, 1184, 'YATAY'),
(2954, 1408, 'YERBAL'),
(2955, 1407, 'YERBAL'),
(2956, 1406, 'YERBAL'),
(2957, 1405, 'YERBAL'),
(2958, 1427, 'YERUA'),
(2959, 1090, 'YRIGOYEN HIPOLITO'),
(2960, 1086, 'YRIGOYEN HIPOLITO'),
(2961, 1089, 'YRIGOYEN HIPOLITO'),
(2962, 1377, 'YRIGOYEN HIPOLITO'),
(2963, 1315, 'YRIGOYEN HIPOLITO'),
(2964, 1308, 'YRIGOYEN HIPOLITO'),
(2965, 1310, 'YRIGOYEN HIPOLITO'),
(2966, 1212, 'YRIGOYEN HIPOLITO'),
(2967, 1207, 'YRIGOYEN HIPOLITO'),
(2968, 1208, 'YRIGOYEN HIPOLITO'),
(2969, 1440, 'YRUPE'),
(2970, 1431, 'YRURTIA ROGELIO'),
(2971, 1417, 'YUGOSLAVIA'),
(2972, 1427, 'ZABALA'),
(2973, 1426, 'ZABALA'),
(2974, 1431, 'ZADO'),
(2975, 1417, 'ZALDIVAR PEDRO F.'),
(2976, 1417, 'ZAMUDIO'),
(2977, 1419, 'ZAMUDIO'),
(2978, 1104, 'ZANNI PEDRO L. COMODORO'),
(2979, 1424, 'ZA#ARTU'),
(2980, 1406, 'ZA#ARTU'),
(2981, 1406, 'ZAPALA'),
(2982, 1426, 'ZAPATA'),
(2983, 1426, 'ZAPIOLA'),
(2984, 1428, 'ZAPIOLA'),
(2985, 1429, 'ZAPIOLA'),
(2986, 1407, 'ZARATE'),
(2987, 1427, 'ZARRAGA'),
(2988, 1437, 'ZAVALETA'),
(2989, 1428, 'ZAVALIA'),
(2990, 1419, 'ZEBALLOS ESTANISLAO S.'),
(2991, 1407, 'ZELADA'),
(2992, 1440, 'ZELADA'),
(2993, 1439, 'ZELARRAYAN'),
(2994, 1424, 'ZELARRAYAN'),
(2995, 1406, 'ZELARRAYAN'),
(2996, 1171, 'ZELAYA'),
(2997, 1425, 'ZENTENO'),
(2998, 1285, 'ZEPITA'),
(2999, 1440, 'ZEQUEIRA SEVERO GARCIA GRANDE DE  VER GARCIA GRAND'),
(3000, 1407, 'ZINNY'),
(3001, 1425, 'ZOLA EMILIO'),
(3002, 1160, 'ZOLEZZI ANTONIO L.'),
(3003, 1405, 'ZORRILLA DE SAN MARTIN JUAN'),
(3004, 1426, 'ZUBERBUHLER CARLOS E.'),
(3005, 1417, 'ZURICH'),
(3006, 1407, 'ZUVIRIA'),
(3007, 1406, 'ZUVIRIA'),
(3008, 1439, 'ZUVIRIA'),
(3009, 1424, 'ZUVIRIA'),
(3010, 1825, ' A. A. FERNANDEZ '),
(3013, 1903, ' ABASTO '),
(3014, 7228, ' ABBOTT '),
(3017, 6450, ' ABEL '),
(3024, 8170, ' ABRA DE HINOJO '),
(3041, 1640, ' ACASSUSO '),
(3044, 7003, ' ACEILAN '),
(3046, 2717, ' ACEVEDO '),
(3066, 6627, ' ACHUPALLAS '),
(3068, 7136, ' ADELA '),
(3069, 8000, ' ADELA CORTI '),
(3071, 6430, ' ADOLFO ALSINA '),
(3074, 1901, ' ADOLFO F. ORMA (APEADERO FCGB) '),
(3075, 7513, ' ADOLFO GONZALES CHAVES '),
(3077, 1612, ' ADOLFO SOURDEAUX '),
(3079, 1846, ' ADROGUE '),
(3081, 1722, ' AERODROMO ALBATROS '),
(3083, 1802, ' AEROPUERTO EZEIZA '),
(3084, 1802, ' AEROPUERTO EZEIZA ESTAFETA N'),
(3088, 6600, ' AGOTE '),
(3150, 1746, ' AGUA DE ORO '),
(3179, 8105, ' AGUARA '),
(3202, 7112, ' AGUAS VERDES '),
(3213, 2915, ' AGUIRREZABALA '),
(3215, 6001, ' AGUSTINA '),
(3217, 1723, ' AGUSTIN FERRARI '),
(3218, 6667, ' AGUSTIN MOSCONI '),
(3219, 6001, ' AGUSTIN ROCA '),
(3232, 6463, ' ALAGON '),
(3236, 6435, ' ALAMOS '),
(3239, 6703, ' ALASTUEY (APEADERO FCGU) '),
(3250, 6405, ' ALBARIÑO '),
(3252, 6034, ' ALBERDI '),
(3253, 6634, ' ALBERTI '),
(3276, 8101, ' ALDEA ROMANA '),
(3278, 8126, ' ALDEA SAN ANDRES '),
(3294, 7406, ' ALDECON '),
(3296, 1770, ' ALDO BONZI '),
(3297, 1987, ' ALEGRE '),
(3302, 1864, ' ALEJANDRO KORN '),
(3303, 1808, ' ALEJANDRO PETION (APEADERO FCGR) '),
(3312, 6555, ' ALFALAD '),
(3315, 8117, ' ALFEREZ SAN MARTIN '),
(3318, 6533, ' ALFREDO DEMARCHI '),
(3339, 6531, ' ALGARROBO (COLONIA MAURICIO-PDO. CARLOS CASARES) '),
(3340, 2935, ' ALGARROBO (ING. MONTETA-PDO. SAN PEDRO) '),
(3341, 8136, ' ALGARROBO (PDO. VILLARINO) '),
(3355, 2751, ' ALMACEN CASTRO '),
(3357, 2752, ' ALMACEN DEL DESCANSO '),
(3358, 2751, ' ALMACEN EL CRUCE '),
(3359, 2740, ' ALMACEN LA COLONIA '),
(3360, 2711, ' ALMACEN PIATTI '),
(3369, 1846, ' ALMIRANTE BROWN '),
(3370, 1629, ' ALMIRANTE IRIZAR '),
(3371, 8109, ' ALMIRANTE SOLIER '),
(3383, 2938, ' ALSINA '),
(3391, 6601, ' ALTAMIRA '),
(3393, 1986, ' ALTAMIRANO '),
(3399, 8180, ' ALTA VISTA '),
(3436, 1617, ' ALTO DEL TALAR '),
(3449, 7303, ' ALTONA '),
(3465, 2801, ' ALTO VERDE '),
(3473, 7267, ' ALVAREZ DE TOLEDO '),
(3474, 1921, ' ALVAREZ JONTE '),
(3475, 7403, ' ALVARO BARROS '),
(3478, 7513, ' ALZAGA '),
(3485, 6516, ' AMALIA '),
(3503, 8508, ' AMBROSIO P. LEZICA '),
(3505, 6064, ' AMEGHINO '),
(3507, 6237, ' AMERICA '),
(3523, 6607, ' ANASAGASTI '),
(3534, 6451, ' ANCON '),
(3546, 6555, ' ANDANT '),
(3547, 6621, ' ANDERSON '),
(3551, 6634, ' ANDRES VACCAREZZA '),
(3559, 1901, ' ANGEL ETCHEVERRY '),
(3604, 7243, ' ANTONIO CARBONI '),
(3615, 8158, ' APARICIO '),
(3627, 1909, ' ARANA '),
(3629, 6443, ' ARANO '),
(3634, 6643, ' ARAUJO '),
(3641, 6557, ' ARBOLEDAS '),
(3658, 1915, ' ARBUCO (DESVIO FCGR) '),
(3670, 6005, ' ARENALES '),
(3671, 6075, ' ARENAZA '),
(3680, 8134, ' ARGERICH '),
(3681, 8164, ' ARGUEDAS (DESVIO) '),
(3684, 7301, ' ARIEL '),
(3687, 1602, ' ARISTOBULO DEL VALLE '),
(3700, 2740, ' ARRECIFES '),
(3702, 6007, ' ARRIBE#OS '),
(3711, 8174, ' ARROYO AGUAS BLANCAS '),
(3713, 2805, ' ARROYO ALELI '),
(3716, 1649, ' ARROYO ANDRESITO '),
(3717, 1649, ' ARROYO ARROYON '),
(3718, 1649, ' ARROYO ARROYON DE FELICARIA '),
(3720, 1649, ' ARROYO BALDOSAS '),
(3724, 1649, ' ARROYO BALTICO '),
(3725, 1649, ' ARROYO BANCO '),
(3731, 1649, ' ARROYO BOCA FALSA '),
(3733, 1649, ' ARROYO BORASSO '),
(3734, 1649, ' ARROYO BORCHES '),
(3735, 2800, ' ARROYO BOTIJA FALSA '),
(3740, 1649, ' ARROYO BUENA VISTA '),
(3742, 2935, ' ARROYO BURGOS '),
(3744, 1649, ' ARROYO BUSTO '),
(3747, 1649, ' ARROYO CAGUANE '),
(3749, 1649, ' ARROYO CAMACHITO '),
(3750, 1649, ' ARROYO CAMACHO '),
(3751, 1649, ' ARROYO CANALETON '),
(3752, 1649, ' ARROYO CANCHA LARGA '),
(3753, 1625, ' ARROYO CANELON '),
(3754, 1649, ' ARROYO CANELONES '),
(3755, 1649, ' ARROYO CAPITANCITO '),
(3756, 1649, ' ARROYO CAPITAN CHICO '),
(3757, 1649, ' ARROYO CARABALLO '),
(3759, 1649, ' ARROYO CARABELAS '),
(3760, 2805, ' ARROYO CARABELITAS '),
(3761, 1649, ' ARROYO CARACOLES '),
(3762, 1649, ' ARROYO CARAGUATA '),
(3763, 1649, ' ARROYO CARANCHO '),
(3765, 1649, ' ARROYO CARAPUATI '),
(3768, 1649, ' ARROYO CARLOS M. NOEL '),
(3769, 1649, ' ARROYO CARNICERO '),
(3771, 1649, ' ARROYO CARPINCHO (PDO. SAN FERNANDO) '),
(3778, 1649, ' ARROYO CIEGO '),
(3779, 1649, ' ARROYO CIEGO DEL ESTUDIANTE '),
(3780, 1649, ' ARROYO CIEGUITO '),
(3781, 1649, ' ARROYO CIERVO '),
(3785, 1649, ' ARROYO CONCEPCION '),
(3787, 1649, ' ARROYO CONFITERITO PALMAS '),
(3788, 1649, ' ARROYO CONFITERO '),
(3789, 1649, ' ARROYO CORREA '),
(3790, 1649, ' ARROYO CORRENTINO '),
(3791, 1649, ' ARROYO CORRENTOSO (BARCA GRANDE) '),
(3793, 8172, ' ARROYO CORTO (PDO. SAAVEDRA) '),
(3794, 1649, ' ARROYO CORTO (TIGRE-PDO. CAMPANA) '),
(3795, 1649, ' ARROYO CRUCES '),
(3796, 1649, ' ARROYO CRUZ COLORADA '),
(3797, 1649, ' ARROYO CRUZ DEL CAMBADO '),
(3798, 1649, ' ARROYO CRUZ DEL SAUCE '),
(3799, 1649, ' ARROYO CUARENTA '),
(3801, 1649, ' ARROYO CUEVAS MALAS '),
(3802, 1649, ' ARROYO CURUBICA '),
(3806, 1649, ' ARROYO CHANA '),
(3807, 1649, ' ARROYO CHANACILIO '),
(3808, 1649, ' ARROYO CHANACITO '),
(3809, 1649, ' ARROYO CHILENO '),
(3810, 1649, ' ARROYO CHIQUERITO '),
(3811, 1649, ' ARROYO CHIQUERO '),
(3812, 1649, ' ARROYO CHIVICO '),
(3813, 1649, ' ARROYO CHURRASCO '),
(3815, 2812, ' ARROYO DE LA CRUZ '),
(3818, 1649, ' ARROYO DE LAS GAVIOTAS '),
(3820, 1649, ' ARROYO DEL CANAL '),
(3824, 7301, ' ARROYO DE LOS HUESOS '),
(3825, 1649, ' ARROYO DE LOS NOGALES '),
(3827, 1649, ' ARROYO DE LOS TIGRES '),
(3828, 1923, ' ARROYO DEL PESCADO '),
(3830, 1649, ' ARROYO DEL POBRE '),
(3832, 2752, ' ARROYO DE LUNA '),
(3833, 1649, ' ARROYO DENTUDO '),
(3834, 1649, ' ARROYO DESAGUADERO DE BORCHES '),
(3837, 1649, ' ARROYO DESAGUADERO DEL SAUCE '),
(3838, 1649, ' ARROYO DESENGAÑO '),
(3840, 1649, ' ARROYO DIABLO '),
(3841, 1649, ' ARROYO DOMINGUITO '),
(3842, 1649, ' ARROYO DORADO '),
(3843, 1649, ' ARROYO DOS PUNTAS '),
(3844, 2743, ' ARROYO DULCE '),
(3845, 1649, ' ARROYO DURAZNITO '),
(3846, 1649, ' ARROYO DURAZNO '),
(3847, 1649, ' ARROYO EDUARDO '),
(3848, 2805, ' ARROYO EL AHOGADO '),
(3849, 1649, ' ARROYO EL CAZADOR '),
(3850, 6437, ' ARROYO EL CHINGOLO '),
(3852, 1649, ' ARROYO EL NEGRO '),
(3853, 1649, ' ARROYO EL PLATA '),
(3854, 1649, ' ARROYO EL RODEO '),
(3855, 1647, ' ARROYO EL TORO '),
(3856, 1649, ' ARROYO ESPADAÑA '),
(3857, 1649, ' ARROYO ESPERA '),
(3858, 1649, ' ARROYO ESPERA GRANDE '),
(3859, 1649, ' ARROYO ESPERITA '),
(3860, 1649, ' ARROYO ESTUDIANTE '),
(3861, 1649, ' ARROYO ESTUDIANTE CHICO '),
(3863, 1649, ' ARROYO FELICARIA '),
(3864, 1649, ' ARROYO FELIPE '),
(3865, 1649, ' ARROYO FELIX '),
(3866, 1649, ' ARROYO FERMIN '),
(3867, 1649, ' ARROYO FFREDES '),
(3868, 1649, ' ARROYO FONTANA '),
(3869, 1649, ' ARROYO FRANCISCO '),
(3870, 1649, ' ARROYO FULMINANTE '),
(3871, 1649, ' ARROYO GALPON '),
(3872, 1649, ' ARROYO GALLITO '),
(3873, 1649, ' ARROYO GALLO FIAMBRE '),
(3874, 1649, ' ARROYO GAMBADO '),
(3878, 1649, ' ARROYO GAVIOTAS '),
(3879, 1649, ' ARROYO GELVEZ '),
(3880, 1649, ' ARROYO GLORIETA '),
(3884, 7174, ' ARROYO GRANDE (CNEL. VIDAL-PDO. MAR CHIQUITA) '),
(3885, 1649, ' ARROYO GRANDE (TIGRE-PDO. SAN FERNANDO) '),
(3886, 1649, ' ARROYO GUAYRACA '),
(3887, 1649, ' ARROYO GUAZUCITO '),
(3888, 1649, ' ARROYO GUAZU NAMBI '),
(3890, 1649, ' ARROYO GUTIERREZ '),
(3892, 1649, ' ARROYO HERMANA GRANDE '),
(3893, 1649, ' ARROYO HERMANA PRIMERA '),
(3894, 1649, ' ARROYO HERMANA SEGUNDA '),
(3898, 1649, ' ARROYO IDAHONE '),
(3899, 1649, ' ARROYO INCA '),
(3902, 1649, ' ARROYO LA BARQUITA '),
(3904, 1649, ' ARROYO LA CASILLA '),
(3905, 1649, ' ARROYO LA CASTILLA '),
(3906, 1649, ' ARROYO LA GLORIETA '),
(3907, 1649, ' ARROYO LAGUNA '),
(3908, 1649, ' ARROYO LAGUNA GRANDE '),
(3910, 1649, ' ARROYO LA HORCA '),
(3911, 1649, ' ARROYO LA LINDA '),
(3912, 1923, ' ARROYO LA MAZA '),
(3913, 1649, ' ARROYO LA NEGRA '),
(3917, 1649, ' ARROYO LA RAYA '),
(3918, 1649, ' ARROYO LARGO '),
(3920, 1649, ' ARROYO LAS BALDOSAS '),
(3921, 1649, ' ARROYO LAS BOGAS '),
(3922, 1649, ' ARROYO LAS CAÑAS '),
(3923, 1649, ' ARROYO LAS CASAS '),
(3925, 1649, ' ARROYO LAS NACIONES '),
(3926, 1649, ' ARROYO LAS PIEDRAS '),
(3927, 2805, ' ARROYO LAS ROSAS (CAMPANA-PDO. CAMPANA) '),
(3928, 1625, ' ARROYO LAS ROSAS (ESCOBAR-PDO. ESCOBAR) '),
(3929, 1649, ' ARROYO LAS ROSAS (TIGRE-PDO. TIGRE) '),
(3931, 1649, ' ARROYO LAS VIBORAS '),
(3932, 1649, ' ARROYO LAS VIUDAS '),
(3935, 1649, ' ARROYO LAZARO '),
(3936, 1649, ' ARROYO LEIVA '),
(3938, 1649, ' ARROYO LIMA '),
(3941, 1649, ' ARROYO LOS GRILLOS '),
(3942, 1649, ' ARROYO LOS LOBOS (PDO. SAN FERNANDO) '),
(3943, 1649, ' ARROYO LOS NEGROS '),
(3947, 2805, ' ARROYO LOS TIGRES '),
(3949, 1649, ' ARROYO MACHADO '),
(3952, 1649, ' ARROYO MALO '),
(3954, 1649, ' ARROYO MALVINAS '),
(3957, 1649, ' ARROYO MANZANO DE LA BARCA '),
(3958, 1649, ' ARROYO MANZANO DE MEDINA '),
(3964, 1649, ' ARROYO MARTINEZ (TIGRE-PDO. TIGRE) '),
(3966, 1649, ' ARROYO MEDINA '),
(3967, 1649, ' ARROYO MELINDRE '),
(3969, 1649, ' ARROYO MENDEZ CHICO '),
(3970, 1649, ' ARROYO MENDEZ GRANDE '),
(3974, 1649, ' ARROYO MORAN '),
(3975, 1649, ' ARROYO MORANCITO '),
(3976, 1649, ' ARROYO MORAS '),
(3979, 1649, ' ARROYO NACIONES '),
(3980, 1649, ' ARROYO NARANJITO '),
(3981, 1649, ' ARROYO NARANJO '),
(3982, 1649, ' ARROYO NARANJO BORCHES '),
(3984, 1649, ' ARROYO NEGRO (TIGRE-PDO. CAMPANA) '),
(3985, 2800, ' ARROYO NEGRO (ZARATE-PDO. ZARATE) '),
(3986, 1649, ' ARROYO NOGAL '),
(3987, 1649, ' ARROYO NUEVE DE JULIO '),
(3988, 2800, ' ARROYO ÑACURUTU '),
(3989, 2805, ' ARROYO ÑACURUTU CHICO '),
(3992, 1649, ' ARROYO PACIENCIA '),
(3995, 1649, ' ARROYO PACIFICO (CAPITAN) '),
(3996, 1649, ' ARROYO PACIFICO (DE LA SERNA) '),
(3997, 1649, ' ARROYO PACU '),
(3999, 1649, ' ARROYO PAJAL '),
(4000, 1649, ' ARROYO PAJARITO '),
(4003, 1649, ' ARROYO PANTANOCITO '),
(4004, 1649, ' ARROYO PANTANOSO '),
(4005, 1649, ' ARROYO PARAGUAY '),
(4006, 8111, ' ARROYO PAREJA '),
(4008, 1649, ' ARROYO PATI '),
(4009, 1649, ' ARROYO PAYCARABI '),
(4010, 1649, ' ARROYO PAYCARABICITO '),
(4020, 2805, ' ARROYO PESQUERIA '),
(4022, 1649, ' ARROYO PINERAL '),
(4025, 1649, ' ARROYO POLVORA '),
(4027, 1649, ' ARROYO PORFIADO '),
(4028, 1649, ' ARROYO PRIMERA HERMANA '),
(4033, 1649, ' ARROYO RAMALLO '),
(4034, 1649, ' ARROYO RAMA NEGRA '),
(4035, 1649, ' ARROYO RAYA '),
(4036, 1649, ' ARROYO REMANCITO (CARABELAS) '),
(4037, 1649, ' ARROYO REMANCITO (MENDEZ GRANDE) '),
(4038, 1649, ' ARROYO REYES '),
(4039, 1649, ' ARROYO RICO '),
(4040, 1649, ' ARROYO RINCONADA '),
(4041, 1649, ' ARROYO RODEO '),
(4042, 1649, ' ARROYO ROMANCITO '),
(4043, 1649, ' ARROYO ROMERO '),
(4044, 1649, ' ARROYO SABALOS '),
(4053, 1649, ' ARROYO SAN SALVADOR '),
(4057, 1649, ' ARROYO SANTA ROSA '),
(4058, 1649, ' ARROYO SANTO DOMINGO '),
(4061, 1647, ' ARROYO SARANDI '),
(4064, 1649, ' ARROYO SAUCE LLORON '),
(4068, 1649, ' ARROYO SEGUNDA HERMANA '),
(4071, 1649, ' ARROYO SURUBI '),
(4072, 2805, ' ARROYO TAJIBER '),
(4074, 1649, ' ARROYO TARARIRAS '),
(4075, 1649, ' ARROYO TELA '),
(4077, 1649, ' ARROYO TIBER '),
(4078, 1649, ' ARROYO TIBURON '),
(4081, 1647, ' ARROYO TOLEDITO '),
(4083, 1649, ' ARROYO TOLEDO (PALMAS) '),
(4084, 1649, ' ARROYO TOLEDO (PARANA MINI) '),
(4086, 1649, ' ARROYO TORITO '),
(4087, 1649, ' ARROYO TORO '),
(4089, 1649, ' ARROYO TRES SARGENTOS '),
(4091, 1649, ' ARROYO TUYUPARE '),
(4094, 1649, ' ARROYO VEINTICINCO DE NOVIEMBRE '),
(4095, 6437, ' ARROYO VENADO '),
(4099, 1649, ' ARROYO VERON '),
(4100, 1649, ' ARROYO VICO '),
(4103, 2805, ' ARROYO ZANJON '),
(4110, 1895, ' ARTURO SEGUI '),
(4111, 6433, ' ARTURO VATTEONE '),
(4112, 6640, ' ASAMBLEA '),
(4114, 6003, ' ASCENSION '),
(4126, 6469, ' ASTURIAS '),
(4130, 6471, ' ATAHUALPA '),
(4132, 1913, ' ATALAYA '),
(4138, 7116, ' ATILIO PESSAGNO '),
(4144, 2808, ' ATUCHA '),
(4154, 7165, ' AUTOCAMPING EL PINAR '),
(4155, 7105, ' AUTOCAMPING SAN CLEMENTE '),
(4161, 1870, ' AVELLANEDA '),
(4167, 8183, ' AVESTRUZ '),
(4171, 7150, ' AYACUCHO '),
(4178, 6721, ' AZCUENAGA '),
(4180, 8181, ' AZOPARDO '),
(4183, 7005, ' AZUCENA '),
(4184, 7300, ' AZUL '),
(4188, 6516, ' BACACAY '),
(4190, 6403, ' BADANO '),
(4194, 8000, ' BAHIA BLANCA '),
(4195, 8000, ' BAHIA BLANCA NOROESTE '),
(4203, 8506, ' BAHIA SAN BLAS '),
(4209, 6013, ' BAIGORRITA '),
(4259, 8115, ' BAJO HONDO '),
(4279, 7620, ' BALCARCE '),
(4334, 8109, ' BALNEARIO (PARADA) '),
(4335, 7112, ' BALNEARIO AGUAS VERDES '),
(4336, 1744, ' BALNEARIO CASCALLARES '),
(4337, 7505, ' BALNEARIO CLAROMECO '),
(4343, 7609, ' BALNEARIO MAR CHIQUITA '),
(4346, 7511, ' BALNEARIO OCEANO '),
(4348, 1802, ' BALNEARIO POPULAR '),
(4349, 1931, ' BALNEARIO PUNTA LARA '),
(4350, 7511, ' BALNEARIO RETA '),
(4351, 8153, ' BALNEARIO SAUCE GRANDE '),
(4352, 6070, ' BALSA '),
(4373, 6244, ' BANDERALO '),
(4376, 1828, ' BANFIELD '),
(4400, 2942, ' BARADERO '),
(4416, 7005, ' BARKER '),
(4461, 7247, ' BARRIENTOS '),
(4465, 2700, ' BARRIO ACEVEDO '),
(4467, 1714, ' BARRIO AERONAUTICO '),
(4473, 7600, ' BARRIO ALFAR '),
(4474, 1714, ' BARRIO ALFREDO L. PALACIOS '),
(4476, 8000, ' BARRIO ALMAFUERTE (BAHIA BLANCA-PDO. BAHIA BLANCA'),
(4477, 1856, ' BARRIO ALMAFUERTE (GLEW-PDO. ALMTE. BROWN) '),
(4478, 1766, ' BARRIO ALMAFUERTE (TABLADA-PDO. LA MATANZA) '),
(4482, 1665, ' BARRIO ALTOS DE JOSE C. PAZ '),
(4483, 1757, ' BARRIO ALTOS DE LAFERRERE '),
(4484, 1806, ' BARRIO ALTOS DE TRISTAN SUAREZ '),
(4487, 1836, ' BARRIO ALTO VERDE (LLAVALLOL-PDO. LOMAS DE ZAMORA'),
(4488, 2900, ' BARRIO ALTO VERDE (SAN NICOLAS-PDO. SAN NICOLAS) '),
(4494, 1665, ' BARRIO ANTARTIDA ARGENTINA '),
(4495, 1742, ' BARRIO ARCO IRIS '),
(4496, 1665, ' BARRIO ARGITAL '),
(4499, 1852, ' BARRIO ARZENO '),
(4500, 1847, ' BARRIO ASUNCION '),
(4501, 1804, ' BARRIO A.T.E. '),
(4504, 8000, ' BARRIO AVELLANEDA (PDO. BAHIA BLANCA) '),
(4505, 1708, ' BARRIO AVIACION '),
(4507, 1611, ' BARRIO BAIRES '),
(4510, 7630, ' BARRIO BANCO PROVINCIA '),
(4511, 1663, ' BARRIO BARILARI '),
(4513, 7601, ' BARRIO BATAN '),
(4522, 1619, ' BARRIO BELIERA '),
(4526, 1642, ' BARRIO BOATING CLUB '),
(4528, 7600, ' BARRIO BOSQUE ALEGRE '),
(4536, 1759, ' BARRIO CALDERON DE LA BARCA '),
(4540, 2900, ' BARRIO CARCEL '),
(4542, 6000, ' BARRIO CAROSIO '),
(4544, 1744, ' BARRIO CASCALLARES '),
(4549, 1884, ' BARRIO CENTENARIO '),
(4551, 2741, ' BARRIO CENTRAL '),
(4552, 7630, ' BARRIO CENTRO '),
(4557, 1888, ' BARRIO CINCO ESQUINAS '),
(4558, 8109, ' BARRIO CIUDAD ATLANTIDA '),
(4561, 2930, ' BARRIO COBOS '),
(4568, 1763, ' BARRIO COLONIA SAN LORENZO '),
(4571, 7600, ' BARRIO CONSTITUCION '),
(4572, 1888, ' BARRIO CORTEZ '),
(4573, 1663, ' BARRIO CORTIJO NUEVO '),
(4577, 1667, ' BARRIO CHELITO '),
(4580, 1657, ' BARRIO CHURRUCA '),
(4583, 1708, ' BARRIO DE LA MERCED '),
(4586, 1806, ' BARRIO DEL PLATA '),
(4588, 2900, ' BARRIO DESTILERIA '),
(4589, 1659, ' BARRIO DE SUBOFICIALES SARGENTO CABRAL (APEADERO ');
INSERT INTO `cp` (`codlocalidad`, `cp`, `localidad`) VALUES
(4590, 1615, ' BARRIO DEVOTO '),
(4593, 1611, ' BARRIO DOCTOR RICARDO GUTIERREZ '),
(4595, 2914, ' BARRIO DON ANTONIO '),
(4597, 7600, ' BARRIO DON BOSCO '),
(4599, 1854, ' BARRIO DON LUIS '),
(4601, 1852, ' BARRIO DOÑA SOL '),
(4603, 1881, ' BARRIO DRAIMAR '),
(4604, 1881, ' BARRIO DREYMAR II '),
(4605, 1765, ' BARRIO EL ATALAYA '),
(4607, 1617, ' BARRIO EL BOYERO '),
(4609, 8109, ' BARRIO EL CASTILLO '),
(4610, 1663, ' BARRIO EL CORTIJO '),
(4611, 1686, ' BARRIO EL DESTINO '),
(4612, 1759, ' BARRIO EL DORADO (GONZALEZ CATAN-PDO. LA MATANZA)'),
(4613, 1879, ' BARRIO EL DORADO (QUILMES OESTE-PDO. QUILMES) '),
(4614, 1617, ' BARRIO EL EMBRUJO '),
(4615, 1663, ' BARRIO EL FARO '),
(4616, 1852, ' BARRIO EL GAUCHO (BURZACO-PDO. ALMIRANTE BROWN) '),
(4617, 7600, ' BARRIO EL GAUCHO (MAR DEL PLATA-PDO. GENERAL PUEY'),
(4618, 1852, ' BARRIO EL HORNERO '),
(4619, 7130, ' BARRIO EL HUECO '),
(4620, 1613, ' BARRIO EL JAGUEL '),
(4622, 1613, ' BARRIO EL LUCERO '),
(4623, 1765, ' BARRIO EL MANZANAR '),
(4624, 1759, ' BARRIO EL MOJON '),
(4626, 1613, ' BARRIO EL OMBU (LOS POLVORINES-PDO. GRAL. SARMIEN'),
(4627, 1761, ' BARRIO EL OMBU (PONTEVEDRA-PDO. MERLO) '),
(4628, 1884, ' BARRIO EL ONCE '),
(4630, 1891, ' BARRIO EL PARQUE '),
(4632, 1849, ' BARRIO EL PATRONATO '),
(4633, 1617, ' BARRIO EL PEREJIL '),
(4634, 1722, ' BARRIO EL PERICON '),
(4636, 1746, ' BARRIO EL PORVENIR '),
(4639, 1882, ' BARRIO EL REFUGIO '),
(4640, 2741, ' BARRIO EL RETIRO '),
(4641, 1761, ' BARRIO EL SOL (PONTEVEDRA-PDO. MERLO) '),
(4642, 1763, ' BARRIO EL SOL (PUENTE EZCURRA-PDO. LA MATANZA) '),
(4643, 1849, ' BARRIO EL TREBOL '),
(4644, 1889, ' BARRIO EL 36 '),
(4645, 1617, ' BARRIO EL ZORZAL '),
(4646, 7600, ' BARRIO EMIR RAMON JUAREZ '),
(4650, 1617, ' BARRIO ENRIQUE DELFINO '),
(4652, 1763, ' BARRIO ESPERANZA '),
(4653, 7100, ' BARRIO ESTACION DOLORES '),
(4655, 7631, ' BARRIO ESTACION QUEQUEN '),
(4657, 1802, ' BARRIO ESTEBAN ECHEVERRIA '),
(4660, 7600, ' BARRIO FARO NORTE '),
(4664, 1617, ' BARRIO FERRINI '),
(4665, 1882, ' BARRIO FERROVIARIO '),
(4668, 6620, ' BARRIO FLORENCIO VARELA '),
(4669, 7600, ' BARRIO FLORENTINO AMEGHINO '),
(4676, 1665, ' BARRIO FRINO '),
(4677, 1623, ' BARRIO GARIN NORTE '),
(4678, 7600, ' BARRIO GASTRONOMICO '),
(4680, 1884, ' BARRIO GENERAL BELGRANO (BERAZATEGUI-PDO. BERAZAT'),
(4682, 1888, ' BARRIO GENERAL BELGRANO (FLORENCIO VARELA-PDO. F.'),
(4683, 1854, ' BARRIO GENERAL BELGRANO (LONGCHAMPS-PDO. ALMIRANT'),
(4684, 1746, ' BARRIO GENERAL GUEMES '),
(4688, 1772, ' BARRIO GENERAL JOSE M. PAZ '),
(4690, 2700, ' BARRIO GENERAL MANUEL BELGRANO '),
(4691, 2901, ' BARRIO GENERAL MANUEL SAVIO '),
(4693, 1642, ' BARRIO GENERAL PUEYRREDON '),
(4694, 7600, ' BARRIO GENERAL ROCA '),
(4698, 6000, ' BARRIO GENERAL SAN MARTIN '),
(4699, 1856, ' BARRIO GORRITI '),
(4705, 1842, ' BARRIO GRANDE '),
(4707, 1847, ' BARRIO GUADALUPE (RAFAEL CALZADA-PDO. ALMIRANTE B'),
(4708, 1881, ' BARRIO GUADALUPE (SAN FRANCISCO SOLANO-PDO. QUILM'),
(4711, 1878, ' BARRIO HORNOS '),
(4713, 1763, ' BARRIO IGNACIO ARIETA '),
(4714, 1759, ' BARRIO INDEPENDENCIA '),
(4715, 6400, ' BARRIO INDIO TROMPA '),
(4718, 1615, ' BARRIO IPARRAGUIRRE '),
(4720, 1665, ' BARRIO IRIGOIN '),
(4724, 1884, ' BARRIO JACARANDA '),
(4726, 7400, ' BARRIO JARDIN '),
(4728, 1744, ' BARRIO JARDINES DE MORENO '),
(4732, 1686, ' BARRIO JHONSON '),
(4738, 1661, ' BARRIO JORGE NEWBERY (BELLA VISTA-PDO. GRAL. SARM'),
(4739, 1757, ' BARRIO JORGE NEWBERY (G. LAFERRERE-PDO. LA MATANZ'),
(4740, 1744, ' BARRIO JOSE A. CORTEJARENA '),
(4742, 2700, ' BARRIO JOSE HERNANDEZ '),
(4743, 1778, ' BARRIO JOSE INGENIEROS '),
(4744, 7600, ' BARRIO JOSE MANUEL ESTRADA '),
(4746, 7600, ' BARRIO JUAN GREGORIO DE LAS HERAS '),
(4749, 6500, ' BARRIO JULIO DE VEDIA '),
(4750, 7600, ' BARRIO JURAMENTO '),
(4752, 8000, ' BARRIO KILOMETRO 5 '),
(4753, 1619, ' BARRIO KM. 48 '),
(4755, 1708, ' BARRIO LA CABA#A '),
(4757, 1852, ' BARRIO LA CARLOTA '),
(4758, 1891, ' BARRIO LA CAROLINA '),
(4759, 1852, ' BARRIO LA CUMBRE (BURZACO-PDO. ALMIRANTE BROWN) '),
(4760, 1980, ' BARRIO LA DOLLY '),
(4761, 1763, ' BARRIO LA ELVIRA '),
(4762, 1759, ' BARRIO LA ENCARNACION '),
(4764, 1888, ' BARRIO LA ESMERALDA '),
(4765, 1663, ' BARRIO LA ESTRELLA '),
(4766, 8000, ' BARRIO LA FALDA '),
(4769, 1763, ' BARRIO LA FORESTA '),
(4771, 1765, ' BARRIO LA FRAGATA '),
(4774, 1847, ' BARRIO LA GLORIA '),
(4775, 1667, ' BARRIO LA GRANJA '),
(4778, 1849, ' BARRIO LA JOVITA '),
(4779, 1759, ' BARRIO LA JUSTINA '),
(4781, 1884, ' BARRIO LA LOMA '),
(4783, 7400, ' BARRIO LA LUISA '),
(4785, 1763, ' BARRIO LA MERCEDES '),
(4786, 1842, ' BARRIO LA MORITA '),
(4788, 1842, ' BARRIO LANDA '),
(4789, 1894, ' BARRIO LA PERLA '),
(4791, 1744, ' BARRIO LA PORTEÑA (MORENO-PDO. MORENO) '),
(4792, 1806, ' BARRIO LA PORTEÑA (TRISTAN SUAREZ-PDO. ESTEBAN EC'),
(4794, 1746, ' BARRIO LA PROVIDENCIA '),
(4795, 1667, ' BARRIO LA QUERENCIA '),
(4796, 1763, ' BARRIO LA RECOLETA '),
(4797, 1742, ' BARRIO LA RECONQUISTA '),
(4798, 1856, ' BARRIO LA REFORMA '),
(4799, 1746, ' BARRIO LA REJA GRANDE '),
(4800, 2804, ' BARRIO LAS ACACIAS (CAMPANA-PDO. CAMPANA) '),
(4801, 1665, ' BARRIO LAS ACACIAS (JOSE C. PAZ-PDO. GRAL. SARMIE'),
(4802, 1772, ' BARRIO LAS ACHIRAS '),
(4803, 2930, ' BARRIO LAS CANALETAS '),
(4806, 1665, ' BARRIO LAS HERAS '),
(4807, 1890, ' BARRIO LAS HERMANAS '),
(4808, 1888, ' BARRIO LA SIRENA '),
(4809, 2900, ' BARRIO LAS LOMAS '),
(4811, 1849, ' BARRIO LAS MALVINAS '),
(4812, 1980, ' BARRIO LAS MANDARINAS '),
(4814, 1889, ' BARRIO LAS MARGARITAS (EL ROCIO-PDO. FLORENCIO VA'),
(4815, 1879, ' BARRIO LAS MARGARITAS (QUILMES OESTE-PDO. QUILMES'),
(4816, 1838, ' BARRIO LAS MORERAS '),
(4817, 1759, ' BARRIO LAS NIEVES '),
(4820, 1744, ' BARRIO LAS ROSAS '),
(4821, 1849, ' BARRIO LAS TUNAS '),
(4823, 1846, ' BARRIO LA TABLADA '),
(4824, 1761, ' BARRIO LA TEJA '),
(4826, 1746, ' BARRIO LA TRADICION '),
(4827, 1765, ' BARRIO LA UNION '),
(4828, 1744, ' BARRIO LA VICTORIA '),
(4830, 1763, ' BARRIO LELOIR DE QUIROGA '),
(4833, 1655, ' BARRIO LIBERTADOR '),
(4835, 1838, ' BARRIO LINDO '),
(4836, 8000, ' BARRIO LOMA PARAGUAYA '),
(4837, 1846, ' BARRIO LOMA VERDE '),
(4839, 1854, ' BARRIO LOS ALAMOS '),
(4840, 7600, ' BARRIO LOS ANDES '),
(4841, 1669, ' BARRIO LOS CACHORROS '),
(4842, 1765, ' BARRIO LOS CEDROS '),
(4844, 1744, ' BARRIO LOS CUATRO VIENTOS '),
(4845, 1746, ' BARRIO LOS EUCALIPTOS (FRANCISCO ALVAREZ-PDO. MOR'),
(4846, 1879, ' BARRIO LOS EUCALIPTOS (QUILMES OESTE-PDO. QUILMES'),
(4847, 1663, ' BARRIO LOS EUCALIPTOS (SAN MIGUEL-PDO. GRAL. SARM'),
(4848, 1838, ' BARRIO LOS EUCALIPTUS (LUIS GUILLON-PDO. E. ECHEV'),
(4849, 1667, ' BARRIO LOS GALLITOS '),
(4851, 1744, ' BARRIO LOS LIMONES '),
(4852, 1884, ' BARRIO LOS MANZANOS '),
(4855, 1663, ' BARRIO LOS NOGALES '),
(4858, 1716, ' BARRIO LOS PARAISOS (LIBERTAD-PDO. MERLO) '),
(4859, 1664, ' BARRIO LOS PARAISOS (TRUJUI-PDO. MORENO) '),
(4861, 1836, ' BARRIO LOS PINOS (LLAVALLOL-PDO. LOMAS DE ZAMORA)'),
(4862, 1884, ' BARRIO LOS PINOS (PDO. BERAZATEGUI'),
(4863, 1663, ' BARRIO LOS PINOS (S. MIGUEL ESTAF. N 6-PDO. GRAL.'),
(4864, 1884, ' BARRIO LOS TRONCOS '),
(4865, 1617, ' BARRIO LOS TRONCOS DEL TALAR '),
(4866, 1722, ' BARRIO LOS VASCOS '),
(4869, 2804, ' BARRIO LUBO '),
(4870, 1884, ' BARRIO LUCHETTI '),
(4871, 1806, ' BARRIO LUJAN '),
(4875, 8000, ' BARRIO MALDONADO '),
(4877, 2700, ' BARRIO MALVINAS ARGENTINAS '),
(4878, 1708, ' BARRIO MANZANAR DE KAISER '),
(4879, 1746, ' BARRIO MARAVILLA DEL OESTE '),
(4881, 1765, ' BARRIO MARCONI '),
(4882, 7109, ' BARRIO MAR DE AJO NORTE '),
(4886, 1828, ' BARRIO MARIANO MORENO (BANFIELD-PDO. LOMAS DE ZAM'),
(4887, 1686, ' BARRIO MARIANO MORENO (HURLINGHAM-PDO. MORON) '),
(4888, 1663, ' BARRIO MARIANO MORENO (SAN MIGUEL-PDO. GRAL. SARM'),
(4889, 1822, ' BARRIO MARIANO MORENO (VALENTIN ALSINAPDO. LANUS)'),
(4890, 1714, ' BARRIO MARINA '),
(4891, 1885, ' BARRIO MARITIMO '),
(4893, 1842, ' BARRIO MARTINEZ MORENO '),
(4894, 1663, ' BARRIO MARTIN FIERRO (SAN MIGUEL-PDO. GRAL. SARMI'),
(4895, 1657, ' BARRIO MARTIN FIERRO (VILLA LOMA HERMOSA-PDO. SAN'),
(4899, 1661, ' BARRIO MAYOR IRUSTA '),
(4906, 1663, ' BARRIO MITRE (SAN MIGUEL-PDO. GRAL. SARMIENTO) '),
(4907, 2900, ' BARRIO MITRE (SAN NICOLAS-PDO. SAN NICOLAS) '),
(4908, 1842, ' BARRIO MONTECARLO '),
(4909, 1888, ' BARRIO MONTE CUDINE '),
(4910, 1842, ' BARRIO MONTE CHICO '),
(4911, 1888, ' BARRIO MONTEVERDE '),
(4913, 1759, ' BARRIO NAHUEL '),
(4917, 1888, ' BARRIO NOBILE '),
(4918, 8000, ' BARRIO NOROESTE '),
(4921, 1663, ' BARRIO NORTE SARMIENTO '),
(4922, 2900, ' BARRIO NOVAMUR '),
(4923, 1842, ' BARRIO NUESTRAS MALVINAS '),
(4925, 7630, ' BARRIO NUESTRO HOGAR '),
(4927, 7630, ' BARRIO NUEVA POMPEYA '),
(4930, 1888, ' BARRIO 9 DE JULIO (FLORENCIO VARELA-PDO. FLORENCI'),
(4931, 1665, ' BARRIO 9 DE JULIO (JOSE C. PAZ-PDO. GRAL. SARMIEN'),
(4932, 7600, ' BARRIO 9 DE JULIO (MAR DEL PLATA-PDO. GRAL. PUEYR'),
(4933, 2900, ' BARRIO 9 DE JULIO (SAN NICOLAS-PDO. S. NICOLAS) '),
(4935, 1716, ' BARRIO NUEVO '),
(4937, 1661, ' BARRIO OBLIGADO '),
(4940, 7630, ' BARRIO OBRERO (NECOCHEA-PDO. NECOCHEA) '),
(4941, 6450, ' BARRIO OBRERO (PEHUAJO-PDO. PEHUAJO) '),
(4942, 1607, ' BARRIO OBRERO FERROVIARIO '),
(4943, 1874, ' BARRIO OBRERO VILLA AVELLANEDA '),
(4945, 7607, ' BARRIO OESTE '),
(4948, 1761, ' BARRIO OLAECHEA '),
(4951, 1763, ' BARRIO ORO VERDE '),
(4954, 1888, ' BARRIO PALERMO CHICO '),
(4956, 6600, ' BARRIO PAMPA CHICA '),
(4957, 1686, ' BARRIO PARADA GALLO '),
(4958, 1650, ' BARRIO PARA JEFES Y OFICIALES GENERAL SAN MARTIN '),
(4960, 2900, ' BARRIO PARQUE '),
(4962, 1613, ' BARRIO PARQUE ALVEAR '),
(4964, 1832, ' BARRIO PARQUE BARON '),
(4966, 7607, ' BARRIO PARQUE BRISTOL '),
(4967, 7600, ' BARRIO PARQUE CAMET '),
(4970, 1665, ' BARRIO PARQUE EL OMBU '),
(4971, 8000, ' BARRIO PARQUE FLORIDA '),
(4973, 1856, ' BARRIO PARQUE IPONA '),
(4974, 1667, ' BARRIO PARQUE KANMAR '),
(4975, 7600, ' BARRIO PARQUE LA FLORIDA '),
(4976, 1663, ' BARRIO PARQUE LA GLORIA '),
(4977, 1623, ' BARRIO PARQUE LAMBARE '),
(4979, 7600, ' BARRIO PARQUE LURO '),
(4980, 1849, ' BARRIO PARQUE MARIANO MORENO '),
(4982, 8000, ' BARRIO PARQUE PATAGONIA '),
(4983, 1708, ' BARRIO PARQUE PELUFFO '),
(4984, 1669, ' BARRIO PARQUE PERO '),
(4985, 1686, ' BARRIO PARQUE QUIRNO '),
(4987, 1856, ' BARRIO PARQUE ROMA '),
(4988, 1744, ' BARRIO PARQUE SAMBRIZZI '),
(4989, 1665, ' BARRIO PARQUE SAN MIGUEL '),
(4992, 1828, ' BARRIO PARQUE UNION Y FRATERNIDAD '),
(4993, 1876, ' BARRIO PASCO '),
(4995, 7109, ' BARRIO PEDRO J. ROCCO '),
(4997, 8000, ' BARRIO PEDRO PICO '),
(4999, 7600, ' BARRIO PINARES '),
(5000, 1669, ' BARRIO PINAZO '),
(5001, 1714, ' BARRIO PINTEMAR '),
(5002, 1759, ' BARRIO PITALUGA '),
(5006, 1772, ' BARRIO PRESIDENTE SARMIENTO '),
(5007, 1772, ' BARRIO PRESIDENTE URQUIZA '),
(5008, 7600, ' BARRIO PRIMERA JUNTA '),
(5010, 1814, ' BARRIO PRIMERO DE MAYO '),
(5012, 1804, ' BARRIO PROGRESO '),
(5017, 1828, ' BARRIO PROVINCIAS UNIDAS '),
(5020, 1713, ' BARRIO PUENTE ROCA '),
(5024, 1613, ' BARRIO QUESADA PACHECO '),
(5026, 1884, ' BARRIO RAYO DE SOL (BERAZATEGUI-PDO. BERAZATEGUI)'),
(5027, 1854, ' BARRIO RAYO DE SOL (LONGCHAMPS-PDO. ALMIRANTE BRO'),
(5032, 1617, ' BARRIO RESIDENCIAL ESTANCIA GENERAL PACHECO '),
(5034, 1888, ' BARRIO RESIDENCIAL SAN EMILIO '),
(5036, 1889, ' BARRIO RICARDO ROJAS (EL ROCIO-PDO. FLORENCIO VAR'),
(5037, 1617, ' BARRIO RICARDO ROJAS (GENERAL PACHECO-PDO. TIGRE)'),
(5046, 1617, ' BARRIO RODRIGUEZ '),
(5048, 8000, ' BARRIO ROSARIO SUD '),
(5049, 7630, ' BARRIO ROSI '),
(5052, 1852, ' BARRIO SAKURA '),
(5053, 1629, ' BARRIO SAN ALEJO '),
(5055, 8000, ' BARRIO SAN BLAS '),
(5057, 1765, ' BARRIO SAN CARLOS (ISIDRO CASANOVA-PDO. LA MATANZ'),
(5058, 7601, ' BARRIO SAN CARLOS (LA PEREGRINA-PDO. GRAL PUEYRRE'),
(5061, 1765, ' BARRIO SAN CAYETANO (ISIDRO CASANOVA-PDO. LA MATA'),
(5062, 7600, ' BARRIO SAN CAYETANO (MAR DEL PLATA-PDO. GRAL. PUE'),
(5063, 1834, ' BARRIO SAN CRISTOBAL '),
(5064, 1879, ' BARRIO SAN DOMINGO '),
(5066, 1888, ' BARRIO SAN EDUARDO '),
(5067, 1759, ' BARRIO SAN ENRIQUE '),
(5069, 1834, ' BARRIO SAN FERNANDO '),
(5071, 1708, ' BARRIO SAN FRANCISCO '),
(5075, 1804, ' BARRIO SAN IGNACIO (EZEIZA-PDO. E. ECHEVERRIA) '),
(5076, 1763, ' BARRIO SAN IGNACIO (VIRREY DEL PINO-PDO. LA MATAN'),
(5078, 1651, ' BARRIO SAN IGNACIO DE LOYOLA '),
(5079, 2800, ' BARRIO SAN JACINTO '),
(5081, 1847, ' BARRIO SAN JAVIER '),
(5083, 1888, ' BARRIO SAN JORGE (FLORENCIO VARELA-PDO. FLORENCIO'),
(5084, 1613, ' BARRIO SAN JORGE (LOS POLVORINES-PDO. GRAL. SARMI'),
(5085, 1646, ' BARRIO SAN JORGE (SAN FERNANDO-PDO. SAN FERNANDO)'),
(5088, 1765, ' BARRIO SAN JOSE (ISIDRO CASANOVA-PDO. LA MATANZA)'),
(5089, 7600, ' BARRIO SAN JOSE (MAR DEL PLATA-PDO. GRAL. PUEYRRE'),
(5090, 1744, ' BARRIO SAN JOSE (MORENO-PDO. MORENO) '),
(5091, 1708, ' BARRIO SAN JOSE (MORON-PDO. MORON) '),
(5092, 1835, ' BARRIO SAN JOSE (PDO. LOMAS DE ZAMORA) '),
(5094, 1846, ' BARRIO SAN JUAN (ALMIRANTE BROWN-PDO. ALMIRANTE B'),
(5095, 1884, ' BARRIO SAN JUAN (BERAZATEGUI-PDO. BERAZATEGUI) '),
(5096, 1765, ' BARRIO SAN JUAN (ISIDRO CASANOVA-PDO. LA MATANZA)'),
(5097, 1714, ' BARRIO SAN JUAN (ITUZAINGO-PDO. MORON) '),
(5098, 7600, ' BARRIO SAN JUAN (MAR DEL PLATA-PDO. GRAL. PUEYRRE'),
(5099, 1834, ' BARRIO SAN JUAN (TEMPERLEY-PDO. LOMAS DE ZAMORA) '),
(5105, 1849, ' BARRIO SAN LUCAS '),
(5106, 1665, ' BARRIO SAN LUIS '),
(5109, 1763, ' BARRIO SAN MARIANO '),
(5112, 8000, ' BARRIO SAN MARTIN (PDO. BAHIA BLANCA) '),
(5113, 7163, ' BARRIO SAN MARTIN (PDO. GENERAL MADARIAGA) '),
(5115, 1765, ' BARRIO SAN MIGUEL '),
(5116, 1888, ' BARRIO SAN NICOLAS '),
(5118, 1862, ' BARRIO SAN PABLO '),
(5119, 1757, ' BARRIO SAN PEDRO (LAFERRERE-PDO. LA MATANZA) '),
(5120, 1763, ' BARRIO SAN PEDRO (PUENTE EZCURRA-PDO. LA MATANZA)'),
(5121, 1847, ' BARRIO SAN PEDRO (RAFAEL CALZADA-PDO. ALMIRANTE B'),
(5124, 8000, ' BARRIO SAN ROQUE (BAHIA BLANCA-PDO. BAHIA BLANCA)'),
(5125, 1884, ' BARRIO SAN ROQUE (BERAZATEGUI-PDO. BERAZATEGUI) '),
(5126, 1665, ' BARRIO SAN ROQUE (JOSE C. PAZ-PDO. GRAL. SARMIENT'),
(5127, 1776, ' BARRIO SAN SEBASTIAN '),
(5128, 1763, ' BARRIO SANTA AMELIA '),
(5130, 1663, ' BARRIO SANTA BRIGIDA '),
(5131, 1836, ' BARRIO SANTA CATALINA (LLAVALLOL-PDO. LOMAS DE ZA'),
(5132, 1881, ' BARRIO SANTA CATALINA (SAN FRANCISCO SOLANO-PDO. '),
(5134, 1849, ' BARRIO SANTA CLARA '),
(5136, 1723, ' BARRIO SANTA ISABEL (MARIANO ACOSTA-PDO. MERLO) '),
(5137, 1842, ' BARRIO SANTA ISABEL (MONTE GRANDE-PDO. ESTEBAN EC'),
(5138, 1881, ' BARRIO SANTA ISABEL (SAN FRANCISCO SOLANO-PDO. QU'),
(5140, 1615, ' BARRIO SANTA LUCIA '),
(5141, 1862, ' BARRIO SANTA MAGDALENA '),
(5143, 1759, ' BARRIO SANTA MARIA '),
(5144, 6700, ' BARRIO SANTA MARTA (LUJAN-PDO. LUJAN) '),
(5145, 1806, ' BARRIO SANTA MARTA (TRISTAN SUAREZ-PDO. ESTEBAN E'),
(5146, 1665, ' BARRIO SANTA PAULA '),
(5149, 1619, ' BARRIO SANTA TERESA '),
(5152, 1879, ' BARRIO SANTO DOMINGO '),
(5153, 1881, ' BARRIO SANTOS VEGA '),
(5154, 1888, ' BARRIO SANTO TOMAS '),
(5157, 1849, ' BARRIO SANZ '),
(5159, 1659, ' BARRIO SARGENTO CABRAL CAMPO DE MAYO '),
(5164, 1772, ' BARRIO SATELITE '),
(5167, 2901, ' BARRIO SIDERURGIA '),
(5168, 1842, ' BARRIO SIGLO XX '),
(5169, 1885, ' BARRIO SNIAFA '),
(5171, 1763, ' BARRIO SOFIA BOZAN '),
(5172, 1663, ' BARRIO SOLAR DEL NORTE '),
(5173, 1804, ' BARRIO SOL DE ORO '),
(5175, 2901, ' BARRIO SOMISA '),
(5176, 1607, ' BARRIO STELLA MARIS '),
(5180, 2900, ' BARRIO SUPER USINA '),
(5187, 1888, ' BARRIO TECHO ROJO '),
(5189, 7600, ' BARRIO TIERRA DE ORO '),
(5191, 8000, ' BARRIO TIRO FEDERAL (BAHIA BLANCA-PDO. BAHIA BLAN'),
(5192, 7600, ' BARRIO TIRO FEDERAL (MAR DEL PLATA-PDO. GRAL. PUE'),
(5200, 2700, ' BARRIO TROCHA '),
(5201, 1617, ' BARRIO TRONCOS DEL TALAR '),
(5204, 6000, ' BARRIO U.O.C.R.A. '),
(5208, 1825, ' BARRIO VEINTISEIS DE ABRIL '),
(5210, 1772, ' BARRIO VICENTE LOPEZ Y PLANES '),
(5212, 1714, ' BARRIO VILLA ALBERDI '),
(5214, 1665, ' BARRIO VILLA ALTUBE '),
(5216, 1888, ' BARRIO VILLA ANGELICA '),
(5217, 1744, ' BARRIO VILLA ANITA '),
(5219, 1759, ' BARRIO VILLA CARMEN '),
(5222, 7109, ' BARRIO VILLA CLELIA '),
(5234, 1746, ' BARRIO VILLA ESCOBAR '),
(5236, 7000, ' BARRIO VILLA GAUCHO '),
(5237, 1826, ' BARRIO VILLA GENERAL BALCARCE '),
(5238, 1713, ' BARRIO VILLA HARAS MYRIAM '),
(5242, 1834, ' BARRIO VILLA LA PAZ '),
(5243, 1847, ' BARRIO VILLA LAURA '),
(5247, 1613, ' BARRIO VILLA MAGDALENA '),
(5248, 7400, ' BARRIO VILLA MAILIN '),
(5249, 1828, ' BARRIO VILLA MAIPU '),
(5251, 1842, ' BARRIO VILLA MARIA '),
(5252, 1657, ' BARRIO VILLA MARIA DE LOS REMEDIOS DE ESCALADA '),
(5254, 8000, ' BARRIO VILLA MUÑIZ '),
(5255, 2804, ' BARRIO VILLA NUEVA '),
(5256, 1825, ' BARRIO VILLA OFELIA '),
(5257, 6000, ' BARRIO VILLA ORTEGA '),
(5262, 1640, ' BARRIO VILLA PRIMAVERA '),
(5264, 7260, ' BARRIO VILLA SALADILLO '),
(5272, 6070, ' BARRIO VILLA SESQUICENTENARIO '),
(5276, 8000, ' BARRIO VISTA ALEGRE (BAHIA BLANCA-PDO. B. BLANCA)'),
(5277, 1806, ' BARRIO VISTA ALEGRE (TRISTAN SUAREZ-PDO. ESTEBAN '),
(5278, 1665, ' BARRIO VUCETICH '),
(5281, 1667, ' BARRIO YEI-PORA '),
(5283, 1847, ' BARRIO ZABALA '),
(5284, 2900, ' BARRIO ZONA SUPER USINA '),
(5287, 2700, ' BARRIO 25 DE MAYO '),
(5290, 7519, ' BARROW '),
(5291, 1911, ' BARTOLOME BAVIO '),
(5295, 1636, ' BARTOLOME MITRE (ESTACION FCGM) '),
(5303, 8107, ' BASE AERONAVAL COMANDANTE ESPORA '),
(5304, 1919, ' BASE AERONAVAL DE PUNTA INDIO '),
(5310, 7600, ' BASE NAVAL MAR DEL PLATA '),
(5311, 1929, ' BASE NAVAL RIO SANTIAGO '),
(5320, 8113, ' BATERIAS '),
(5321, 7540, ' BATHURST '),
(5323, 6643, ' BAUDRIX '),
(5327, 6078, ' BAYAUCA '),
(5339, 1643, ' BECCAR '),
(5344, 1625, ' BELEN DE ESCOBAR '),
(5368, 8000, ' BELLA VISTA (BAHIA BLANCA-PDO. BAHIA BLANCA) '),
(5378, 1661, ' BELLA VISTA (PDO. GRAL. SARMIENTO) '),
(5387, 6535, ' BELLOCQ '),
(5390, 1621, ' BENAVIDEZ '),
(5392, 6632, ' BENITEZ '),
(5394, 7020, ' BENITO JUAREZ '),
(5401, 1884, ' BERAZATEGUI '),
(5402, 2743, ' BERDIER '),
(5404, 1923, ' BERISSO '),
(5408, 6071, ' BERMUDEZ '),
(5411, 1876, ' BERNAL '),
(5416, 7313, ' BERNARDO VERA Y PINTADO '),
(5419, 8124, ' BERRAONDO '),
(5422, 6424, ' BERUTTI '),
(5434, 6561, ' BLANCAGRANDE '),
(5440, 6032, ' BLANDENGUES '),
(5441, 6065, ' BLAQUIER '),
(5443, 6661, ' BLAS DURAÑONA '),
(5444, 2805, ' BLONDEAU '),
(5446, 1649, ' BOCA CARABELAS '),
(5447, 1649, ' BOCA DE LA CRUZ COLORADA '),
(5449, 1649, ' BOCA DEL ARROYO ESTUDIANTE '),
(5457, 1649, ' BOCA DEL TORO '),
(5460, 6348, ' BOCAYUVA '),
(5468, 6550, ' BOLIVAR '),
(5475, 6439, ' BONIFACIO '),
(5476, 7223, ' BONNEMENT (APEADERO FCGR) '),
(5486, 8187, ' BORDENAVE '),
(5487, 8000, ' BORDEU '),
(5491, 1636, ' BORGES '),
(5493, 7620, ' BOSCH '),
(5495, 1889, ' BOSQUES '),
(5499, 1609, ' BOULOGNE '),
(5500, 1609, ' BOULOGNE SUR MER '),
(5506, 6640, ' BRAGADO '),
(5507, 6411, ' BRAVO DEL DOS '),
(5527, 1903, ' BUCHANAN '),
(5579, 1870, ' BULLRICH '),
(5585, 1852, ' BURZACO '),
(5605, 1834, ' CABAÑA SPINDOLA '),
(5608, 8132, ' CABEZA DE BUEY '),
(5616, 8118, ' CABILDO '),
(5637, 7214, ' CACHARI '),
(5656, 6535, ' CADRET '),
(5662, 6339, ' CAILOMUTA '),
(5697, 8101, ' CALDERON '),
(5703, 7400, ' CALERA AVELLANEDA (DESVIO PARTICULAR FCGR) '),
(5713, 7612, ' CALFUCURA '),
(5724, 8154, ' CALVO '),
(5736, 7116, ' CAMARON CHICO '),
(5740, 6516, ' CAMBACERES '),
(5747, 7612, ' CAMET '),
(5749, 7300, ' CAMINERA AZUL '),
(5751, 7020, ' CAMINERA JUAREZ '),
(5752, 6700, ' CAMINERA LUJAN '),
(5753, 7007, ' CAMINERA NAPALEOFU '),
(5754, 7130, ' CAMINERA SAMBOROMBON '),
(5756, 2900, ' CAMINERA SAN NICOLAS '),
(5763, 1879, ' CAMINO CALCHAQUI (KM. 17,300 AL 22,900) '),
(5764, 1888, ' CAMINO CALCHAQUI (KM. 23 AL 24,500) '),
(5765, 1896, ' CAMINO CENTENARIO KM. 11,500 '),
(5767, 1888, ' CAMINO GRAL. BELGRANO (KM. 19,100 AL 21,400 IGUAL'),
(5768, 1888, ' CAMINO GRAL. BELGRANO (KM. 19,100 AL 21,400 Y KM.'),
(5769, 1876, ' CAMINO GRAL. BELGRANO (KM. 11 AL 11,900) '),
(5770, 1879, ' CAMINO GRAL. BELGRANO (KM. 12 AL 17,400-LADO ESTE'),
(5771, 1881, ' CAMINO GRAL. BELGRANO (KM. 14 AL 17,400-LADO OEST'),
(5772, 1888, ' CAMINO GRAL. BELGRANO (KM. 17,500 AL 19) '),
(5773, 1886, ' CAMINO GRAL. BELGRANO (KM. 27 AL 30,900) '),
(5774, 1890, ' CAMINO GRAL. BELGRANO (KM. 31 AL 35) '),
(5777, 7613, ' CAMPAMENTO '),
(5794, 2804, ' CAMPANA '),
(5808, 2915, ' CAMPO AGUIRREZABALA '),
(5823, 6474, ' CAMPO ARISTIMUÑO '),
(5837, 2700, ' CAMPO BUENA VISTA '),
(5848, 6015, ' CAMPO COLIQUEO '),
(5853, 2754, ' CAMPO CRISOL '),
(5871, 8185, ' CAMPO DEL NORTE AMERICANO '),
(5873, 1659, ' CAMPO DE MAYO '),
(5877, 7305, ' CAMPODONICO '),
(5892, 7247, ' CAMPO FUNCKE '),
(5922, 2752, ' CAMPO LA ELISA '),
(5926, 8150, ' CAMPO LA LIMA '),
(5928, 2764, ' CAMPO LA NENA '),
(5931, 7623, ' CAMPO LA PLATA '),
(5934, 6015, ' CAMPO LA TRIBU '),
(5936, 8185, ' CAMPO LA ZULEMA '),
(5938, 7623, ' CAMPO LEITE '),
(5941, 8185, ' CAMPO LOS AROMOS '),
(5944, 1625, ' CAMPOMAR (VIÑEDO) '),
(5958, 7623, ' CAMPO PELAEZ '),
(5974, 7303, ' CAMPO ROJAS '),
(5984, 8185, ' CAMPO SAN JUAN '),
(5991, 2903, ' CAMPOS SALLES '),
(6013, 1649, ' CANAL A '),
(6015, 1649, ' CANAL C '),
(6016, 1649, ' CANAL CINCO '),
(6017, 1649, ' CANAL CUATRO '),
(6018, 1649, ' CANAL DE LA SERNA '),
(6019, 1649, ' CANAL DEL ESTE '),
(6020, 1649, ' CANAL DOS '),
(6022, 1649, ' CANAL GOBERNADOR ARANA '),
(6023, 1649, ' CANAL GOBERNADOR ARIAS '),
(6024, 1649, ' CANAL GOBERNADOR DE LA SERNA '),
(6025, 1649, ' CANAL HAMBRIENTOS '),
(6026, 1649, ' CANAL HONDA '),
(6028, 1649, ' CANAL LAURENTINO COMAS '),
(6029, 2805, ' CANAL LEANDRO N. ALEM. 1A. SECCION '),
(6030, 2805, ' CANAL LEANDRO N. ALEM. 2A. SECCION '),
(6031, 2800, ' CANAL MARTIN IRIGOYEN '),
(6032, 1649, ' CANAL N 1 '),
(6033, 1649, ' CANAL N 2 '),
(6034, 1649, ' CANAL N 3 '),
(6035, 1649, ' CANAL N 4 '),
(6036, 1649, ' CANAL N 5 '),
(6039, 1649, ' CANAL PICARDO '),
(6043, 1649, ' CANAL TRES '),
(6044, 1649, ' CANAL UNION '),
(6045, 1649, ' CANAL UNO '),
(6046, 1649, ' CANAL URION '),
(6047, 1649, ' CANAL VILLANUEVA '),
(6051, 1987, ' CANCHA DEL POLLO '),
(6069, 7153, ' CANGALLO '),
(6073, 1804, ' CANNING '),
(6075, 8185, ' CANONIGO GORRITI '),
(6078, 7000, ' CANTERA ALBION '),
(6081, 7000, ' CANTERA LA FEDERACION '),
(6084, 7000, ' CANTERA SAN LUIS '),
(6085, 7401, ' CANTERAS DE GREGORINI '),
(6114, 6700, ' CAÑADA DE ARIAS '),
(6178, 6625, ' CAÑADA LA RICA '),
(6182, 8183, ' CAÑADA MARIANO (EMBARCADERO FCDFS) '),
(6183, 2740, ' CAÑADA MARTA '),
(6197, 6105, ' CA#ADA SECA '),
(6244, 1814, ' CA#UELAS '),
(6245, 7101, ' CANAL 15 '),
(6247, 6612, ' CAPDEPONT '),
(6249, 2812, ' CAPILLA '),
(6259, 1888, ' CAPILLA DE LOS INGLESES '),
(6262, 2812, ' CAPILLA DEL SE#OR '),
(6285, 6461, ' CAPITAN CASTRO '),
(6291, 1661, ' CAPITAN LOZANO (APEADERO FCGU) '),
(6294, 2752, ' CAPITAN SARMIENTO '),
(6302, 2703, ' CARABELAS '),
(6316, 1606, ' CARAPACHAY '),
(6320, 1822, ' CARAZA '),
(6329, 8506, ' CARDENAL CAGLIERO '),
(6334, 6430, ' CARHUE '),
(6336, 7119, ' CARI LARQUEA '),
(6337, 7167, ' CARILO '),
(6339, 7247, ' CARLOS BEGUERIE '),
(6341, 6530, ' CARLOS CASARES '),
(6343, 6701, ' CARLOS KEEN '),
(6344, 2812, ' CARLOS LEMEE '),
(6345, 6515, ' CARLOS MARIA NAON '),
(6349, 6453, ' CARLOS SALAS '),
(6350, 1812, ' CARLOS SPEGAZZINI '),
(6352, 1886, ' CARLOS T. SOURIGUES '),
(6353, 6455, ' CARLOS TEJEDOR '),
(6357, 6725, ' CARMEN DE ARECO '),
(6359, 8504, ' CARMEN DE PATAGONES '),
(6435, 7225, ' CASALINS '),
(6454, 6417, ' CASBAS '),
(6455, 7547, ' CASCADA '),
(6463, 1678, ' CASEROS (PDO. 3 DE FEBRERO) '),
(6465, 6417, ' CASEY '),
(6481, 1712, ' CASTELAR '),
(6484, 7114, ' CASTELLI '),
(6486, 6616, ' CASTILLA '),
(6527, 7265, ' CAZON '),
(6545, 6535, ' CENTENARIO '),
(6554, 7114, ' CENTRAL GUERRERO '),
(6555, 1893, ' CENTRO AGRICOLA EL PATO '),
(6573, 6237, ' CERRITO '),
(6585, 7403, ' CERRO AGUILA '),
(6613, 7101, ' CERRO DE LA GLORIA '),
(6624, 7000, ' CERRO DE LOS LEONES '),
(6637, 7001, ' CERRO LEONES '),
(6641, 7403, ' CERRO NEGRO '),
(6662, 7403, ' CERRO SOTUYO '),
(6692, 1900, ' CIRCUNVALACION '),
(6695, 1896, ' CITY BELL '),
(6698, 1650, ' CIUDAD DEL LIBERTADOR GRAL. SAN MARTIN '),
(6700, 1702, ' CIUDADELA '),
(6701, 1778, ' CIUDAD EVITA '),
(6705, 7005, ' CLARAZ '),
(6707, 7505, ' CLAROMECO '),
(6709, 7500, ' CLAUDIO C. MOLINA '),
(6711, 7163, ' CLAVERIE '),
(6712, 1849, ' CLAYPOLE '),
(6719, 7612, ' COBO '),
(6730, 8118, ' COCHRANE '),
(6753, 2752, ' COLEGIO SAN PABLO '),
(6761, 6743, ' COLIQUEO '),
(6763, 7201, ' COLMAN '),
(6774, 2720, ' COLON '),
(6787, 6034, ' COLONIA ALBERDI '),
(6838, 8142, 'COLONIA BARGA'),
(6842, 6441, 'COLONIA BARON HIRSCH'),
(6925, 8136, 'COLONIA CUARENTA Y TRES'),
(6942, 7609, 'COLONIA DE VACACIONES CHAPADMALAL'),
(6947, 8180, 'COLONIA DOCTOR GOBERNADOR UDAONDO'),
(6966, 6403, 'COLONIA EL BALDE'),
(6978, 8142, 'COLONIA EL GUANACO'),
(6988, 8181, 'COLONIA EL PINCEN'),
(7009, 7136, 'COLONIA ESCUELA ARGENTINA'),
(7020, 7172, 'COLONIA FERRARI'),
(7067, 7318, 'COLONIA HINOJO'),
(7069, 8181, 'COLONIA HIPOLITO YRIGOYEN'),
(7070, 1727, 'COLONIA HOGAR RICARDO GUTIERREZ'),
(7078, 6667, 'COLONIA INCHAUSTI'),
(7098, 8136, 'COLONIA JUAN COUSTE'),
(7111, 2905, 'COLONIA LA ALICIA'),
(7118, 2751, 'COLONIA LABORDEBOY'),
(7121, 1888, 'COLONIA LA CAPILLA'),
(7126, 8136, 'COLONIA LA CATALINA'),
(7128, 8508, 'COLONIA LA CELINA'),
(7132, 6531, 'COLONIA LA ESPERANZA'),
(7140, 8142, 'COLONIA LA GRACIELA'),
(7144, 2751, 'COLONIA LA INVERNADA'),
(7159, 8105, 'COLONIA LA MERCED'),
(7168, 2751, 'COLONIA LA NENA'),
(7170, 2751, 'COLONIA LA NORIA'),
(7183, 8185, 'COLONIA LAPIN'),
(7188, 2751, 'COLONIA LA REINA'),
(7194, 1763, 'COLONIA LAS MERCEDES'),
(7199, 6513, 'COLONIA LAS YESCAS'),
(7205, 1802, ' COLONIA LA VALENTINA '),
(7206, 2711, ' COLONIA LA VANGUARDIA '),
(7208, 8183, ' COLONIA LA VASCONGADA '),
(7222, 8142, ' COLONIA LOS ALAMOS '),
(7223, 6018, ' COLONIA LOS BOSQUES '),
(7225, 1802, ' COLONIA LOS CHIVATOS '),
(7227, 6007, ' COLONIA LOS HORNOS '),
(7228, 6018, ' COLONIA LOS HUESOS '),
(7229, 2751, ' COLONIA LOS TOLDOS '),
(7231, 2760, ' COLONIA LOS TRES USTARIS '),
(7275, 6531, ' COLONIA MAURICIO '),
(7284, 8508, ' COLONIA MIGUEL ESTEVERENA '),
(7291, 6341, ' COLONIA MURATURE '),
(7293, 7541, 'COLONIA N  1  CORONEL SUAREZ '),
(7297, 7541, 'COLONIA N  3  CORONEL SUAREZ '),
(7300, 6708, 'COLONIA NACIONAL DE ALIENADOS'),
(7301, 1727, 'COLONIA NACIONAL DE MENORES'),
(7304, 6341, 'COLONIA NAVEIRA'),
(7306, 7318, 'COLONIA NIEVES'),
(7316, 8134, 'COLONIA OCAMPO'),
(7332, 6643, 'COLONIA PALANTELEN'),
(7351, 1763, 'COLONIA PONTEVEDRA'),
(7393, 7318, 'COLONIA RUSA'),
(7411, 6646, 'COLONIA SAN EDUARDO'),
(7416, 2703, 'COLONIA SAN FERMIN'),
(7419, 8142, 'COLONIA SAN FRANCISCO  JUAN A. PRADERE-PDO. PATAGO'),
(7420, 6017, 'COLONIA SAN FRANCISCO  SAN EMILIO-PDO. GRAL. VIAMO'),
(7444, 8164, 'COLONIA SAN MARTIN'),
(7449, 7403, 'COLONIA SAN MIGUEL'),
(7450, 8164, 'COLONIA SAN PEDRO'),
(7454, 6437, 'COLONIA SAN RAMON'),
(7473, 6535, 'COLONIA SANTA MARIA'),
(7477, 8185, 'COLONIA SANTA MARIANA'),
(7483, 1816, 'COLONIA SANTA ROSA'),
(7492, 8185, 'COLONIA SAPIN'),
(7499, 6459, 'COLONIA SERE'),
(7508, 2751, 'COLONIA STEGMAN'),
(7516, 8142, 'COLONIA TAPATTA'),
(7550, 2933, 'COLONIA VELAZ'),
(7570, 6628, 'COLONIA ZAMBUNGO'),
(7585, 6601, 'COMAHUE OESTE'),
(7590, 7135, 'COMANDANTE GIRIBONE'),
(7594, 7603, 'COMANDANTE NICANOR OTAMENDI'),
(7603, 6641, ' COMODORO PY '),
(7627, 6233, ' CONDARCO '),
(7637, 2907, ' CONESA '),
(7657, 7639, ' COOPER '),
(7663, 7511, ' COPETONAS '),
(7670, 6465, ' CORACEROS '),
(7674, 6405, ' CORAZZI '),
(7676, 6507, ' CORBETT '),
(7701, 7200, ' CORONEL BOERR '),
(7704, 1980, ' CORONEL BRANDSEN '),
(7706, 6223, ' CORONEL CHARLONE '),
(7709, 8150, ' CORONEL DORREGO '),
(7713, 8118, ' CORONEL FALCON '),
(7716, 1672, ' CORONEL FRANCISCO LYNCH '),
(7718, 6062, ' CORONEL GRANADA '),
(7720, 2747, ' CORONEL ISLEÑO '),
(7724, 8000, ' CORONEL MALDONADO '),
(7726, 6555, ' CORONEL MARCELINO FREYRE '),
(7727, 6533, ' CORONEL MARTINEZ DE HOZ '),
(7733, 6628, ' CORONEL MOM '),
(7736, 7530, ' CORONEL PRINGLES '),
(7737, 7020, ' CORONEL RODOLFO BUNGE '),
(7742, 6628, ' CORONEL SEGUI '),
(7743, 7540, ' CORONEL SUAREZ '),
(7744, 7174, ' CORONEL VIDAL '),
(7812, 8118, 'CORTI'),
(7813, 6712, 'CORTINES'),
(7826, 7112, 'COSTA AZUL'),
(7828, 7631, 'COSTA BONITA'),
(7829, 2914, 'COSTA BRAVA'),
(7849, 1872, 'COSTA DE SARANDI'),
(7850, 1874, 'COSTA DE VILLA DOMINICO'),
(7880, 7305, 'COVELLO'),
(7894, 7503, 'CRISTIANO MUERTO'),
(7896, 1913, 'CRISTINO BENAVIDEZ'),
(7899, 7307, 'CROTTO'),
(7901, 1870, 'CRUCECITA'),
(7931, 1676, 'CUADRILLA 1011  FGCSM. SUBDIVISION ALIANZA '),
(7936, 1649, 'CUARTELES CARABELAS'),
(7937, 6700, 'CUARTEL IV'),
(7938, 7136, 'CUARTEL 6 '),
(7939, 7135, 'CUARTEL 8'),
(7940, 1987, 'CUARTEL 11 '),
(7941, 8105, 'CUATREROS'),
(7944, 1649, 'CUATRO BOCAS'),
(7950, 2705, 'CUATRO DE NOVIEMBRE'),
(7963, 6723, 'CUCULLU'),
(7964, 6746, 'CUCHA CUCHA'),
(7976, 6231, 'CUENCA'),
(7999, 7548, 'CURA MALAL'),
(8001, 6451, 'CURARU'),
(8008, 7548, 'CURUMALAN'),
(8029, 6740, 'CHACABUCO'),
(8041, 2700, 'CHACRA EXPERIMENTAL'),
(8086, 7406, 'CHALA QUILCA'),
(8100, 6017, 'CHANCAY'),
(8104, 1649, 'CHAÑA-MINI'),
(8151, 7605, 'CHAPADMALAL'),
(8153, 7203, 'CHAPALEUFU'),
(8155, 7020, 'CHAPAR'),
(8174, 7223, 'CHAS'),
(8175, 7130, 'CHASCOMUS'),
(8177, 8117, 'CHASICO'),
(8193, 2764, 'CHENAUT'),
(8199, 6476, 'CHICLANA'),
(8230, 7311, 'CHILLAR'),
(8263, 6620, 'CHIVILCOY'),
(8270, 8000, 'CHOIQUE'),
(8273, 6341, 'CHOPI TALO'),
(8316, 6555, 'DAIREAUX'),
(8319, 1901, 'DALMIRO SAENZ  APEADERO FCGB '),
(8323, 8183, 'DARREGUEIRA'),
(8326, 6348, 'DE BARY'),
(8327, 6031, 'DE BRUYN'),
(8328, 7521, 'DEFERRARI'),
(8329, 7013, 'DE LA CANAL'),
(8330, 7515, 'DE LA GARMA'),
(8333, 7265, 'DEL CARRIL'),
(8335, 8185, 'DELFIN HUERGO'),
(8337, 6007, 'DELGADO'),
(8338, 6509, 'DEL VALLE'),
(8339, 1669, 'DEL VISO'),
(8341, 6516, 'DENNEHY'),
(8353, 7531, 'DESPEÑADEROS'),
(8359, 1925, 'DESTILERIA FISCAL'),
(8365, 6031, 'DESVIO EL CHINGOLO'),
(8367, 6503, 'DESVIO KILOMETRO 234'),
(8374, 8109, 'DESVIO SANDRINI'),
(8384, 7313, 'DIECISEIS DE JULIO'),
(8385, 8129, 'DIECISIETE DE AGOSTO'),
(8389, 2812, 'DIEGO GAYNOR'),
(8395, 7603, 'DIONISIA'),
(8406, 1623, 'DIQUE LUJAN'),
(8427, 2701, 'DOCE DE AGOSTO'),
(8429, 6501, 'DOCE DE OCTUBRE'),
(8430, 1925, 'DOCK CENTRAL'),
(8431, 1871, 'DOCK SUD'),
(8432, 1644, 'DOCTOR ALBERT SCHWEITZER  PARADA FCGM '),
(8433, 1602, 'DOCTOR ANTONIO CETRANGOLO  PARADA FCGM '),
(8437, 6708, 'DOCTOR DOMINGO CABRED'),
(8438, 7212, 'DOCTOR DOMINGO HAROSTEGUY'),
(8449, 1894, 'DOCTOR RICARDO LEVENE'),
(8450, 1617, 'DOCTOR RICARDO ROJAS'),
(8456, 7100, 'DOLORES'),
(8465, 1706, ' DOMINGO FAUSTINO SARMIENTO '),
(8470, 1984, 'DOMSELAAR'),
(8475, 1876, 'DON BOSCO'),
(8477, 7135, 'DON CIPRIANO'),
(8486, 1611, 'DON TORCUATO'),
(8487, 7116, 'DON VICENTE'),
(8490, 7541, 'D ORBIGNY'),
(8509, 6042, 'DOS HERMANOS'),
(8511, 7007, 'DOS NACIONES'),
(8523, 2935, 'DOYLE'),
(8524, 6230, 'DRABBLE'),
(8526, 6455, 'DRYSDALE'),
(8528, 8170, 'DUCOS'),
(8529, 6505, 'DUDIGNAC'),
(8530, 8164, 'DUFAUR'),
(8531, 2764, 'DUGGAN'),
(8532, 6405, 'DUHAU'),
(8534, 7401, 'DURAÑONA'),
(8547, 6050, 'DUSSAUD'),
(8552, 6030, 'EDMUNDO B. PERKINS  ESTACION FCGSM '),
(8554, 6064, 'EDUARDO COSTA'),
(8555, 7013, 'EGAÑA'),
(8557, 1686, 'EJERCITO DE LOS ANDES  PARADA FCGU '),
(8625, 2721, 'EL ARBOLITO'),
(8717, 7507, 'EL BOMBERO'),
(8720, 7601, 'EL BOQUERON'),
(8769, 1667, 'EL CALLAO'),
(8775, 6537, 'EL CAMOATI'),
(8794, 7135, 'EL CARBON'),
(8809, 1907, 'EL CARMEN  PDO. LA PLATA '),
(8815, 2754, 'EL CARMEN  VIÑA-PDO. PERGAMINO '),
(8818, 7203, 'EL CARMEN DE LANGUEYU'),
(8819, 6537, 'EL CARPINCHO'),
(8820, 7500, 'EL CARRETERO'),
(8858, 7607, 'EL CENTINELA'),
(8917, 1649, 'EL CORRENTOSO'),
(8920, 8117, 'EL CORTA PIE'),
(8924, 7503, 'EL CRISTIANO'),
(8928, 1665, 'EL CRUCE'),
(8949, 7163, 'EL CHAJA'),
(8968, 7007, 'EL CHEIQUE'),
(8987, 7263, 'EL CHUMBIAO'),
(8996, 2935, 'EL DESCANSO'),
(9008, 7116, 'EL DESTINO'),
(9014, 6241, 'ELDIA'),
(9030, 7531, 'EL DIVISORIO'),
(9032, 6031, 'EL DORADO'),
(9049, 1735, 'EL DURAZNO'),
(9070, 2946, 'EL ESPINILLO'),
(9083, 7130, 'EL EUCALIPTUS'),
(9085, 2804, 'EL FENIX'),
(9106, 7000, 'EL GALLO'),
(9119, 1748, 'EL GRANADERO'),
(9126, 7200, 'EL GUALICHO'),
(9137, 7007, 'EL HERVIDERO'),
(9150, 1727, 'ELIAS ROMERO'),
(9153, 6531, 'EL JABALI'),
(9155, 2707, 'EL JAGUEL'),
(9170, 7620, 'EL JUNCO'),
(9171, 2916, 'EL JUPITER'),
(9177, 7635, 'EL LENGUARAZ'),
(9187, 7513, 'EL LUCERO'),
(9188, 7313, 'EL LUCHADOR'),
(9202, 7260, 'EL MANGRULLO'),
(9216, 7600, 'EL MARTILLO'),
(9234, 7303, 'EL MIRADOR'),
(9277, 7635, 'EL MORO'),
(9286, 2740, 'EL NACIONAL'),
(9298, 6435, 'EL NILO'),
(9330, 1888, 'EL OMBU'),
(9332, 6242, 'ELORDI'),
(9350, 1667, 'EL PALENQUE'),
(9362, 1684, 'EL PALOMAR'),
(9367, 1865, 'EL PAMPERO'),
(9388, 2916, 'EL PARAISO  PDO. RAMALLO '),
(9394, 7263, 'EL PARCHE'),
(9397, 6341, 'EL PARQUE'),
(9416, 2720, 'EL PELADO'),
(9417, 1894, 'EL PELIGRO'),
(9421, 7531, 'EL PENSAMIENTO'),
(9429, 6053, 'EL PEREGRINO'),
(9438, 1907, 'EL PESCADO'),
(9448, 1755, 'EL PINAR'),
(9452, 1907, 'EL PINO'),
(9459, 7641, 'EL PITO  ENERGIA-PDO. NECOCHEA '),
(9460, 7607, 'EL PITO  MIRAMAR-PDO. GRAL. ALVARADO '),
(9495, 6550, 'EL PORVENIR  BOLIVAR-PDO. BOLIVAR '),
(9537, 1759, 'EL PROGRESO'),
(9597, 2751, 'EL QUEMADO'),
(9620, 6474, 'EL RECADO'),
(9629, 7612, 'EL REFUGIO'),
(9652, 2741, 'EL RETIRO  SALTO-PDO. SALTO '),
(9654, 6017, 'EL RETIRO  SAN EMILIO-PDO. GRAL. VIAMONTE '),
(9657, 1901, 'EL RETIRO-LA PLATA'),
(9665, 7130, 'EL RINCON  CHASCOMUS-PDO. CHASCOMUS '),
(9671, 8146, 'EL RINCON  MAYOR BURATOVICH-PDO. VILLARINO '),
(9677, 1889, 'EL ROCIO'),
(9696, 1921, 'EL ROSARIO'),
(9736, 7303, 'EL SAUCE'),
(9757, 7100, 'EL SESENTA'),
(9762, 7223, 'EL SIASGO'),
(9765, 2752, 'EL SILENCIO'),
(9777, 2715, 'EL SOCORRO'),
(9782, 1613, 'EL SOL'),
(9785, 7600, 'EL SOLDADO'),
(9816, 1618, 'EL TALAR'),
(9834, 2801, 'EL TATU'),
(9835, 6515, 'EL TEJAR'),
(9874, 6437, 'EL TREBAÑON'),
(9884, 7500, 'EL TRIANGULO'),
(9885, 7207, 'EL TRIGO'),
(9889, 6073, 'EL TRIUNFO'),
(9894, 1888, 'EL TROPEZON'),
(9931, 7116, 'EL VENCE'),
(9935, 7620, 'EL VERANO'),
(9942, 7174, 'EL VIGILANTE'),
(9946, 7243, 'ELVIRA'),
(9967, 8150, 'EL ZORRO'),
(9980, 7260, 'EMILIANO REYNOSO  ESTACION FCGB '),
(9981, 6628, 'EMILIO AYARZA'),
(9982, 8508, 'EMILIO LAMARCA'),
(9985, 6241, 'EMILIO V. BUNGE'),
(9986, 6634, 'EMITA'),
(9987, 7263, 'EMMA'),
(9988, 1633, 'EMPALME'),
(9996, 7249, 'EMPALME LOBOS'),
(9997, 1913, 'EMPALME MAGDALENA'),
(9999, 8117, 'EMPALME PIEDRA ECHADA  APEADERO FCGR '),
(10001, 7401, 'EMPALME QUERANDIES'),
(10004, 1864, 'EMPALME SAN VICENTE'),
(10010, 8508, 'EMPORIO STROEDER'),
(10012, 6077, 'ENCINA'),
(10019, 7641, 'ENERGIA'),
(10021, 1896, 'ENRIQUE BELL'),
(10024, 1741, 'ENRIQUE FYNN'),
(10026, 6467, 'ENRIQUE LAVALLE'),
(10033, 1925, 'ENSENADA'),
(10047, 2903, 'EREZCANO'),
(10048, 8181, 'ERIZE'),
(10050, 6665, 'ERNESTINA'),
(10052, 2801, 'ESCALADA'),
(10056, 1625, 'ESCOBAR'),
(10060, 1815, 'ESCUELA AGRICOLA DON BOSCO'),
(10061, 7174, 'ESCUELA AGRICOLA RURAL N. EZEIZA'),
(10062, 6003, 'ESCUELA AGRICOLA SALESIANA  C. G. UNZUE '),
(10063, 1759, 'ESCUELA AGRICOLA SANTO TOMAS DE AQUINO'),
(10065, 1927, 'ESCUELA NAVAL MILITAR RIO SANTIAGO'),
(10066, 1659, 'ESCUELA PROFESIONAL GENERAL LEMOS'),
(10067, 1659, 'ESCUELA SUBOFICIALES SARGENTO CABRAL  APEADERO FCG'),
(10071, 7163, 'ESPADAÑA'),
(10072, 1987, 'ESPARTILLAR  GRAL. PAZ-PDO. GRAL. PAZ '),
(10073, 8171, 'ESPARTILLAR  PDO. SAAVEDRA '),
(10082, 6561, 'ESPIGAS'),
(10100, 6601, 'ESPORA'),
(10107, 7100, 'ESQUINA CROTTO'),
(10114, 1901, 'ESQUINA NEGRA'),
(10134, 1629, 'ESTABLECIMIENTO SAN MIGUEL'),
(10142, 6003, 'ESTACION ASCENSION'),
(10144, 2942, 'ESTACION BARADERO'),
(10153, 7536, 'ESTACION CORONEL PRINGLES'),
(10159, 1649, 'ESTACION FORESTAL DOMINGO FAUSTINO SARMIENTO  DELT'),
(10160, 6005, 'ESTACION GENERAL ARENALES'),
(10165, 6431, 'ESTACION LAGO EPECUEN'),
(10167, 7300, 'ESTACION LAZZARINO'),
(10169, 6070, 'ESTACION LINCOLN'),
(10175, 6501, 'ESTACION PROVINCIAL 9 DE JULIO'),
(10180, 7505, 'ESTACION SAN FRANCISCO DE BELLOCQ'),
(10209, 7020, 'ESTANCIA CHAPAR'),
(10239, 2723, 'ESTANCIA LAS GAMAS'),
(10258, 2909, 'ESTANCIAS'),
(10261, 6537, 'ESTANCIA SAN CLAUDIO'),
(10263, 7130, 'ESTANCIA SAN RAFAEL'),
(10271, 7225, 'ESTANCIA VIEJA'),
(10278, 8185, 'ESTEBAN A. GASCON'),
(10279, 6475, 'ESTEBAN DE LUCA'),
(10281, 6607, 'ESTEBAN DIAZ'),
(10286, 8127, 'ESTELA'),
(10297, 7260, 'ESTHER'),
(10299, 8118, 'ESTOMBA'),
(10302, 6725, 'ESTRELLA NACIENTE'),
(10303, 7207, 'ESTRUGAMOU'),
(10304, 6703, 'ETCHEGOYEN'),
(10306, 7301, 'EUFEMIO UBALLES'),
(10313, 2812, 'EXALTACION DE LA CRUZ'),
(10314, 1804, 'EZEIZA'),
(10315, 1882, 'EZPELETA'),
(10322, 6533, 'FACUNDO QUIROGA'),
(10325, 7153, 'FAIR'),
(10338, 8150, 'FARO'),
(10342, 7165, 'FARO QUERANDI'),
(10343, 8150, 'FARO RECALADA'),
(10344, 7103, 'FARO SAN ANTONIO'),
(10345, 8504, 'FARO SEGUNDA BARRANCA'),
(10346, 1633, 'FATIMA'),
(10348, 6430, 'FATRALO'),
(10350, 6500, 'FAUZON'),
(10360, 8129, 'FELIPE SOLA'),
(10366, 6223, 'FERNANDO MARTI'),
(10367, 6003, 'FERRE'),
(10392, 1831, 'FIORITO'),
(10402, 2763, 'FLAMENCO'),
(10410, 1888, 'FLORENCIO VARELA'),
(10420, 1602, 'FLORIDA'),
(10427, 2718, 'FONTEZUELA'),
(10430, 7403, 'FORTABAT'),
(10432, 6031, 'FORTIN ACHA'),
(10441, 8160, 'FORTIN CHACO'),
(10453, 7404, 'FORTIN LAVALLE'),
(10456, 8148, 'FORTIN MERCEDES'),
(10457, 6403, 'FORTIN OLAVARRIA'),
(10459, 6417, 'FORTIN PAUNERO'),
(10465, 6001, 'FORTIN TIBURCIO'),
(10468, 8148, 'FORTIN VIEJO'),
(10469, 6073, 'FORTIN VIGILANCIA'),
(10480, 7220, 'FRANCISCO A. BERRA'),
(10481, 1746, 'FRANCISCO ALVAREZ'),
(10482, 2700, 'FRANCISCO AYERZA'),
(10483, 1808, 'FRANCISCO CASAL'),
(10484, 6403, 'FRANCISCO DE VITORIA'),
(10487, 7301, 'FRANCISCO J. MEEKS'),
(10488, 6472, 'FRANCISCO MADERO'),
(10489, 6475, 'FRANCISCO MAGNANO'),
(10490, 6341, 'FRANCISCO MURATURE'),
(10496, 6614, 'FRANKLIN'),
(10501, 6516, 'FRENCH'),
(10505, 2806, 'FRIGORIFICO LAS PALMAS'),
(10518, 8160, 'FUERTE ARGENTINO'),
(10523, 7007, 'FULTON'),
(10525, 7220, 'FUNKE  APEADERO FCGB '),
(10529, 2745, 'GAHAN'),
(10534, 7203, 'GALERA DE TORRES'),
(10536, 6513, 'GALO LLORENTE'),
(10538, 8101, 'GALVAN'),
(10544, 7136, 'GANDARA'),
(10556, 8162, 'GARCIA DEL RIO'),
(10558, 7003, 'GARDEY'),
(10560, 1619, 'GARIN'),
(10563, 6411, 'GARRE'),
(10566, 8103, 'GARRO'),
(10583, 7503, 'GENARO VALDES'),
(10588, 7607, 'GENERAL ALVARADO'),
(10593, 7263, 'GENERAL ALVEAR'),
(10594, 6005, 'GENERAL ARENALES'),
(10597, 7223, 'GENERAL BELGRANO'),
(10601, 8105, 'GENERAL CERRI'),
(10603, 7101, 'GENERAL CONESA'),
(10604, 8105, 'GENERAL DANIEL CERRI'),
(10618, 7118, 'GENERAL GUIDO'),
(10620, 1741, 'GENERAL HORNOS'),
(10625, 7406, 'GENERAL LA MADRID'),
(10627, 1741, 'GENERAL LAS HERAS'),
(10628, 7103, 'GENERAL LAVALLE'),
(10633, 7163, 'GENERAL MADARIAGA'),
(10634, 1911, 'GENERAL MANSILLA'),
(10641, 6646, 'GENERAL O BRIEN'),
(10645, 1617, 'GENERAL PACHECO'),
(10646, 1987, 'GENERAL PAZ'),
(10652, 6050, 'GENERAL PINTO'),
(10653, 7172, 'GENERAL PIRAN'),
(10660, 1748, 'GENERAL RODRIGUEZ'),
(10661, 2905, 'GENERAL ROJO'),
(10662, 8126, 'GENERAL RONDEAU'),
(10665, 1663, 'GENERAL SARMIENTO'),
(10669, 6015, 'GENERAL VIAMONTE'),
(10671, 6230, 'GENERAL VILLEGAS'),
(10674, 6507, 'GERENTE CILLEY'),
(10676, 1870, 'GERLI  PARTIDO AVELLANEDA '),
(10677, 1824, 'GERLI  PARTIDO LANUS '),
(10678, 6053, 'GERMANIA'),
(10684, 8151, 'GIL'),
(10688, 6407, 'GIRODIAS'),
(10689, 6451, 'GIRONDO'),
(10692, 1856, 'GLEW'),
(10694, 8129, 'GLORIALDO'),
(10696, 6451, 'GNECCO'),
(10697, 2764, 'GOBERNADOR ANDONAEGUI'),
(10698, 6531, 'GOBERNADOR ARIAS'),
(10702, 2946, 'GOBERNADOR CASTRO'),
(10708, 1901, 'GOBERNADOR EDUARDO ARANA  APEADERO FCGB '),
(10716, 1901, 'GOBERNADOR LUIS GARCIA  APEADERO FCGB '),
(10723, 1888, 'GOBERNADOR MONTEVERDE'),
(10726, 1981, 'GOBERNADOR OBLIGADO'),
(10731, 7221, 'GOBERNADOR UDAONDO'),
(10732, 6621, 'GOBERNADOR UGARTE'),
(10735, 7163, 'GOBOS'),
(10740, 6614, 'GOLDNEY'),
(10746, 1983, 'GOMEZ'),
(10749, 1983, 'GOMEZ DE LA VEGA'),
(10750, 6241, 'GONDRA'),
(10751, 7513, 'GONZALES CHAVES'),
(10755, 1759, 'GONZALEZ CATAN'),
(10756, 6239, 'GONZALEZ MORENO'),
(10757, 6605, 'GONZALEZ RISOS'),
(10759, 7163, 'GOÑI'),
(10761, 7226, 'GORCHS'),
(10763, 2717, 'GORNATTI'),
(10764, 7163, 'GOROSO'),
(10765, 6632, 'GOROSTIAGA'),
(10767, 6727, 'GOUIN'),
(10768, 6608, 'GOWLAND'),
(10770, 8175, 'GOYENA'),
(10771, 7220, 'GOYENECHE'),
(10772, 6335, 'GRACIARENA'),
(10782, 1615, 'GRAND BOURG'),
(10783, 1925, 'GRAND DOCK'),
(10791, 6627, 'GRISOLIA'),
(10792, 8101, 'GRUNBEIN'),
(10804, 1613, 'GUADALUPE'),
(10817, 6435, 'GUAMINI'),
(10821, 6476, 'GUANACO'),
(10840, 7220, 'GUARDIA DEL MONTE'),
(10872, 1649, 'GUAZU Y MANZANO'),
(10873, 1649, 'GUAZU Y NARANJO'),
(10875, 1862, 'GUERNICA'),
(10878, 7116, 'GUERRERO'),
(10880, 2717, 'GUERRICO'),
(10882, 2707, 'GUIDO SPANO'),
(10883, 1885, 'GUILLERMO E. HUDSON'),
(10887, 6053, 'GUNTHER'),
(10894, 1706, 'HAEDO'),
(10896, 6064, 'HALCEY'),
(10897, 6511, 'HALE'),
(10898, 6005, 'HAM'),
(10900, 7223, 'HARAS CHACABUCO'),
(10901, 7605, 'HARAS CHAPADMALAL'),
(10902, 6627, 'HARAS EL CARMEN'),
(10903, 6050, 'HARAS EL 14'),
(10904, 2701, 'HARAS EL CENTINELA'),
(10905, 7020, 'HARAS EL CISNE'),
(10906, 2916, 'HARAS EL OMBU'),
(10907, 2720, 'HARAS EL PELADO'),
(10908, 7245, 'HARAS EL SALASO'),
(10909, 6612, 'HARAS LA ELVIRA'),
(10910, 2752, 'HARAS LOS CARDALES'),
(10911, 7620, 'HARAS OJO DE AGUA'),
(10913, 7174, 'HARAS PRIMERO DE MAYO'),
(10914, 7263, 'HARAS R. DE LA PARVA'),
(10915, 1984, 'HARAS RATAPLAN'),
(10917, 7136, 'HARAS SAN IGNACIO'),
(10918, 2705, 'HARAS SAN JACINTO'),
(10924, 6723, 'HEAVY'),
(10927, 6465, 'HENDERSON'),
(10928, 6620, 'HENRY BELL'),
(10929, 6233, 'HEREFORD'),
(10940, 6557, 'HERRERA VEGAS'),
(10953, 8142, 'HILARIO ASCASUBI'),
(10956, 7163, 'HINOJALES'),
(10958, 7318, 'HINOJO'),
(10974, 7172, 'HOGAR MARIANO ORTIZ BASUALDO'),
(10975, 1727, 'HOGAR RICARDO GUTIERREZ'),
(10992, 1739, 'HORNOS'),
(10995, 6537, 'HORTENSIA'),
(10997, 7630, 'HOSPITAL NECOCHEA'),
(11000, 2700, 'HOSPITAL SANATORIO DE LLANURA'),
(11001, 1748, 'HOSPITAL VICENTE LOPEZ Y PLANES'),
(11036, 7545, 'HUANGUELEN'),
(11071, 7500, 'HUESO CLAVADO'),
(11072, 6511, 'HUETEL'),
(11094, 2707, 'HUNTER'),
(11097, 1686, 'HURLINGHAM'),
(11099, 6455, 'HUSARES'),
(11105, 7223, 'IBAÑEZ'),
(11120, 8512, 'IGARZABAL'),
(11123, 1909, 'IGNACIO CORREAS'),
(11135, 6623, 'INDACOCHEA'),
(11143, 7501, 'INDIO RICO'),
(11145, 2747, 'INES INDART'),
(11150, 1891, 'INGENIERO ALLAN'),
(11151, 1901, 'INGENIERO ANDRES VILLANUEVA   APEADERO FCGB '),
(11152, 6051, 'INGENIERO BALBIN'),
(11155, 6457, 'INGENIERO BEAUGEY'),
(11172, 1623, 'INGENIERO MASCHWITZ'),
(11176, 2935, 'INGENIERO MONETA'),
(11178, 1613, 'INGENIERO PABLO NOGUES'),
(11180, 1901, 'INGENIERO RODOLFO MORENO  APEAD. FCGB '),
(11181, 2802, 'INGENIERO ROMULO OTAMENDI'),
(11182, 6743, 'INGENIERO SILVEYRA'),
(11183, 6337, 'INGENIERO THOMPSON'),
(11184, 2907, 'INGENIERO URCELAY  ESTACION FCGB '),
(11185, 8103, 'INGENIERO WHITE'),
(11186, 6605, 'INGENIERO WILLIAMS'),
(11215, 6451, 'INOCENCIO SOSA'),
(11217, 1903, 'INSTITUTO AGUSTIN R. GAMBIER'),
(11233, 7163, 'INVERNADAS'),
(11239, 6013, 'IRALA'),
(11240, 7009, 'IRAOLA'),
(11242, 7507, 'IRENE'),
(11243, 2943, 'IRENEO PORTELA'),
(11244, 6042, 'IRIARTE'),
(11254, 1765, 'ISIDRO CASANOVA'),
(11266, 8111, 'ISLA CATARELLI'),
(11293, 2931, 'ISLA LOS LAURELES'),
(11294, 1871, 'ISLA MACIEL'),
(11295, 1601, 'ISLA MARTIN GARCIA'),
(11300, 1929, 'ISLA PAULINO'),
(11302, 6667, 'ISLAS'),
(11307, 1929, 'ISLA SANTIAGO'),
(11314, 8146, 'ISLA VERDE'),
(11327, 7163, 'ISONDU'),
(11345, 6557, 'ITURREGUI'),
(11347, 1714, 'ITUZAINGO'),
(11372, 8508, 'JARILLA'),
(11376, 6706, 'JAUREGUI'),
(11381, 1986, 'JEPPENER'),
(11391, 1896, 'JOAQUIN GORINA'),
(11397, 1886, 'JOHN F. KENNEDY'),
(11401, 1686, 'JORGE NEWBERY  PARADA FCGU '),
(11402, 8156, 'JOSE A. GUISASOLA'),
(11403, 8506, 'JOSE B. CASAS'),
(11404, 1665, 'JOSE C. PAZ'),
(11407, 1911, 'JOSE FERRARI'),
(11408, 1903, 'JOSE HERNANDEZ'),
(11410, 1778, 'JOSE INGENIEROS  ESTACION FCGB   CIUDAD EVITA-PDO.'),
(11411, 1702, 'JOSE INGENIEROS  PDO. 3 DE FEBRERO '),
(11412, 1655, 'JOSE LEON SUAREZ'),
(11415, 6409, 'JOSE MARIA BLANCO'),
(11416, 1682, 'JOSE MARIA BOSCH'),
(11417, 7263, 'JOSE MARIA MICHEO'),
(11418, 1846, 'JOSE MARMOL'),
(11419, 1607, 'JOSE MARTI'),
(11423, 7260, 'JOSE R. SOJO'),
(11424, 7243, 'JOSE SANTOS AREVALO'),
(11427, 8142, 'JUAN A. PRADERE'),
(11428, 2717, 'JUAN A. DE LA PEÑA'),
(11429, 7245, 'JUAN ATUCHA'),
(11431, 1602, 'JUAN B. JUSTO  ESTACION FCGM   FLORIDA-PDO. VICENT'),
(11434, 6034, 'JUAN BAUTISTA ALBERDI'),
(11435, 1686, 'JUAN BAUTISTA DE LA SALLE  PARADA FCGU '),
(11436, 7260, 'JUAN BLAQUIER'),
(11440, 8136, 'JUAN COUSTE'),
(11441, 7169, 'JUANCHO'),
(11444, 7517, 'JUAN E. BARRA'),
(11445, 6551, 'JUAN F. IBARRA'),
(11448, 2909, 'JUAN G. PUJOL'),
(11452, 6623, 'JUAN JOSE ALMEYRA'),
(11454, 6474, 'JUAN JOSE PASO'),
(11457, 1890, 'JUAN MARIA GUTIERREZ'),
(11458, 7011, 'JUAN N. FERNANDEZ'),
(11463, 7247, 'JUAN TRONCONI'),
(11464, 6430, 'JUAN V. CILLEY'),
(11465, 6663, 'JUAN VELA'),
(11466, 1665, 'JUAN VUCETICH  APEADERO FCGU '),
(11475, 1913, 'JULIO ARDITI'),
(11493, 6000, 'JUNIN'),
(11501, 1778, 'JUSTO VILLEGAS  PARADA FCGB '),
(11504, 2745, 'KENNY'),
(11516, 1870, 'KILOMETRO 5  ESTACION FCGR '),
(11527, 8101, 'KILOMETRO 11  APEADERO FCGR '),
(11543, 1611, 'KILOMETRO 26'),
(11550, 1612, 'KILOMETRO 30'),
(11552, 1617, 'KILOMETRO 31  APEADERO FCGM '),
(11555, 1832, 'KILOMETRO 34  APEADERO FCDFS   SANTA MARTA-PDO. LO'),
(11558, 1613, 'KILOMETRO 34  ING. PABLO NOGUES-PDO. GRAL. SARMIEN'),
(11561, 1889, 'KILOMETRO 36  EMBARCADERO FCGB   EL ROCIO-PDO. FLO'),
(11562, 2705, 'KILOMETRO 36  EMBARCADERO FCGM   ROJAS-PDO. ROJAS '),
(11563, 1615, 'KILOMETRO 36  GRAND BOURG-PDO. GRAL. SARMIENTO '),
(11566, 1723, 'KILOMETRO 38  APEADERO FCGB   MARIANO ACOSTA-PDO. '),
(11569, 1615, 'KILOMETRO 38  PDO. GRAL. SARMIENTO '),
(11571, 1888, 'KILOMETRO 40  APEADERO FCGB   FLORENCIO VARELA-PDO'),
(11572, 1667, 'KILOMETRO 40  TORTUGUITAS-PDO. PILAR '),
(11579, 1727, 'KILOMETRO 45  APEADERO FCGB   MARCOS PAZ-PDO. MARC'),
(11582, 1635, 'KILOMETRO 45  APEADERO FCGU   PTE. DERQUI-PDO. PIL'),
(11584, 1881, 'KILOMETRO 46  PARADA FCGB '),
(11596, 1727, 'KILOMETRO 53  PARADA FCGB '),
(11600, 1981, 'KILOMETRO 55  APEADERO FCGB '),
(11607, 1981, 'KILOMETRO 58  APEADERO FCGB '),
(11608, 1814, 'KILOMETRO 59  APEADERO FCGR '),
(11610, 1629, 'KILOMETRO 61  APEADERO FCGB '),
(11612, 1903, 'KILOMETRO 66  APEADERO FCGR '),
(11614, 1981, 'KILOMETRO 70  APEADERO FCGB '),
(11617, 1981, 'KILOMETRO 77  APEADERO FCGB   LOMA VERDE-PDO. GRAL'),
(11618, 1737, 'KILOMETRO 77  LA CHOZA-PDO. GRAL. LAS HERAS '),
(11620, 1741, 'KILOMETRO 79  APEADERO FCGB '),
(11621, 1980, 'KILOMETRO 82  APEADERO FCGR   CNEL. BRANDSEN-PDO. '),
(11622, 1905, 'KILOMETRO 82  APEADERO FCGR   POBLET-PDO. LA PLATA'),
(11623, 6605, 'KILOMETRO 83'),
(11628, 7221, 'KILOMETRO 88  APEADERO FCGB   GDOR. UDAONDO-PDO. C'),
(11629, 1815, 'KILOMETRO 88  APEADERO FCGR   URIBELARREA-PDO. LOB'),
(11631, 2804, 'KILOMETRO 88  DESVIO PARTICULAR FCGM   CAMPANA-PDO'),
(11634, 6605, 'KILOMETRO 90  APEADERO FCGB '),
(11635, 1911, 'KILOMETRO 92  APEADERO FCGR '),
(11638, 6031, 'KILOMETRO 95  DESVIO EL CHINGOLO-PDO. GRAL. ARENAL'),
(11639, 1986, 'KILOMETRO 95  EMBARCADERO FCGR   ALTAMIRANO-PDO. G'),
(11645, 2763, 'KILOMETRO 102'),
(11648, 6723, 'KILOMETRO 108'),
(11652, 7240, 'KILOMETRO 112  APEADERO FCGR '),
(11656, 6605, 'KILOMETRO 116  APEADERO FCGR '),
(11658, 6603, 'KILOMETRO 117  APEADERO FCGB '),
(11668, 7226, 'KILOMETRO 146  APEADERO FCGR '),
(11673, 7135, 'KILOMETRO 158  APEADERO FCGR '),
(11679, 2935, 'KILOMETRO 172'),
(11685, 2946, 'KILOMETRO 184  APEADERO FCGM '),
(11697, 6503, 'KILOMETRO 234'),
(11711, 6017, 'KILOMETRO 282  APEADERO FCDFS '),
(11731, 6070, 'KILOMETRO 321  APEADERO FCDFS '),
(11732, 6533, 'KILOMETRO 322  APEADERO FCDFS '),
(11745, 6075, 'KILOMETRO 356  APEADERO FCDFS '),
(11753, 6457, 'KILOMETRO 386  APEADERO FCDFS '),
(11759, 6467, 'KILOMETRO 393  APEADERO FCDFS '),
(11767, 7005, 'KILOMETRO 404'),
(11777, 7313, 'KILOMETRO 433'),
(11779, 7635, 'KILOMETRO 440'),
(11827, 8151, 'KILOMETRO 563'),
(11846, 8109, 'KILOMETRO 652  APEADERO FCGR '),
(11851, 8105, 'KILOMETRO 666  APEADERO FCGR '),
(11954, 7530, 'KRABBE'),
(11961, 7243, 'LA ADELAIDA'),
(11998, 7130, 'LA ALAMEDA'),
(12002, 7116, 'LA ALCIRA'),
(12011, 7130, 'LA AMALIA'),
(12015, 7130, 'LA AMISTAD'),
(12018, 7119, 'LA AMORILLA'),
(12022, 6003, 'LA ANGELITA'),
(12042, 1865, 'LA ARGENTINA'),
(12051, 6555, 'LA ARMONIA'),
(12068, 7009, 'LA AURORA  IRAOLA-PDO. TANDIL '),
(12069, 6513, 'LA AURORA  LA NIÑA-PDO. 9 DE JULIO '),
(12071, 8151, 'LA AURORA  NICOLAS DESCALZI-PDO. CNEL. DORREGO '),
(12075, 7007, 'LA AZOTEA'),
(12076, 7130, 'LA AZOTEA GRANDE'),
(12077, 7005, 'LA AZUCENA'),
(12088, 7603, 'LA BALLENERA'),
(12102, 7161, 'LABARDEN'),
(12103, 1649, 'LA BARQUITA'),
(12106, 7260, 'LA BARRANCOSA'),
(12119, 6003, 'LA BEBA'),
(12128, 8136, 'LA BLANCA'),
(12135, 7243, 'LA BLANQUEADA'),
(12140, 2933, 'LA BOLSA'),
(12154, 7620, 'LA BRAVA'),
(12162, 2930, 'LA BUENA MOZA'),
(12170, 1755, 'LA CALABRIA'),
(12192, 6616, 'LA CALIFORNIA ARGENTINA'),
(12197, 7260, 'LA CAMPANA'),
(12243, 6628, 'LA CARLOTA'),
(12257, 6471, 'LA CARRETA'),
(12264, 8136, 'LA CATALINA'),
(12271, 6403, 'LA CAUTIVA'),
(12281, 8136, 'LA CELINA'),
(12289, 6725, 'LA CENTRAL'),
(12327, 7408, 'LA COLINA'),
(12330, 7603, 'LA COLMENA'),
(12342, 7300, 'LA COLORADA  AZUL-PDO. AZUL '),
(12344, 7119, 'LA COLORADA  SANTO DOMINGO-PDO. MAIPU '),
(12346, 8126, 'LA COLORADA CHICA'),
(12357, 7153, 'LA CONSTANCIA'),
(12364, 7545, 'LA COPETA'),
(12365, 2700, 'LA CORA'),
(12368, 7114, 'LA CORINCO'),
(12381, 7114, 'LA COSTA  CASTELLI-PDO. CASTELLI '),
(12388, 1872, 'LA COSTA  SARANDI-PDO. AVELLANEDA '),
(12391, 6461, 'LA COTORRA'),
(12455, 1737, 'LA CHOZA'),
(12457, 7316, 'LA CHUMBEADA  AZUL-PDO. AZUL '),
(12458, 7223, 'LA CHUMBEADA  PDO. GRAL. BELGRANO '),
(12461, 6017, 'LA DELFINA'),
(12464, 2740, 'LA DELIA'),
(12467, 7116, 'LA DESPIERTA'),
(12481, 6538, 'LA DORITA'),
(12485, 6628, 'LA DORMILONA'),
(12487, 7637, 'LA DULCE'),
(12501, 7603, 'LA ELMA'),
(12513, 2901, 'LA EMILIA'),
(12560, 7223, 'LA ESPERANZA  GRAL. BELGRANO-PDO. GRAL. BELGRANO '),
(12561, 7163, 'LA ESPERANZA  GRAL. MADARIAGA-PDO. GRAL. J. MADARI'),
(12569, 7007, 'LA ESPERANZA  NAPALEOFU-PDO. BALCARCE '),
(12570, 7205, 'LA ESPERANZA  ROSAS-PDO. LAS FLORES '),
(12609, 7100, 'LA ESTRELLA  DOLORES-PDO. DOLORES '),
(12611, 7403, 'LA ESTRELLA  SIERRAS BAYAS-PDO. OLAVARRIA '),
(12612, 1663, 'LA ESTRELLA  TRUJUI-PDO. GRAL. SARMIENTO '),
(12619, 8136, 'LA EVA'),
(12622, 1888, 'LA FABRICA'),
(12641, 7503, 'LA FELICIANA'),
(12645, 1757, 'LAFERRERE'),
(12664, 8185, 'LA FLORIDA'),
(12691, 1865, 'LA FORTUNA'),
(12700, 1748, 'LA FRATERNIDAD'),
(12712, 1814, 'LA GARITA'),
(12726, 8134, 'LA GLEVA'),
(12727, 6665, 'LA GLORIA'),
(12735, 6431, 'LAGO EPECUEN'),
(12763, 1623, 'LA GRACIELITA'),
(12771, 1901, 'LA GRANJA'),
(12777, 6437, 'LA GREGORIA'),
(12792, 6439, 'LAGUNA ALSINA'),
(12809, 7620, 'LAGUNA BRAVA'),
(12814, 8134, 'LAGUNA CHASICO'),
(12815, 1649, 'LAGUNA DE BORCHES'),
(12817, 6001, 'LAGUNA DE GOMEZ'),
(12818, 1649, 'LAGUNA DE LA BARCA'),
(12822, 6501, 'LAGUNA DEL CURA'),
(12826, 6435, 'LAGUNA DEL MONTE'),
(12829, 7240, 'LAGUNA DE LOBOS'),
(12830, 7601, 'LAGUNA DE LOS PADRES'),
(12835, 7600, 'LAGUNA DEL SOLDADO'),
(12849, 1649, 'LAGUNA LAGUNITA'),
(12855, 6660, 'LAGUNA LAS MULITAS'),
(12857, 7214, 'LAGUNA MEDINA'),
(12867, 6400, 'LAGUNA REDONDA'),
(12894, 6437, 'LA HERMINIA'),
(12902, 6475, 'LA HIGUERA'),
(12917, 2805, 'LA HORQUETA  PDO. CAMPANA '),
(12918, 7130, 'LA HORQUETA  PDO. CHASCOMUS '),
(12919, 7500, 'LA HORQUETA  TRES ARROYOS-PDO. TRES ARROYOS '),
(12924, 6005, 'LA HUAYQUERIA'),
(12938, 7114, 'LA INDIA'),
(12942, 2745, 'LA INVENCIBLE'),
(12952, 7212, 'LA ISABEL'),
(12983, 1901, 'LA JOSEFA'),
(13012, 6555, 'LA LARGA'),
(13013, 7116, 'LA LARGA NUEVA'),
(13016, 2812, 'LA LATA  APEADERO FCGU '),
(13036, 7130, 'LA LIMPIA  CHASCOMUS-PDO. CHACOMUS '),
(13037, 6645, 'LA LIMPIA  PDO. BRAGADO '),
(13047, 1669, 'LA LOMA  DEL VISO-PDO. GRAL. SARMIENTO '),
(13048, 1759, 'LA LOMA  GONZALEZ CATAN-PDO. LA MATANZA '),
(13051, 6700, 'LA LOMA  LUJAN-PDO. LUJAN '),
(13056, 1669, 'LA LONJA'),
(13058, 7603, 'LA LUCIA'),
(13060, 1636, 'LA LUCILA'),
(13061, 7113, 'LA LUCILA DEL MAR'),
(13068, 2752, 'LA LUISA'),
(13071, 8150, 'LA LUNA'),
(13077, 7603, 'LA MADRECITA'),
(13097, 7300, 'LA MANTEQUERIA'),
(13098, 6439, 'LA MANUELA'),
(13113, 2715, 'LA MARGARITA  EL SOCORRO-PDO. PERGAMINO '),
(13114, 6471, 'LA MARGARITA  LA CARRETA-PDO. TRENQUE LAUQUEN '),
(13115, 7260, 'LA MARGARITA  SALADILLO-PDO. SALADILLO '),
(13117, 6640, 'LA MARIA'),
(13134, 8109, 'LA MARTINA'),
(13141, 8132, 'LA MASCOTA  PDO. VILLARINO '),
(13142, 7119, 'LA MASCOTA  SANTO DOMINGO-PDO. GRAL. LAVALLE '),
(13147, 2931, 'LA MATILDE'),
(13157, 8105, 'LA MERCED');
INSERT INTO `cp` (`codlocalidad`, `cp`, `localidad`) VALUES
(13180, 1870, 'LA MOSCA'),
(13184, 2707, 'LA NACION'),
(13186, 7403, 'LA NARCISA'),
(13189, 7005, 'LA NEGRA'),
(13192, 2740, 'LA NELIDA'),
(13195, 7545, 'LA NEVADA'),
(13196, 7151, 'LANGUEYU'),
(13200, 6513, 'LA NI#A'),
(13202, 1814, 'LA NORIA'),
(13210, 1907, 'LA NUEVA HERMOSURA'),
(13212, 7000, 'LA NUMANCIA'),
(13213, 1824, 'LANUS'),
(13214, 7313, 'LA NUTRIA'),
(13226, 6022, 'LA ORIENTAL'),
(13248, 6341, 'LA PALA'),
(13255, 7007, 'LA PALMA'),
(13260, 7403, 'LA PALMIRA'),
(13267, 7263, 'LA PAMPA'),
(13289, 7001, 'LA PASTORA  PDO. TANDIL '),
(13290, 7500, 'LA PASTORA  TRES ARROYOS-PDO. T. ARROYOS '),
(13304, 7245, 'LA PAZ'),
(13310, 7247, 'LA PAZ CHICA'),
(13322, 7601, 'LA PEREGRINA'),
(13324, 6550, 'LA PERLA'),
(13331, 1744, 'LA PERLITA'),
(13343, 7116, 'LA PIEDRA'),
(13349, 6007, 'LA PINTA'),
(13357, 6013, 'LAPLACETTE'),
(13360, 1900, 'LA PLATA'),
(13362, 7631, 'LA PLAYA'),
(13372, 8124, 'LA POCHOLA'),
(13388, 7207, 'LA PORTEÑA  EL TRIGO-PDO. LAS FLORES '),
(13389, 1744, 'LA PORTEÑA  MORENO-PDO. MORENO '),
(13390, 7241, 'LA PORTEÑA  PDO. LOBOS '),
(13391, 6407, 'LA PORTEÑA  PDO. TRENQUE LAUQUEN '),
(13392, 7112, 'LA POSTA'),
(13400, 6453, 'LA PRADERA'),
(13403, 7414, 'LAPRIDA'),
(13412, 1921, 'LA PRIMAVERA  ALVAREZ JONTE-PDO. MAGDALENA '),
(13418, 7543, 'LA PRIMAVERA  PDO. CNEL. SUAREZ '),
(13423, 7630, 'LA PRIMITIVA'),
(13424, 7112, 'LA PROTECCION'),
(13426, 6561, 'LA PROTEGIDA  ESPIGAS-PDO. OLAVARRIA '),
(13427, 7311, 'LA PROTEGIDA  PDO. AZUL '),
(13430, 7403, 'LA PROVIDENCIA'),
(13472, 2912, 'LA QUERENCIA'),
(13482, 6667, 'LA RABIA'),
(13498, 7260, 'LA RAZON'),
(13511, 7603, 'LA REFORMA  CMTE. NICANOR OTAMENDI-PDO. GRAL. ALVA'),
(13512, 7245, 'LA REFORMA  PDO. ROQUE PEREZ '),
(13513, 7130, 'LA REFORMA CHASCOMUS'),
(13517, 1744, 'LA REJA'),
(13526, 7536, 'LA RESERVA'),
(13535, 6623, 'LA RICA'),
(13536, 7245, 'LA RINCONADA'),
(13552, 1755, 'LA ROSA'),
(13555, 2812, 'LA ROSADA'),
(13558, 8187, 'LA ROSALIA'),
(13566, 6451, 'LARRAMENDY'),
(13568, 6634, 'LARREA'),
(13573, 7531, 'LARTIGAU'),
(13600, 1774, 'LA SALADA'),
(13614, 7621, 'LA SARA  RAMOS OTERO-PDO. BALCARCE '),
(13615, 6612, 'LA SARA  SUIPACHA-PDO. SUIPACHA '),
(13621, 2751, 'LA SARITA'),
(13622, 7172, 'LAS ARMAS'),
(13628, 8174, 'LA SAUDADE'),
(13631, 2916, 'LAS BAHAMAS'),
(13659, 7130, 'LAS BRUSCAS'),
(13665, 2930, 'LAS CANALETAS'),
(13717, 1826, 'LAS COLONIAS'),
(13728, 7300, 'LAS CORTADERAS'),
(13733, 8504, 'LAS CORTADERAS  CARMEN DE PATAGONES-PDO. PATAGONES'),
(13746, 6437, 'LAS CUATRO HERMANAS'),
(13747, 2741, 'LAS CUATRO PUERTAS'),
(13772, 1903, 'LAS CHACRAS  MELCHOR ROMERO-PDO. LA PLATA '),
(13774, 7241, 'LAS CHACRAS  PDO. LOBOS '),
(13786, 7174, 'LAS CHILCAS  CNEL. VIDAL-PDO. MAR CHIQUITA '),
(13787, 7116, 'LAS CHILCAS  PILA-PDO. PILA '),
(13828, 8134, 'LAS ESCOBAS'),
(13837, 7200, 'LAS FLORES'),
(13865, 6400, 'LAS GUASQUITAS'),
(13870, 1741, 'LAS HERAS'),
(13872, 7414, 'LAS HERMANAS'),
(13898, 8150, 'LA SIRENA'),
(13902, 8148, 'LAS ISLETAS'),
(13906, 6476, 'LAS JUANITAS'),
(13938, 7603, 'LAS LOMAS'),
(13960, 1748, 'LAS MALVINAS  PARADA FCDFS '),
(13967, 6607, 'LAS MARIANAS'),
(13969, 7406, 'LAS MARTINETAS'),
(14003, 7530, 'LAS MOSTAZAS'),
(14005, 7130, 'LAS MULAS'),
(14008, 6507, 'LAS NEGRAS'),
(14010, 7316, 'LAS NIEVES'),
(14011, 7623, 'LAS NUTRIAS'),
(14013, 8154, 'LA SOBERANA'),
(14014, 6535, 'LA SOFIA'),
(14023, 8136, 'LA SOMBRA'),
(14026, 7500, 'LA SORTIJA'),
(14027, 8115, 'LAS OSCURAS'),
(14040, 2806, 'LAS PALMAS  ESTACION FCGM '),
(14071, 6022, 'LAS PARVAS'),
(14096, 7605, 'LAS PIEDRITAS  MECHONGUE-PDO. GRAL. ALVARADO '),
(14097, 7400, 'LAS PIEDRITAS  OLAVARRIA-PDO. OLAVARRIA '),
(14099, 1921, 'LAS PIPINAS'),
(14121, 1901, 'LAS QUINTAS  PDO. LA PLATA '),
(14122, 1874, 'LAS QUINTAS  VILLA DOMINICO-PDO. AVELLANEDA '),
(14142, 2707, 'LAS SALADAS'),
(14156, 7007, 'LAS SUIZAS'),
(14157, 7151, 'LAS SULTANAS'),
(14161, 1917, 'LAS TAHONAS'),
(14184, 7106, 'LAS TONINAS'),
(14187, 7116, 'LAS TORTUGAS'),
(14195, 6453, 'LAS TOSCAS'),
(14204, 6437, 'LAS TRES FLORES'),
(14225, 7500, 'LAS VAQUERIAS'),
(14231, 8181, 'LAS VASCONGADAS'),
(14271, 7500, 'LA TIGRA'),
(14276, 7174, 'LA TOBIANA'),
(14287, 7403, 'LA TOMASA'),
(14293, 6553, 'LA TORRECITA'),
(14311, 6003, 'LA TRINIDAD'),
(14348, 6601, 'LA VALEROSA  ESTACION FCGB '),
(14354, 2715, 'LA VANGUARDIA'),
(14374, 7223, 'LA VERDE  GRAL. BELGRANO-PDO. GRAL. BELGRANO '),
(14375, 6601, 'LA VERDE  PDO. MERCEDES '),
(14383, 6627, 'LA VICTORIA  DESVIO '),
(14386, 7109, 'LA VICTORIA  MAR DE AJO-PDO. DE LA COSTA '),
(14387, 7225, 'LA VICTORIA  PDO. PILA '),
(14401, 2751, 'LA VIOLETA'),
(14404, 8115, 'LA VIRGINIA'),
(14408, 8122, 'LA VITICOLA'),
(14416, 6513, 'LA YESCA'),
(14419, 6400, 'LA ZANJA'),
(14425, 6077, 'LA ZARATEÑA'),
(14433, 8185, 'LA ZULEMA'),
(14440, 6032, 'LEANDRO N. ALEM'),
(14446, 7130, 'LEGARISTI'),
(14465, 6400, 'LERTORA'),
(14469, 6338, 'LEUBUCO'),
(14471, 7116, 'LEZAMA'),
(14473, 6700, 'LEZICA Y TORREZURI  APEADERO FCDFS '),
(14475, 7407, 'LIBANO'),
(14478, 1716, 'LIBERTAD'),
(14489, 7135, 'LIBRES DEL SUD'),
(14490, 7007, 'LICENCIADO MATIENZO'),
(14493, 2718, 'LIERRA ADJEMIRO'),
(14497, 2806, 'LIMA'),
(14503, 7505, 'LIN-CALEL'),
(14505, 6070, 'LINCOLN'),
(14521, 1901, 'LISANDRO OLMOS'),
(14527, 7635, 'LOBERIA'),
(14529, 7240, 'LOBOS'),
(14555, 7100, 'LOMA DE SALOMON'),
(14557, 1722, 'LOMA FLORIDA'),
(14559, 1722, 'LOMA GRANDE'),
(14564, 7403, 'LOMA NEGRA'),
(14569, 7203, 'LOMA PARTIDA'),
(14582, 1744, 'LOMAS DE CASASCO'),
(14585, 1759, 'LOMAS DE GARONE'),
(14588, 1752, 'LOMAS DEL MIRADOR'),
(14590, 1663, 'LOMAS DE MARILO'),
(14591, 1744, 'LOMAS DE SAN JOSE'),
(14594, 1744, 'LOMAS DE YARAVI'),
(14595, 1832, 'LOMAS DE ZAMORA'),
(14609, 1625, 'LOMA VERDE  ESCOBAR-PDO. ESCOBAR '),
(14610, 1981, 'LOMA VERDE  PDO. GRAL. PAZ '),
(14630, 1854, 'LONGCHAMPS'),
(14634, 7021, 'LOPEZ'),
(14635, 2903, 'LOPEZ ARIAS'),
(14636, 1617, 'LOPEZ CAMELO'),
(14637, 8117, 'LOPEZ LECUBE'),
(14638, 2718, 'LOPEZ MOLINARI'),
(14650, 7609, 'LOS ACANTILADOS'),
(14686, 6075, 'LOS ALTOS'),
(14693, 2741, 'LOS ANGELES'),
(14708, 1816, 'LOS AROMOS'),
(14736, 6018, 'LOS BOSQUES'),
(14750, 6242, 'LOS CALDENES'),
(14752, 6062, 'LOS CALLEJONES  ESTACION FCGM '),
(14760, 2814, 'LOS CARDALES'),
(14764, 7620, 'LOS CARDOS'),
(14776, 7226, 'LOS CERRILLOS'),
(14791, 7635, 'LOS CERROS'),
(14806, 6555, 'LOS COLONIALES'),
(14841, 7263, 'LOS CUATRO CAMINOS'),
(14846, 6475, 'LOS CHAÑARES'),
(14868, 7116, 'LOS CHILCOS'),
(14881, 2903, 'LOS DOS AMIGOS'),
(14899, 1895, 'LOS EUCALIPTOS'),
(14902, 7220, 'LOS EUCALIPTUS  APEADERO FCGB '),
(14919, 6343, 'LOS GAUCHOS  APEADERO FCDFS '),
(14954, 6015, 'LOS HUESOS'),
(14955, 6451, 'LOS INDIOS  CURARU-PDO. CARLOS TEJEDOR '),
(14956, 2709, 'LOS INDIOS  PDO. ROJAS '),
(14972, 6230, 'LOS LAURELES  ESTACION FCGB '),
(14995, 1885, 'LOS MANZANOS'),
(14997, 1981, 'LOS MARINO'),
(15009, 1980, 'LOS MERINOS'),
(15032, 7503, 'LOS MOLLES'),
(15078, 7601, 'LOS ORTIZ'),
(15094, 1716, 'LOS PARAISOS'),
(15102, 7603, 'LOS PATOS'),
(15110, 1667, 'LOS PERALES'),
(15117, 7623, 'LOS PINOS'),
(15136, 1613, 'LOS POLVORINES'),
(15142, 8512, 'LOS POZOS'),
(15212, 1921, 'LOS SANTOS VIEJOS'),
(15239, 1923, 'LOS TALAS'),
(15259, 6015, 'LOS TOLDOS'),
(15378, 7545, 'LOUGE'),
(15382, 1741, 'LOZANO'),
(15387, 6661, 'LUCAS MONTEVERDE'),
(15405, 1917, 'LUIS CHICO'),
(15408, 1838, 'LUIS GUILLON'),
(15414, 6700, 'LUJAN'),
(15422, 7639, 'LUMB'),
(15431, 6439, 'LURO'),
(15442, 1836, 'LLAVALLOL'),
(15450, 7163, 'MACEDO'),
(15475, 7151, 'MAGALLANES'),
(15476, 6451, 'MAGDALA'),
(15477, 1913, 'MAGDALENA'),
(15480, 2718, 'MAGUIRE'),
(15486, 7160, 'MAIPU'),
(15542, 6661, 'MAMAGUITA'),
(15562, 2717, 'MANANTIALES'),
(15570, 2717, 'MANANTIALES GRANDES'),
(15599, 1667, 'MANUEL ALBERTI  APEADERO FCGB '),
(15602, 1897, 'MANUEL B. GONNET'),
(15607, 7116, 'MANUEL J. COBO'),
(15608, 6608, 'MANUEL JOSE GARCIA'),
(15609, 2713, 'MANUEL OCAMPO'),
(15610, 1629, 'MANZANARES'),
(15611, 1633, 'MANZONE'),
(15612, 2718, 'MANZO Y NIÑO'),
(15613, 7633, 'MAORI'),
(15614, 6557, 'MAPIS'),
(15617, 1620, 'MAQUINISTA FRANCISCO SAVIO'),
(15634, 7165, 'MAR AZUL'),
(15638, 2741, 'MARCELINO UGARTE'),
(15640, 1727, 'MARCOS PAZ'),
(15642, 7109, 'MAR DE AJO'),
(15643, 7600, 'MAR DEL PLATA'),
(15644, 7607, 'MAR DEL SUD'),
(15645, 7108, 'MAR DEL TUYU'),
(15664, 7003, 'MARIA IGNACIA'),
(15667, 6465, 'MARIA LUCILA'),
(15672, 1723, 'MARIANO ACOSTA'),
(15673, 2701, 'MARIANO BENITEZ'),
(15675, 2718, 'MARIANO H. ALFONZO'),
(15677, 1706, 'MARIANO J. HAEDO'),
(15680, 7517, 'MARIANO ROLDAN'),
(15682, 6337, 'MARIA P. MORENO'),
(15687, 6400, 'MARI LAUQUEN'),
(15691, 6708, 'MARISCAL SUCRE'),
(15697, 6667, 'MARTIN BERRAONDO'),
(15698, 7201, 'MARTIN COLMAN'),
(15699, 1682, 'MARTIN CORONADO'),
(15702, 1640, 'MARTINEZ'),
(15706, 6533, 'MARTINEZ DE HOZ'),
(15708, 7311, 'MARTIN FIERRO  CHILLAR-PDO. AZUL '),
(15709, 6400, 'MARTIN FIERRO  PDO. TRENQUE LAUQUEN '),
(15713, 6451, 'MARUCHA  ESTACION FCGM '),
(15720, 8134, 'MASCOTA'),
(15722, 6439, 'MASUREL'),
(15733, 1627, 'MATHEU'),
(15745, 6531, 'MAURICIO HIRSCH'),
(15748, 6645, 'MAXIMO FERNANDEZ'),
(15749, 1812, 'MAXIMO PAZ'),
(15755, 7519, 'MAYOL'),
(15756, 8146, 'MAYOR BURATOVICH'),
(15758, 6053, 'MAYOR JOSE ORELLANO'),
(15764, 6343, 'MAZA'),
(15773, 6648, 'MECHA'),
(15775, 6648, 'MECHITA'),
(15776, 7605, 'MECHONGUE'),
(15777, 7163, 'MEDALAND'),
(15783, 7630, 'MEDANO BLANCO'),
(15790, 8132, 'MEDANOS'),
(15812, 1903, 'MELCHOR ROMERO'),
(15819, 6748, 'MEMBRILLAR'),
(15827, 1771, 'MERCADO CENTRAL'),
(15830, 6600, 'MERCEDES'),
(15837, 1763, 'MERCEDES BENZ'),
(15840, 6239, 'MERIDIANO V '),
(15842, 1722, 'MERLO'),
(15855, 1744, 'MI BARRIO'),
(15856, 7507, 'MICAELA CASCALLARES'),
(15865, 1650, 'MIGUELETE  PARADA FCGM '),
(15915, 1852, 'MINISTRO RIVADAVIA'),
(15933, 6550, 'MIRAMAR  BOLIVAR-PDO. BOLIVAR '),
(15934, 7607, 'MIRAMAR  PDO. GRAL. ALVARADO '),
(15935, 7214, 'MIRAMONTE'),
(15939, 7201, 'MIRANDA'),
(15942, 6403, 'MIRA PAMPA'),
(15969, 6531, 'MOCTEZUMA'),
(15998, 6627, 'MOLL'),
(16010, 7116, 'MONASTERIO'),
(16012, 6469, 'MONES CAZON'),
(16015, 2743, 'MONROE'),
(16017, 7119, 'MONSALVO'),
(16020, 1893, 'MONTARAZ'),
(16021, 7220, 'MONTE'),
(16046, 1825, 'MONTE CHINGOLO'),
(16057, 1842, 'MONTE GRANDE'),
(16063, 8153, 'MONTE HERMOSO'),
(16093, 8136, 'MONTES DE OCA'),
(16097, 1917, 'MONTE VELOZ'),
(16107, 1642, 'MONTE VIEJO'),
(16112, 6230, 'MOORE'),
(16121, 6507, 'MOREA'),
(16125, 1744, 'MORENO'),
(16129, 1708, 'MORON'),
(16135, 6013, 'MORSE'),
(16142, 6471, 'MOURAS'),
(16149, 8111, 'MUELLE PUERTO BELGRANO'),
(16154, 6501, 'MULCAHY'),
(16158, 1605, 'MUNRO'),
(16161, 1663, 'MU#IZ'),
(16162, 7404, 'MUÑOZ'),
(16168, 2909, 'MUTTI'),
(16185, 7613, 'NAHUEL RUCA'),
(16191, 7007, 'NAPALEOFU'),
(16194, 8122, 'NAPOSTA'),
(16216, 6605, 'NAVARRO'),
(16221, 7630, 'NECOCHEA'),
(16222, 6077, 'NECOL  ESTACION FCGM '),
(16236, 7223, 'NEWTON'),
(16238, 7637, 'NICANOR OLIVERA'),
(16240, 8151, 'NICOLAS DESCALZI'),
(16242, 8134, 'NICOLAS LEVALLE'),
(16246, 7316, 'NIEVES'),
(16277, 6663, 'NORBERTO DE LA RIESTRA'),
(16280, 6501, 'NORUMBEGA'),
(16299, 6553, 'NUEVA ESPAÑA'),
(16315, 1907, 'NUEVA HERMOSURA'),
(16322, 6451, 'NUEVA PLATA'),
(16325, 8117, 'NUEVA ROMA'),
(16329, 6077, 'NUEVA SUIZA  ESTACION FCGM '),
(16336, 1776, '9 DE ABRIL'),
(16337, 6500, '9 DE JULIO'),
(16356, 1648, 'NUEVO PUERTO TIGRE'),
(16397, 7521, 'OCHANDIO'),
(16403, 6748, 'O HIGGINS'),
(16431, 6652, 'OLASCOAGA'),
(16432, 7400, 'OLAVARRIA'),
(16436, 1981, 'OLIDEN'),
(16439, 2931, 'OLIVEIRA CEZAR'),
(16440, 6608, 'OLIVERA'),
(16442, 1636, 'OLIVOS'),
(16449, 7545, 'OMBU'),
(16454, 8142, 'OMBUCTA'),
(16463, 6708, 'OPEN DOOR'),
(16475, 6537, 'ORDOQUI'),
(16477, 7503, 'ORENSE'),
(16478, 7509, 'ORIENTE'),
(16479, 2812, 'ORLANDO  APEADERO FCGU '),
(16487, 2703, 'ORTIZ BASUALDO'),
(16488, 6660, 'ORTIZ DE ROSAS'),
(16491, 7167, 'OSTENDE'),
(16493, 2802, 'OTAMENDI'),
(16496, 7545, 'OTOÑO  ESTACION FCGR '),
(16516, 7301, 'PABLO ACOSTA'),
(16517, 1657, 'PABLO PODESTA'),
(16557, 6640, 'PALANTELEN'),
(16562, 6628, 'PALEMON HUERGO'),
(16600, 7221, 'PALMITAS'),
(16716, 2931, 'PANAME'),
(16719, 1921, 'PANCHO DIAZ'),
(16733, 6411, 'PAPIN'),
(16736, 1739, 'PARADA KILOMETRO 76'),
(16737, 2935, 'PARADA KILOMETRO 158'),
(16741, 1834, 'PARADA PASCO'),
(16743, 6703, 'PARADA ROBLES'),
(16744, 6725, 'PARADA TATAY'),
(16749, 7412, 'PARAGUIL'),
(16756, 1903, 'PARAJE 19 DE NOVIEMBRE'),
(16758, 1903, 'PARAJE EL PELIGROSO'),
(16761, 8158, 'PARAJE LA AURORA'),
(16765, 2711, 'PARAJE SANTA ROSA'),
(16766, 1915, 'PARAJE STARACHE'),
(16776, 1649, 'PARANA MINI'),
(16780, 7212, 'PARDO'),
(16784, 7316, 'PARISH'),
(16785, 7167, 'PARQUE CARILO'),
(16786, 1663, 'PARQUE EL CORTIJO'),
(16787, 1744, 'PARQUE GAONA'),
(16788, 1713, 'PARQUE LELOIR'),
(16790, 1832, 'PARQUE MITRE'),
(16792, 1617, 'PARQUE SAN LORENZO'),
(16794, 1722, 'PARQUE SAN MARTIN  PDO. MERLO '),
(16795, 1763, 'PARQUE SAN MARTIN  VIRREY DEL PINO-PDO. LA MATANZA'),
(16797, 1713, 'PARQUE SUMAMPA'),
(16798, 7114, 'PARQUE TAILLADE'),
(16799, 7100, 'PARRAVICINI'),
(16804, 1834, 'PASCO  APEADERO FCGB '),
(16806, 7547, 'PASMAN'),
(16811, 8142, 'PASO ALSINA'),
(16824, 8134, 'PASO CRAMER'),
(16856, 7511, 'PASO DEL MEDANO'),
(16873, 1742, 'PASO DEL REY'),
(16912, 8115, 'PASO MAYOR'),
(16929, 7163, 'PASOS'),
(16942, 6077, 'PASTEUR'),
(16953, 8504, 'PATAGONES'),
(16962, 6503, 'PATRICIOS'),
(16964, 6557, 'PAULA'),
(16971, 2812, 'PAVON'),
(16973, 1649, 'PAY CARABI'),
(16978, 6058, 'PAZOS KANKI'),
(16979, 2711, 'PEARSON'),
(16983, 6665, 'PEDERNALES'),
(16992, 6451, 'PEDRO GAMEN'),
(16995, 8148, 'PEDRO LURO'),
(16996, 7135, 'PEDRO NICOLAS ESCRIBANO'),
(16997, 7515, 'PEDRO P. LASSALLE'),
(17001, 6450, 'PEHUAJO'),
(17004, 6409, 'PEHUELCHES'),
(17005, 8109, 'PEHUEN CO'),
(17007, 8117, 'PELICURA'),
(17009, 6346, 'PELLEGRINI'),
(17026, 7530, 'PERALTA'),
(17033, 1686, 'PEREYRA  HURLINGHAM-PDO. 3 DE FEBRERO '),
(17034, 1894, 'PEREYRA  PDO. BERAZATEGUI '),
(17038, 2933, 'PEREZ MILLAN'),
(17039, 2700, 'PERGAMINO'),
(17103, 6051, 'PICHINCHA'),
(17112, 8117, 'PIEDRA ANCHA  DESVIO '),
(17130, 8117, 'PIEDRA ECHADA  APEADERO FCGR '),
(17159, 6241, 'PIEDRITAS'),
(17161, 7633, 'PIERES'),
(17162, 7517, 'PIERINI'),
(17164, 8170, 'PIGUE'),
(17165, 7116, 'PILA'),
(17169, 1629, 'PILAR'),
(17181, 7530, 'PILLAHUINCO'),
(17184, 7167, 'PINAMAR'),
(17199, 2703, 'PINZON'),
(17202, 1921, 'PIÑEIRO  DESVIO PARTICULAR FCGR '),
(17204, 1665, 'PIÑERO  ESTACION FCGU '),
(17205, 1870, 'PI#EYRO  PDO. AVELLANEDA '),
(17206, 7540, 'PIÑEYRO  PDO. CNEL. SUAREZ '),
(17207, 1921, 'PIPINAS'),
(17222, 6551, 'PIROVANO'),
(17226, 2705, 'PIRUCO'),
(17236, 6634, 'PLA'),
(17243, 1885, 'PLATANOS'),
(17246, 7609, 'PLAYA CHAPADMALAL'),
(17249, 7109, 'PLAYA LAS MARGARITAS'),
(17250, 7111, 'PLAYA SAN BERNARDO'),
(17251, 7609, 'PLAYA SERENA'),
(17253, 7607, 'PLA Y ROGNONI'),
(17260, 7201, 'PLAZA MONTERO'),
(17266, 1741, 'PLOMER'),
(17269, 2703, 'PLUMACHO'),
(17274, 1905, 'POBLET'),
(17275, 6430, 'POCITO'),
(17292, 7267, 'POLVAREDAS'),
(17299, 7535, 'PONTAUT'),
(17300, 1761, 'PONTEVEDRA'),
(17322, 6077, 'PORVENIR'),
(17367, 7400, 'POURTALE'),
(17503, 6231, 'PRADERE'),
(17511, 1635, 'PRESIDENTE DERQUI'),
(17513, 6621, 'PRESIDENTE QUINTANA'),
(17523, 6422, 'PRIMERA JUNTA'),
(17542, 8180, 'PUAN'),
(17554, 6661, 'PUEBLITOS'),
(17561, 7511, 'PUEBLO BALNEARIO RETA'),
(17588, 6533, 'PUEBLO MARTINEZ DE HOZ'),
(17597, 1748, 'PUEBLO NUEVO  GRAL. RODRIGUEZ-PDO. GRAL. RODRIGUEZ'),
(17599, 1885, 'PUEBLO NUEVO  GUILLERMO E. HUDSON-PDO. BERAZATEGUI'),
(17600, 6000, 'PUEBLO NUEVO  JUNIN-PDO. JUNIN '),
(17601, 7400, 'PUEBLO NUEVO  OLAVARRIA-PDO. OLAVARRIA '),
(17603, 2700, 'PUEBLO OTERO'),
(17604, 7600, 'PUEBLO PERALTA RAMOS OESTE'),
(17613, 7541, 'PUEBLO SAN JOSE'),
(17614, 7541, 'PUEBLO SANTA MARIA'),
(17615, 7541, 'PUEBLO SANTA TRINIDAD'),
(17620, 1885, 'PUEBLO VIEJO'),
(17629, 6620, 'PUENTE BATALLA'),
(17632, 2740, 'PUENTE CAÑETE'),
(17634, 2760, 'PUENTE CASTEX'),
(17646, 7225, 'PUENTE EL OCHENTA'),
(17647, 1763, 'PUENTE EZCURRA'),
(17651, 8115, 'PUENTE LAS OSCURAS'),
(17672, 1602, 'PUENTE SAAVEDRA'),
(17714, 8103, 'PUERTO BAHIA BLANCA'),
(17718, 8111, 'PUERTO BELGRANO'),
(17729, 8142, 'PUERTO COLOMA'),
(17735, 1625, 'PUERTO DE ESCOBAR'),
(17746, 8000, 'PUERTO GALVAN'),
(17761, 1925, 'PUERTO LA PLATA'),
(17778, 7630, 'PUERTO NECOCHEA'),
(17795, 7631, 'PUERTO QUEQUEN'),
(17800, 8111, 'PUERTO ROSALES'),
(17812, 2900, 'PUERTO SAN NICOLAS'),
(17821, 8508, 'PUERTO TRES BONETES'),
(17832, 8506, 'PUERTO WASSERMANN'),
(17862, 2763, 'PUESTO DEL MEDIO'),
(17930, 2907, 'PUJOL'),
(17944, 8109, 'PUNTA ALTA'),
(17952, 1623, 'PUNTA DE CANAL  APEADERO FCGM '),
(17987, 1917, 'PUNTA INDIO'),
(17988, 1931, 'PUNTA LARA'),
(17991, 7109, 'PUNTA MEDANOS'),
(18073, 6335, 'QUENUMA'),
(18074, 7631, 'QUEQUEN'),
(18077, 1778, 'QUERANDI'),
(18092, 1878, 'QUILMES'),
(18096, 1879, 'QUILMES OESTE'),
(18117, 7533, 'QUIÑIHUAL'),
(18120, 6018, 'QUIRNO COSTA'),
(18121, 6533, 'QUIROGA'),
(18144, 8146, 'RADIOFARO EL RINCON'),
(18146, 1847, 'RAFAEL CALZADA'),
(18148, 1755, 'RAFAEL CASTILLO'),
(18150, 6001, 'RAFAEL OBLIGADO'),
(18164, 2915, 'RAMALLO'),
(18179, 6627, 'RAMON BIAUS'),
(18182, 6533, 'RAMON J. NEILD'),
(18185, 7641, 'RAMON SANTAMARINA'),
(18188, 1704, 'RAMOS MEJIA'),
(18189, 7621, 'RAMOS OTERO'),
(18190, 2701, 'RANCAGUA'),
(18197, 1987, 'RANCHOS'),
(18199, 1886, 'RANELAGH'),
(18216, 7203, 'RAUCH'),
(18217, 7530, 'RAULET'),
(18218, 6734, 'RAWSON'),
(18223, 7225, 'REAL AUDIENCIA'),
(18230, 6559, 'RECALDE'),
(18239, 1649, 'RECREO EL MARQUES'),
(18240, 1896, 'RECREO VENECIA'),
(18249, 6533, 'REGINALDO J. NEILD'),
(18262, 1826, 'REMEDIOS DE ESCALADA'),
(18277, 7307, 'REQUENA'),
(18279, 7536, 'RESERVA'),
(18286, 7511, 'RETA'),
(18302, 2752, 'RETIRO SAN PABLO'),
(18316, 7313, 'RICARDO GAVIÑA'),
(18343, 7621, 'RINCON DE BAUDRIX'),
(18356, 1625, 'RINCON DEL CAZADOR'),
(18373, 1921, 'RINCON DE NOARIO'),
(18381, 7225, 'RINCON DE VIVOT'),
(18398, 1901, 'RINGUELET'),
(18400, 1744, 'RIO ALEGRE CASCALLARES'),
(18407, 1649, 'RIO BARCA GRANDE'),
(18416, 1649, 'RIO CAPITAN'),
(18417, 1649, 'RIO CARABELAS'),
(18418, 1649, 'RIO CARABELAS GRANDES'),
(18419, 1649, 'RIO CARAPACHAY'),
(18465, 1886, 'RIO ENCANTADO'),
(18487, 2802, 'RIO LUJAN  PDO. CAMPANA '),
(18488, 1649, 'RIO LUJAN  TIGRE-PDO. TIGRE '),
(18498, 1649, 'RIO PARANA DE LAS PALMAS'),
(18499, 1647, 'RIO PARANA GUAZU'),
(18501, 1649, 'RIO PARANA MINI'),
(18513, 1649, 'RIO SAN ANTONIO'),
(18515, 1649, 'RIO SARMIENTO'),
(18524, 2944, 'RIO TALA'),
(18527, 1649, 'RIO TIGRE'),
(18537, 6237, 'RIVADAVIA'),
(18544, 8127, 'RIVADEO'),
(18546, 6614, 'RIVAS'),
(18547, 6441, 'RIVERA'),
(18549, 2703, 'ROBERTO CANO'),
(18550, 1913, 'ROBERTO PAYRO'),
(18552, 6075, 'ROBERTS'),
(18557, 7404, 'ROCHA'),
(18592, 2705, 'ROJAS'),
(18595, 6430, 'ROLITO  ESTACION FCGB '),
(18601, 6612, 'ROMAN BAEZ'),
(18611, 1665, 'ROOSEVELT  JOSE C. PAZ-PDO. GRAL. SARMIENTO '),
(18612, 6403, 'ROOSEVELT  PDO. RIVADAVIA '),
(18613, 7245, 'ROQUE PEREZ'),
(18631, 7205, 'ROSAS'),
(18635, 6450, 'ROVIRA'),
(18637, 1686, 'RUBEN DARIO  ESTACION FCGU '),
(18669, 1888, 'RUTA 2 KILOMETRO 24,600 AL 28'),
(18670, 1889, 'RUTA 2 KILOMETRO 28,100 AL 30,900'),
(18671, 1889, 'RUTA 2 KILOMETRO 31 AL 31,900'),
(18672, 1890, 'RUTA 2 KILOMETRO 32 AL 36,900'),
(18673, 1893, 'RUTA 2 KILOMETRO 37 AL 45,900'),
(18674, 1893, 'RUTA 2 KILOMETRO 44,500'),
(18675, 1903, 'RUTA 2 KILOMETRO 46 AL 55,900'),
(18676, 1901, 'RUTA 2 KILOMETRO 56 AL 64'),
(18678, 1759, 'RUTA 3 KILOMETRO 27 AL 29,500'),
(18679, 1759, 'RUTA 3 KILOMETRO 29'),
(18680, 1759, 'RUTA 3 KILOMETRO 29,600 AL 32,900'),
(18681, 1763, 'RUTA 3 KILOMETRO 33 AL 38'),
(18682, 1763, 'RUTA 3 KILOMETRO 38,100 AL 47'),
(18683, 1816, 'RUTA 3 KILOMETRO 75,500'),
(18686, 1657, 'RUTA 8 KILOMETRO 19,500 AL 22,800'),
(18687, 1667, 'RUTA 8 KILOMETRO 37,500 AL 41'),
(18688, 1669, 'RUTA 8 KILOMETRO 41,100 AL 46'),
(18689, 1669, 'RUTA 8 KILOMETRO 47'),
(18690, 6703, 'RUTA 8 KILOMETRO 77'),
(18691, 2930, 'RUTA 9 KILOMETRO 169,5'),
(18692, 2804, 'RUTA 9 KILOMETRO 72'),
(18693, 1907, 'RUTA 11 KILOMETRO 23'),
(18697, 1619, 'RUTA 26 KILOMETRO 48'),
(18698, 1619, 'RUTA 26 MAQUINISTA FRANCISCO SAVIO'),
(18701, 1723, 'RUTA 200 KILOMETRO 38'),
(18702, 1804, 'RUTA 205 KILOMETRO 32,500'),
(18703, 1816, 'RUTA 205 KILOMETRO 57'),
(18704, 8174, 'SAAVEDRA'),
(18711, 1674, 'SAENZ PE#A'),
(18712, 6022, 'SAFORCADA'),
(18721, 7163, 'SALADA CHICA'),
(18722, 7163, 'SALADA GRANDE'),
(18730, 7260, 'SALADILLO'),
(18740, 7261, 'SALADILLO NORTE'),
(18744, 6064, 'SALALE'),
(18754, 6471, 'SALAZAR'),
(18759, 8166, 'SALDUNGARAY'),
(18762, 8506, 'SALINA DE PIEDRA'),
(18782, 2741, 'SALTO'),
(18790, 7241, 'SALVADOR MARIA'),
(18793, 6339, 'SALLIQUELO'),
(18796, 1980, 'SAMBOROMBON'),
(18800, 8142, 'SAN ADOLIO'),
(18801, 7623, 'SAN AGUSTIN'),
(18816, 7503, 'SAN ALBERTO'),
(18829, 1651, 'SAN ANDRES'),
(18834, 6720, 'SAN ANDRES DE GILES'),
(18838, 8185, 'SAN ANTONIO'),
(18880, 2760, 'SAN ANTONIO DE ARECO'),
(18895, 1718, 'SAN ANTONIO DE PADUA'),
(18915, 7261, 'SAN BENITO'),
(18923, 7111, 'SAN BERNARDO  PDO. DE LA COSTA '),
(18924, 6561, 'SAN BERNARDO  PDO. TAPALQUE '),
(18931, 7111, 'SAN BERNARDO DEL TUYU'),
(18937, 7011, 'SAN CALA'),
(18938, 6451, 'SAN CARLOS'),
(18967, 7521, 'SAN CAYETANO'),
(18975, 7105, 'SAN CLEMENTE DEL TUYU'),
(18976, 7603, 'SAN CORNELIO'),
(18983, 2912, 'SANCHEZ'),
(18986, 7116, 'SAN DANIEL'),
(19002, 6601, 'SAN ELADIO'),
(19005, 8136, 'SAN EMILIO  ALGARROBO-PDO. VILLARINO '),
(19006, 6017, 'SAN EMILIO  PDO. GRAL. VIAMONTE '),
(19007, 6661, 'SAN ENRIQUE'),
(19009, 6725, 'SAN ERNESTO'),
(19018, 2711, 'SAN FEDERICO'),
(19023, 7603, 'SAN FELIPE'),
(19035, 6417, 'SAN FERMIN'),
(19037, 1646, 'SAN FERNANDO'),
(19072, 7505, 'SAN FRANCISCO DE BELLOCQ'),
(19080, 1881, 'SAN FRANCISCO SOLANO'),
(19090, 8124, 'SAN GERMAN'),
(19100, 7305, 'SAN GERVASIO'),
(19125, 7150, 'SAN IGNACIO'),
(19137, 1642, 'SAN ISIDRO'),
(19168, 7400, 'SAN JACINTO  OLAVARRIA-PDO. OLAVARRIA '),
(19169, 6600, 'SAN JACINTO  PDO. MERCEDES '),
(19200, 7404, 'SAN JORGE'),
(19213, 8136, 'SAN JOSE  ALGARROBO-PDO. PUAN '),
(19219, 6643, 'SAN JOSE  BAUDRIX-PDO. ALBERTI '),
(19231, 6665, 'SAN JOSE  ERNESTINA-PDO. 25 DE MAYO '),
(19251, 7635, 'SAN JOSE  PDO. NECOCHEA '),
(19254, 7541, 'SAN JOSE  PUEBLO SAN JOSE-PDO. CORONEL SUAREZ '),
(19274, 7114, 'SAN JOSE DE GALI'),
(19284, 7109, 'SAN JOSE DE LOS QUINTEROS'),
(19290, 7601, 'SAN JOSE DE OTAMENDI'),
(19319, 6500, 'SAN JUAN  9 DE JULIO-PDO. 9 DE JULIO '),
(19327, 7401, 'SAN JUAN  SANTA LUISA-PDO. OLAVARRIA '),
(19330, 2754, 'SAN JUAN  VIÑA-PDO. PERGAMINO '),
(19337, 6530, 'SAN JUAN DE NELSON'),
(19345, 1754, 'SAN JUSTO'),
(19349, 7150, 'SAN LAUREANO'),
(19399, 7007, 'SAN MANUEL'),
(19414, 1650, 'SAN MARTIN'),
(19436, 8174, 'SAN MARTIN DE TOURS'),
(19441, 6239, 'SAN MAURICIO'),
(19442, 7519, 'SAN MAYOL'),
(19447, 1663, 'SAN MIGUEL'),
(19473, 8185, 'SAN MIGUEL ARCANGEL'),
(19482, 2900, 'SAN NICOLAS'),
(19510, 7007, 'SAN PASCUAL'),
(19515, 6734, 'SAN PATRICIO'),
(19523, 2930, 'SAN PEDRO'),
(19574, 1903, 'SAN PONCIANO'),
(19595, 6424, 'SAN RAMON  BERUTTI-PDO. TRENQUE LAUQUEN '),
(19610, 2754, 'SAN RAMON  VIÑA-PDO. PERGAMINO '),
(19612, 7311, 'SAN RAMON DE ANCHORENA'),
(19617, 8154, 'SAN ROMAN'),
(19623, 6017, 'SAN ROQUE'),
(19654, 6623, 'SAN SEBASTIAN'),
(19664, 7621, 'SAN SIMON'),
(19667, 6233, 'SANSINENA'),
(19670, 7243, 'SANTA ALICIA'),
(19717, 7503, 'SANTA CATALINA  CRISTIANO MUERTO-PDO. SAN CAYETANO'),
(19720, 1836, 'SANTA CATALINA  ESTACION FCDFS   LLAVALLOL-PDO. LO'),
(19727, 6472, 'SANTA CECILIA NORTE'),
(19728, 6450, 'SANTA CECILIA SUD'),
(19743, 7609, 'SANTA CLARA DEL MAR'),
(19745, 7406, 'SANTA CLEMENTINA'),
(19746, 2761, 'SANTA COLOMA'),
(19771, 6700, 'SANTA ELENA  LUJAN-PDO. LUJAN '),
(19774, 7414, 'SANTA ELENA  PDO. LAPRIDA '),
(19775, 7609, 'SANTA ELENA  SANTA CLARA DEL MAR-PDO. MAR CHIQUITA'),
(19776, 6241, 'SANTA ELEODORA'),
(19789, 7243, 'SANTA FELISA'),
(19803, 6471, 'SANTA INES  LA CARRETA-PDO. TRENQUE LAUQUEN '),
(19804, 6459, 'SANTA INES  PDO. CARLOS TEJEDOR '),
(19807, 7607, 'SANTA IRENE'),
(19814, 6550, 'SANTA ISABEL  BOLIVAR-PDO. GRAL. ALVEAR '),
(19816, 7605, 'SANTA ISABEL  CHAPADMALAL-PDO. GRAL. PUEYRREDON '),
(19824, 1881, 'SANTA ISABEL  SAN FRANCISCO SOLANO-PDO. QUILMES '),
(19838, 2935, 'SANTA LUCIA'),
(19851, 7401, 'SANTA LUISA'),
(19860, 6071, 'SANTA MARIA'),
(19881, 6535, 'SANTA MARIA DE BELLOCQ'),
(19902, 6105, 'SANTA REGINA'),
(19906, 6437, 'SANTA RITA  ALAMOS-PDO. GUAMINI '),
(19916, 2700, 'SANTA RITA  PERGAMINO-PDO. PERGAMINO '),
(19924, 7303, 'SANTA ROSA'),
(19971, 7212, 'SANTA ROSA DE MINELLONO'),
(19994, 7163, 'SANTA TERESA  GRAL. MADARIAGA-PDO. GRAL. LAVALLE '),
(19998, 2912, 'SANTA TERESA  SANCHEZ-PDO. RAMALLO '),
(20001, 7107, 'SANTA TERESITA'),
(20003, 2701, 'SANTA TERESITA PERGAMINO'),
(20012, 6660, 'SANTIAGO GARBARINI'),
(20013, 7245, 'SANTIAGO LARRE'),
(20022, 7119, 'SANTO DOMINGO'),
(20051, 1676, 'SANTOS LUGARES'),
(20057, 1688, 'SANTOS TESEI'),
(20058, 6507, 'SANTOS UNZUE'),
(20063, 6530, 'SANTO TOMAS'),
(20067, 6538, 'SANTO TOMAS CHICO'),
(20074, 7613, 'SAN VALENTIN'),
(20080, 1865, 'SAN VICENTE'),
(20105, 1872, 'SARANDI'),
(20111, 2721, 'SARASA'),
(20114, 1661, 'SARGENTO BARRUFFALDI  PARADERO FCGU '),
(20129, 1900, 'SARRAT  PARADA '),
(20133, 6417, 'SATURNO'),
(20146, 7540, 'SAUCE CORTO'),
(20147, 8105, 'SAUCE CHICO'),
(20154, 8153, 'SAUCE GRANDE'),
(20184, 6030, 'SAUZALES'),
(20205, 7119, 'SEGUROLA'),
(20230, 7101, 'SEVIGNE'),
(20237, 7300, 'SHAW'),
(20240, 7609, 'SIEMPRE VERDE'),
(20253, 7401, 'SIERRA CHICA'),
(20256, 8168, 'SIERRA DE LA VENTANA'),
(20260, 7601, 'SIERRA DE LOS PADRES'),
(20273, 7403, 'SIERRAS BAYAS'),
(20317, 6531, 'SMITH'),
(20327, 1611, 'SOLANA DEL MONTE'),
(20328, 7151, 'SOLANET'),
(20353, 7243, 'SOL DE MAYO  PDO. NAVARRO '),
(20354, 2709, 'SOL DE MAYO  PDO. ROJAS '),
(20367, 2764, 'SOLIS'),
(20384, 1741, 'SPERATTI'),
(20385, 7163, 'SPERONI'),
(20387, 8103, 'SPURR'),
(20391, 7536, 'STEGMAN'),
(20394, 8508, 'STROEDER'),
(20400, 6708, 'SUCRE'),
(20406, 6612, 'SUIPACHA'),
(20424, 6401, 'SUNDBLAD'),
(20450, 1766, 'TABLADA'),
(20506, 2743, 'TACUARI'),
(20519, 7114, 'TAILLADE'),
(20577, 7633, 'TAMANGUEYU'),
(20583, 2700, 'TAMBO NUEVO'),
(20587, 7000, 'TANDIL'),
(20591, 7303, 'TAPALQUE'),
(20596, 1770, 'TAPIALES'),
(20628, 6725, 'TATAY'),
(20637, 7021, 'TEDIN URIBURU'),
(20641, 7530, 'TEJO  GALERA '),
(20648, 1834, 'TEMPERLEY'),
(20650, 1661, 'TENIENTE AGNETA  APEADERO FCGU '),
(20655, 7401, 'TENIENTE CORONEL MIÑANA'),
(20659, 1661, 'TENIENTE GRAL. RICCHIERI'),
(20663, 8144, 'TENIENTE ORIGONE'),
(20677, 1688, 'TESEI'),
(20681, 6343, 'THAMES'),
(20696, 1648, 'TIGRE'),
(20719, 6457, 'TIMOTE'),
(20733, 7163, 'TIO DOMINGO'),
(20754, 2754, 'TODD'),
(20771, 6601, 'TOMAS JOFRE'),
(20784, 7101, 'TORDILLO'),
(20785, 8160, 'TORNQUIST'),
(20786, 1635, 'TORO'),
(20814, 6703, 'TORRES'),
(20817, 1667, 'TORTUGUITAS'),
(20872, 6405, '30 DE AGOSTO'),
(20877, 6400, 'TRENQUE LAUQUEN'),
(20883, 6231, 'TRES ALGARROBOS'),
(20887, 7500, 'TRES ARROYOS'),
(20891, 1649, 'TRES BOCAS'),
(20908, 8183, 'TRES CUERVOS'),
(20936, 6443, 'TRES LAGUNAS'),
(20943, 6409, 'TRES LOMAS'),
(20951, 8162, 'TRES PICOS'),
(20969, 6727, 'TRES SARGENTOS'),
(20978, 6053, 'TRIGALES'),
(20989, 1806, 'TRISTAN SUAREZ'),
(20990, 6071, 'TRIUNVIRATO'),
(20999, 6407, 'TRONGE'),
(21001, 6501, 'TROPEZON'),
(21005, 1664, 'TRUJUI'),
(21035, 1834, 'TURDERA'),
(21053, 6721, 'TUYUTI'),
(21059, 7151, 'UDAQUIOLA'),
(21070, 7609, 'UNIDAD TURISTICA MIRAMAR'),
(21073, 1804, 'UNION FERROVIARIA'),
(21074, 1657, 'UNION TRANVIARIOS'),
(21078, 6551, 'UNZUE'),
(21083, 6553, 'URDAMPILLETA'),
(21086, 1815, 'URIBELARREA'),
(21092, 2718, 'URQUIZA'),
(21117, 2764, 'VAGUES'),
(21119, 6667, 'VALDES'),
(21120, 1822, 'VALENTIN ALSINA'),
(21121, 6401, 'VALENTIN GOMEZ'),
(21123, 7167, 'VALERIA DEL MAR'),
(21157, 6557, 'VALLIMANCA'),
(21161, 1649, 'VARADERO DEL MINI'),
(21166, 7519, 'VAZQUEZ'),
(21168, 6030, 'VEDIA'),
(21172, 1761, '20 DE JUNIO'),
(21176, 6660, '25 DE MAYO'),
(21189, 7003, 'VELA'),
(21194, 7305, 'VELLOSO'),
(21197, 8117, 'VENANCIO'),
(21210, 7135, 'VERGARA'),
(21215, 1917, 'VERONICA'),
(21224, 8180, 'VIBORAS'),
(21227, 1611, 'VICEALMIRANTE E. MONTES'),
(21230, 1808, 'VICENTE CASARES'),
(21231, 1638, 'VICENTE LOPEZ'),
(21234, 1644, 'VICTORIA'),
(21237, 6411, 'VICTORINO DE LA PLAZA'),
(21245, 1915, 'VIEYTES'),
(21248, 7208, 'VILELA'),
(21260, 1607, 'VILLA ADELINA'),
(21261, 1816, 'VILLA ADRIANA'),
(21263, 1629, 'VILLA AGUEDA'),
(21271, 1829, 'VILLA ALBERTINA'),
(21272, 6471, 'VILLA ALDEANITA'),
(21288, 2800, 'VILLA ANGUS'),
(21293, 1888, 'VILLA ARGENTINA  FLORENCIO VARELA-PDO. FLORENCIO V'),
(21294, 1878, 'VILLA ARGENTINA  QUILMES-PDO. QUILMES '),
(21297, 1633, 'VILLA ASTOLFI'),
(21300, 1878, 'VILLA AUGUSTA'),
(21302, 1888, 'VILLA AURORA'),
(21308, 1653, 'VILLA BALLESTER'),
(21310, 1874, 'VILLA BARILARI'),
(21311, 1665, 'VILLA BARRIO ALTUBE'),
(21312, 1832, 'VILLA BARRIO ARCA'),
(21314, 1832, 'VILLA BARRIO LAPRIDA'),
(21318, 7540, 'VILLA BELGRANO  CNEL. SUAREZ-PDO. CNEL. SUAREZ '),
(21319, 6000, 'VILLA BELGRANO  JUNIN-PDO. JUNIN '),
(21320, 1828, 'VILLA BENQUEZ'),
(21323, 1650, 'VILLA BILLINGHURST'),
(21329, 1682, 'VILLA BOSCH'),
(21331, 6471, 'VILLA BRANDA'),
(21332, 1888, 'VILLA BROWN'),
(21333, 8000, 'VILLA BUENOS AIRES'),
(21334, 1629, 'VILLA BUIDE'),
(21337, 1826, 'VILLA CABRAL'),
(21339, 7005, 'VILLA CACIQUE'),
(21342, 1847, 'VILLA CALZADA'),
(21345, 1822, 'VILLA CARAZA'),
(21350, 6555, 'VILLA CAROLA'),
(21353, 7505, 'VILLA CARUCHA'),
(21357, 1870, 'VILLA CASTELLINO'),
(21359, 1772, 'VILLA CELINA'),
(21362, 8000, 'VILLA CERRITO'),
(21366, 1657, 'VILLA CIUDAD JARDIN EL LIBERTADOR'),
(21367, 1684, 'VILLA CIUDAD JARDIN LOMAS DEL PALOMAR'),
(21370, 1886, 'VILLA CLARA'),
(21381, 1651, 'VILLA CONCEPCION'),
(21385, 7607, 'VILLA COPACABANA'),
(21389, 1874, 'VILLA CORINA'),
(21400, 2718, 'VILLA DAFONTE'),
(21404, 1714, 'VILLA DE LAS NACIONES'),
(21408, 1669, 'VILLA DEL CARMEN  DEL VISO-PDO. GRAL. SARMIENTO '),
(21409, 1646, 'VILLA DEL CARMEN  SAN FERNANDO-PDO. SAN FERNANDO '),
(21412, 8000, 'VILLA DELFINA'),
(21414, 8109, 'VILLA DEL MAR'),
(21419, 1888, 'VILLA DEL PLATA'),
(21427, 1614, 'VILLA DE MAYO'),
(21428, 2930, 'VILLA DEPIETRI'),
(21433, 1878, 'VILLA DEYA'),
(21434, 6500, 'VILLA DIAMANTINA'),
(21441, 8000, 'VILLA DOMINGO PRONSATO'),
(21442, 1874, 'VILLA DOMINICO'),
(21443, 1704, 'VILLA DON BOSCO'),
(21446, 1759, 'VILLA DORREGO'),
(21448, 1828, 'VILLA ECONOMIA'),
(21449, 1826, 'VILLA EDEN ARGENTINO'),
(21459, 1878, 'VILLA ELENA  QUILMES-PDO. QUILMES '),
(21460, 8512, 'VILLA ELENA  VILLALONGA-PDO. PATAGONES '),
(21461, 1832, 'VILLA EL FARO'),
(21462, 1894, 'VILLA ELISA'),
(21469, 1828, 'VILLA ELVIRA'),
(21473, 1746, 'VILLA ESCOBAR'),
(21475, 1878, 'VILLA ESMERALDA'),
(21476, 1884, 'VILLA ESPA#A'),
(21477, 6712, 'VILLA ESPIL'),
(21480, 2914, 'VILLA ESTACION RAMALLO'),
(21481, 1888, 'VILLA ESTANISLAO S. ZEBALLOS'),
(21484, 6740, 'VILLAFAÑE'),
(21490, 6706, 'VILLA FLANDRIA'),
(21492, 1878, 'VILLA FLORENTINO AMEGHINO'),
(21493, 8000, 'VILLA FLORESTA'),
(21499, 2800, 'VILLA FOX'),
(21501, 6058, 'VILLA FRANCIA  CNEL. GRANADA-PDO. GRAL. PINTO '),
(21502, 6706, 'VILLA FRANCIA  VILLA FLANDRIA-PDO. LUJAN '),
(21505, 7000, 'VILLA GALICIA'),
(21507, 1907, 'VILLA GARIBALDI'),
(21510, 7165, 'VILLA GESELL'),
(21511, 1886, 'VILLA GIAMBRUNO'),
(21516, 1713, 'VILLA GOBERNADOR UDAONDO'),
(21517, 1804, 'VILLA GOLF'),
(21518, 1875, 'VILLA GONNET'),
(21522, 8101, 'VILLA GRAL. ARIAS'),
(21529, 1828, 'VILLA GRAL. SAN MARTIN  BANFIELD-PDO. LOMAS DE ZAM'),
(21531, 1742, 'VILLA GRAL. ZAPIOLA'),
(21532, 1888, 'VILLA GRAL. SAN MARTIN  FLORENCIO VARELA-PDO. F. V'),
(21533, 1714, 'VILLA GRAND BOURG'),
(21540, 1804, 'VILLA GUILLERMINA'),
(21542, 8101, 'VILLA HARDING GREEN'),
(21543, 1836, 'VILLA HENZ'),
(21544, 8101, 'VILLA HERMINIA'),
(21545, 2901, 'VILLA HERMOSA'),
(21547, 1655, 'VILLA HIDALGO'),
(21551, 1889, 'VILLA HUDSON'),
(21552, 1874, 'VILLA HUE'),
(21555, 2930, 'VILLAIGRILLO'),
(21556, 1822, 'VILLA ILASA'),
(21559, 1824, 'VILLA INDUSTRIALES'),
(21562, 1752, 'VILLA INSUPERABLE'),
(21563, 8126, 'VILLA IRIS'),
(21564, 1714, 'VILLA IRUPE'),
(21566, 8000, 'VILLA ITALIA  BAHIA BLANCA-PDO. BAHIA BLANCA '),
(21567, 7000, 'VILLA ITALIA  TANDIL-PDO. TANDIL '),
(21568, 1874, 'VILLA ITE'),
(21570, 1822, 'VILLA JARDIN'),
(21572, 1702, 'VILLA JOSE INGENIEROS'),
(21573, 1655, 'VILLA JOSE LEON SUAREZ'),
(21577, 1884, 'VILLA JULIA'),
(21583, 1625, 'VILLA LA CHECHELA'),
(21584, 1888, 'VILLA LA DELICIA'),
(21586, 1881, 'VILLA LA FLORIDA'),
(21588, 1722, 'VILLA LAGO DEL BOSQUE'),
(21590, 1655, 'VILLA LANZONI'),
(21591, 1648, 'VILLA LA ÑATA'),
(21593, 1834, 'VILLA LA PAZ'),
(21599, 1878, 'VILLA LA ROSA'),
(21604, 1878, 'VILLA LAS ROSAS'),
(21606, 1617, 'VILLA LAS TUNAS'),
(21609, 8109, 'VILLA LAURA  PUNTA ALTA-PDO. CNEL. DE MARIA LEONAR'),
(21610, 1847, 'VILLA LAURA  RAFAEL CALZADA-PDO. ALMTE. BROWN '),
(21611, 2946, 'VILLA LEANDRA'),
(21612, 1714, 'VILLA LEON'),
(21615, 2761, 'VILLA LIA'),
(21619, 8000, 'VILLA LIBRES'),
(21621, 1657, 'VILLA LOMA HERMOSA'),
(21624, 8512, 'VILLA LONGA'),
(21625, 1888, 'VILLA LOPEZ ROMERO'),
(21626, 8000, 'VILLA LORETO'),
(21639, 1878, 'VILLA LUJAN'),
(21641, 1754, 'VILLA LUZURIAGA'),
(21643, 1672, 'VILLA LYNCH  PDO. GRAL. SAN MARTIN '),
(21644, 6553, 'VILLA LYNCH  URDAMPILLETA-PDO. BOLIVAR '),
(21647, 1768, 'VILLA MADERO'),
(21648, 1773, 'VILLA MADRID'),
(21650, 1716, 'VILLA MAGDALENA'),
(21651, 8109, 'VILLA MAIO'),
(21652, 1650, 'VILLA MAIPU'),
(21653, 1744, 'VILLA MALAVER'),
(21659, 8185, 'VILLA MARGARITA'),
(21662, 6628, 'VILLA MARIA  CNEL. SEGUI-PDO. ALBERTI '),
(21665, 1878, 'VILLA MARIA  QUILMES-PDO. QUILMES '),
(21666, 1657, 'VILLA MARIA DE LOS REMEDIOS DE ESCALADA'),
(21671, 1603, 'VILLA MARTELLI'),
(21672, 1888, 'VILLA MARTIN FIERRO'),
(21674, 2800, 'VILLA MASSONI'),
(21676, 1678, 'VILLA MATHEU'),
(21677, 1885, 'VILLA MATILDE'),
(21680, 6000, 'VILLA MAYOR'),
(21682, 6343, 'VILLA MAZA'),
(21685, 1870, 'VILLA MERCADO'),
(21694, 1884, 'VILLA MITRE'),
(21696, 1870, 'VILLA MODELO'),
(21699, 7318, 'VILLA MONICA'),
(21700, 1744, 'VILLA MONSEGUR'),
(21702, 6625, 'VILLA MOQUEHUA'),
(21709, 8000, 'VILLA NOCITO'),
(21711, 7225, 'VILLANUEVA'),
(21721, 1858, 'VILLA NUMANCIA'),
(21722, 1874, 'VILLA NUÑEZ'),
(21723, 8000, 'VILLA OBRERA'),
(21726, 8000, 'VILLA OLGA'),
(21728, 1884, 'VILLA OLIVERO'),
(21729, 6000, 'VILLA ORTEGA'),
(21730, 6628, 'VILLA ORTIZ'),
(21732, 2700, 'VILLA OTERO'),
(21736, 1856, 'VILLA PARIS'),
(21737, 1838, 'VILLA PARISH ROBERTSON'),
(21738, 1678, 'VILLA PARQUE'),
(21740, 6000, 'VILLA PENOTTI'),
(21743, 1870, 'VILLA POBLADORA'),
(21744, 1826, 'VILLA POMPEO'),
(21747, 1870, 'VILLA PORVENIR'),
(21749, 6703, 'VILLA PRECEPTOR MANUEL CRUZ'),
(21751, 2700, 'VILLA PROGRESO  PERGAMINO-PDO. PERGAMINO '),
(21752, 2705, 'VILLA PROGRESO  ROJAS-PDO. ROJAS '),
(21760, 1674, 'VILLA RAFFO'),
(21761, 2914, 'VILLA RAMALLO'),
(21762, 1834, 'VILLA RATTI'),
(21764, 1885, 'VILLA REAL'),
(21765, 1752, 'VILLA REBASA'),
(21766, 1828, 'VILLA RECREO'),
(21772, 1773, 'VILLA RIACHUELO'),
(21774, 8146, 'VILLA RIO CHICO'),
(21778, 1832, 'VILLA RITA'),
(21784, 1631, 'VILLA ROSA'),
(21787, 8103, 'VILLA ROSAS'),
(21790, 1731, 'VILLARS'),
(21791, 6705, 'VILLA RUIZ'),
(21794, 6101, 'VILLA SABOYA'),
(21795, 1674, 'VILLA SAENZ PEÑA'),
(21799, 1765, 'VILLA SAN ALBERTO  ISIDRO CASANOVA-PDO. LA MATANZA'),
(21800, 6720, 'VILLA SAN ALBERTO  PDO. SAN ANDRES DE GILES '),
(21801, 1651, 'VILLA SAN ANDRES'),
(21803, 8185, 'VILLA SAN ANTONIO'),
(21804, 1888, 'VILLA SAN CARLOS'),
(21806, 8000, 'VILLA SANCHEZ ELIA'),
(21810, 1884, 'VILLA SAN FRANCISCO'),
(21811, 2740, 'VILLA SANGUINETTI'),
(21819, 2743, 'VILLA SAN JOSE'),
(21824, 1888, 'VILLA SAN LUIS'),
(21830, 7203, 'VILLA SAN PEDRO'),
(21832, 1888, 'VILLA SAN ROQUE'),
(21837, 1761, 'VILLA SANTA JULIA'),
(21838, 1629, 'VILLA SANTA MARIA'),
(21844, 1888, 'VILLA SANTA ROSA'),
(21847, 1759, 'VILLA SANTINA'),
(21848, 1676, 'VILLA SANTOS LUGARES'),
(21849, 6511, 'VILLA SANZ'),
(21851, 2930, 'VILLA SARITA'),
(21855, 1834, 'VILLA SASTRE'),
(21857, 6235, 'VILLA SAUZE'),
(21858, 1759, 'VILLA SCASSO'),
(21863, 6403, 'VILLA SENA'),
(21864, 8103, 'VILLA SERRA'),
(21866, 1884, 'VILLA SOL'),
(21869, 8000, 'VILLA SOLDATI'),
(21873, 1888, 'VILLA SUSANA'),
(21876, 6000, 'VILLA TALLERES'),
(21877, 1676, 'VILLA TALLERES ALIANZA'),
(21880, 2944, 'VILLA TERESA'),
(21885, 1776, 'VILLA TRANSRADIO'),
(21886, 6000, 'VILLA TRIANGULO'),
(21888, 1834, 'VILLA TURDERA'),
(21891, 1757, 'VILLA UNION'),
(21896, 1773, 'VILLA URBANA'),
(21900, 1625, 'VILLA VALLIER'),
(21901, 1888, 'VILLA VATTEONE'),
(21904, 1629, 'VILLA VERDE'),
(21913, 6000, 'VILLA YORK'),
(21914, 1651, 'VILLA ZAGALA'),
(21922, 1657, 'VILLA 11 DE SEPTIEMBRE'),
(21933, 2754, 'VIÑA'),
(21943, 1763, 'VIRREY DEL PINO'),
(21944, 1646, 'VIRREYES'),
(21950, 7130, 'VISTA ALEGRE'),
(21958, 7130, 'VITEL'),
(21961, 7612, 'VIVORATA'),
(21974, 6064, 'VOLTA'),
(21975, 7412, 'VOLUNTAD'),
(21977, 2931, 'VUELTA DE OBLIGADO'),
(21978, 6435, 'VUELTA DE ZAPATA'),
(21980, 6646, 'WARNES'),
(21988, 1875, 'WILDE'),
(21989, 1875, 'WILDE ESTE'),
(21991, 1686, 'WILLIAMS C. MORRIS  PARADA FCGSM '),
(22031, 1613, 'YAPEYU'),
(22077, 7303, 'YERBAS'),
(22090, 7605, 'YRAIZOZ'),
(22108, 6443, 'YUTUYACO'),
(22115, 1727, 'ZAMUDIO  APEADERO FCDFS '),
(22117, 1649, 'ZANJA GUALTIERI'),
(22119, 1649, 'ZANJA TAMAGNI'),
(22133, 7249, 'ZAPIOLA'),
(22136, 2800, 'ZARATE'),
(22138, 6018, 'ZAVALIA'),
(22141, 1627, 'ZELAYA'),
(22143, 7226, 'ZENON VIDELA DORNA'),
(22144, 7545, 'ZENTENA'),
(22146, 7530, 'ZOILO PERALTA'),
(22157, 8151, 'ZUBIAURRE'),
(22160, 1290, 'ALVARADO'),
(22161, 1431, 'ALVAREZ THOMAS AVDA.'),
(22162, 1426, 'AMENABAR'),
(22163, 1419, 'ARGERICH'),
(22164, 1426, 'ARREDONDO VIRREY'),
(22165, 1406, 'ASIA'),
(22166, 1407, 'AVELLANEDA'),
(22167, 1407, 'BELAUSTEGUI LUIS DR.'),
(22168, 1439, 'BERGANTIN VIGILANTE'),
(22169, 1175, 'BRAVO MARIO'),
(22170, 1425, 'BULLRICH INTENDENTE AVENIDA'),
(22171, 1424, 'CACHIMAYO'),
(22172, 1408, 'CARBALLIDO JOSE E.'),
(22173, 1242, 'CASACUBERTA'),
(22174, 1425, 'CASTEX'),
(22175, 1419, 'CONDARCO'),
(22176, 1431, 'COPENHAGUE'),
(22177, 1430, 'CORREA'),
(22178, 1416, 'CURATELLA MANES PABLO'),
(22179, 1262, 'CHICLANA AVDA.'),
(22180, 1286, 'CHUBUT'),
(22181, 1424, 'DEL TRABAJO AVDA.'),
(22182, 1439, 'DESCALZI NICOLAS'),
(22183, 1440, 'DIRECTORIO AVDA.'),
(22184, 1079, 'ENTRE RIOS AVDA.'),
(22185, 1107, 'ESPA#A AVDA.'),
(22186, 1408, 'ESTERO BELLACO'),
(22187, 1431, 'FOUILLER FELIX O.'),
(22188, 1406, 'FRAY LUIS BELTRAN'),
(22189, 1416, 'GONZALEZ ELPIDIO'),
(22190, 1416, 'GRANVILLE GUILLERMO ENRIQUE'),
(22191, 1414, 'HUAURA'),
(22192, 1231, 'HUMBERTO I '),
(22193, 1225, 'INDEPENDENCIA AVDA.'),
(22194, 1431, 'ISLANDIA'),
(22195, 1284, 'LAFAYETTE'),
(22196, 1407, 'LAGUNA'),
(22197, 1416, 'LAMAS ANDRES'),
(22198, 1414, 'LERMA'),
(22199, 1220, 'LINIERS VIRREY'),
(22200, 1419, 'LOPEZ MERINO FRANCISCO'),
(22201, 1406, 'MALVINAS ARGENTINAS'),
(22202, 1430, 'MARTINEZ ENRIQUE GRAL.'),
(22203, 1220, 'MAZA'),
(22204, 1426, 'MOLDES'),
(22205, 1431, 'MONROE'),
(22206, 1440, 'MONTIEL'),
(22207, 1407, 'MORENO PERITO AVDA.'),
(22208, 1414, 'OLAYA'),
(22209, 1281, 'ONCATIVO'),
(22210, 1408, 'ORTIZ FRANCISCO J.'),
(22211, 1437, 'PATAGONES'),
(22212, 1430, 'PAZ GENERAL AVDA.  PAR '),
(22213, 1126, 'PE#A'),
(22214, 1406, 'PERGAMINO'),
(22215, 1428, 'PUERTO PRINCIPE'),
(22216, 1419, 'QUEVEDO'),
(22217, 1292, 'RIO CUARTO'),
(22218, 1392, 'RIVADAVIA AVDA.'),
(22219, 1437, 'ROCA CORONEL AVDA.'),
(22220, 1329, 'SAENZ PE#A ROQUE AVDA. PTE.'),
(22221, 1430, 'SALTO'),
(22222, 1430, 'SANCTI SPIRITUS'),
(22223, 1407, 'SAN JUAN BAUTISTA DE LA SALLE AVDA.'),
(22224, 1425, 'SERRANO'),
(22225, 1426, 'SOLDADO DE LA INDEPENDENCIA'),
(22226, 1406, 'TERRY JOSE A.'),
(22227, 1440, 'TORRE LISANDRO DE LA'),
(22228, 1431, 'TREVERIS'),
(22229, 1431, 'TURIN'),
(22230, 1303, '25 DE MAYO'),
(22231, 1414, 'VERA'),
(22232, 1156, 'VICTORICA MIGUEL CARLOS'),
(22233, 1344, 'YRIGOYEN HIPOLITO'),
(22234, 1426, 'ZARRAGA'),
(22235, 1156, 'ZONZA BRIANO PEDRO'),
(22236, 1882, 'PRESIDENTE PERON'),
(22237, 8160, 'VILLA SERRANA LA GRUTA'),
(22238, 8160, 'VILLA VENTANA'),
(22239, 7609, 'MAR CHIQUITA'),
(22240, 1842, 'ESTEBAN ECHEVERRIA'),
(22241, 1670, 'NORDELTA'),
(22242, 1613, 'MALVINAS ARGENTINAS'),
(22243, 8512, 'VILLALONGA'),
(22244, 1906, 'TOLOSA'),
(22245, 1900, 'TOLOSA'),
(22249, 1900, 'LOS HORNOS');

-- --------------------------------------------------------

--
-- Estructura de tabla para la tabla `kilometros`
--

CREATE TABLE `kilometros` (
  `kmid` int(11) NOT NULL,
  `vid` int(11) NOT NULL,
  `fecha` varchar(50) COLLATE utf8_bin NOT NULL,
  `km` int(10) NOT NULL,
  `oid` int(11) DEFAULT '1'
) ENGINE=InnoDB DEFAULT CHARSET=utf8 COLLATE=utf8_bin;

--
-- Volcado de datos para la tabla `kilometros`
--

INSERT INTO `kilometros` (`kmid`, `vid`, `fecha`, `km`, `oid`) VALUES
(1, 0, '13/11/2018', 15000, 0),
(4, 1, '2018-11-10', 30000, 1);

-- --------------------------------------------------------

--
-- Estructura de tabla para la tabla `marca`
--

CREATE TABLE `marca` (
  `codmarca` int(10) NOT NULL,
  `nombre` varchar(50) COLLATE utf8_bin NOT NULL,
  `observacion` varchar(50) COLLATE utf8_bin DEFAULT NULL,
  `estado` int(11) DEFAULT NULL
) ENGINE=InnoDB DEFAULT CHARSET=utf8 COLLATE=utf8_bin;

--
-- Volcado de datos para la tabla `marca`
--

INSERT INTO `marca` (`codmarca`, `nombre`, `observacion`, `estado`) VALUES
(1, 'ACURA', NULL, NULL),
(2, 'ADLY', NULL, NULL),
(3, 'ALFA ROMEO', NULL, NULL),
(4, 'APRILIA', NULL, NULL),
(5, 'APRISSA', NULL, NULL),
(6, 'ARCTIC CAT', NULL, NULL),
(7, 'ARGO', NULL, NULL),
(8, 'ARMADO', NULL, NULL),
(9, 'ASTON MARTIN', NULL, NULL),
(10, 'ASTRA', NULL, NULL),
(11, 'AUDI', NULL, NULL),
(12, 'AUTOCAR', NULL, NULL),
(13, 'BAJAJ', NULL, NULL),
(14, 'BENELLI', NULL, NULL),
(15, 'BENGALA', NULL, NULL),
(16, 'BENTLEY', NULL, NULL),
(17, 'BMW', NULL, NULL),
(18, 'BRONCO', NULL, NULL),
(19, 'BUELL', NULL, NULL),
(20, 'BUICK', NULL, NULL),
(21, 'BUICK ', NULL, NULL),
(22, 'CADILLAC', NULL, NULL),
(23, 'CAGIVA', NULL, NULL),
(24, 'CAN AM', NULL, NULL),
(25, 'CARABELA', NULL, NULL),
(26, 'CBO', NULL, NULL),
(27, 'CHRYSLER', NULL, NULL),
(28, 'CITROEN', NULL, NULL),
(29, 'DELTA', NULL, NULL),
(30, 'DINA', NULL, NULL),
(31, 'DINAMO', NULL, NULL),
(32, 'DINLI', NULL, NULL),
(33, 'DREAM', NULL, NULL),
(34, 'DUBAY', NULL, NULL),
(35, 'DUCATI', NULL, NULL),
(36, 'DY MOTO', NULL, NULL),
(37, 'ESPECIALES', NULL, NULL),
(38, 'E-TON', NULL, NULL),
(39, 'FABRICA NACIONAL DE AUTOBUSES', NULL, NULL),
(40, 'FAMSA', NULL, NULL),
(41, 'FAW', NULL, NULL),
(42, 'FERRARI', NULL, NULL),
(43, 'FIAT', NULL, NULL),
(44, 'FORD', NULL, NULL),
(45, 'FREIGHTLINER', NULL, NULL),
(46, 'FRONTERIZOS', NULL, NULL),
(47, 'GELLY', NULL, NULL),
(48, 'GENERAL MOTORS', NULL, NULL),
(49, 'GEO', NULL, NULL),
(50, 'GIANT', NULL, NULL),
(51, 'GILERA', NULL, NULL),
(52, 'HARLEY-DAVIDSON', NULL, NULL),
(53, 'HARTFORD', NULL, NULL),
(54, 'HINO', NULL, NULL),
(55, 'HONDA', NULL, NULL),
(56, 'HOOL MOTORS', NULL, NULL),
(57, 'HUMMER', NULL, NULL),
(58, 'HUSABERG', NULL, NULL),
(59, 'HUSQVARNA', NULL, NULL),
(60, 'IMPORTADOS', NULL, NULL),
(61, 'INTERNATIONAL', NULL, NULL),
(62, 'ISLO', NULL, NULL),
(63, 'ISUZU', NULL, NULL),
(64, 'ITALIKA', NULL, NULL),
(65, 'IZUKA', NULL, NULL),
(66, 'JAGUAR', NULL, NULL),
(67, 'JINHAO', NULL, NULL),
(68, 'KAMAJI', NULL, NULL),
(69, 'KAWASAKI', NULL, NULL),
(70, 'KENWORTH', NULL, NULL),
(71, 'KTM', NULL, NULL),
(72, 'KUMOTO', NULL, NULL),
(73, 'KURAZAI', NULL, NULL),
(74, 'KYMCO', NULL, NULL),
(75, 'LAMBORGHINI', NULL, NULL),
(76, 'LAND ROVER', NULL, NULL),
(77, 'LEGALIZADO', NULL, NULL),
(78, 'LEM MOTOR', NULL, NULL),
(79, 'LEXUS', NULL, NULL),
(80, 'LIFAN', NULL, NULL),
(81, 'LINCOLN', NULL, NULL),
(82, 'LOTUS', NULL, NULL),
(83, 'LUCKY', NULL, NULL),
(84, 'MACK', NULL, NULL),
(85, 'MAN', NULL, NULL),
(86, 'MARGIE', NULL, NULL),
(87, 'MASA', NULL, NULL),
(88, 'MASERATI', NULL, NULL),
(89, 'MASTRETTA', NULL, NULL),
(90, 'MAZDA', NULL, NULL),
(91, 'MERCEDES BENZ', NULL, NULL),
(92, 'MERCEDES BENZ Y FREIGHLINER', NULL, NULL),
(93, 'MERCURY', NULL, NULL),
(94, 'MITSUBISHI', NULL, NULL),
(95, 'MONTERREY', NULL, NULL),
(96, 'MOTO GUZZI', NULL, NULL),
(97, 'MOTOS TORO', NULL, NULL),
(98, 'MT MOTORS', NULL, NULL),
(99, 'MUDAN ', NULL, NULL),
(100, 'MUTANT MOTORS', NULL, NULL),
(101, 'MV AGUSTA', NULL, NULL),
(102, 'NISSAN', NULL, NULL),
(103, 'OSHMEX(SOMEX)', NULL, NULL),
(104, 'OTROS', NULL, NULL),
(105, 'PEÑA', NULL, NULL),
(106, 'PETERBILT', NULL, NULL),
(107, 'PEUGEOT', NULL, NULL),
(108, 'PIAGGIO', NULL, NULL),
(109, 'PISTA', NULL, NULL),
(110, 'POLARIS', NULL, NULL),
(111, 'PORSCHE', NULL, NULL),
(112, 'QLINK', NULL, NULL),
(113, 'RAMIREZ', NULL, NULL),
(114, 'RENAULT', NULL, NULL),
(115, 'ROLLS ROYCE', NULL, NULL),
(116, 'ROVER', NULL, NULL),
(117, 'SAAB', NULL, NULL),
(118, 'SACHS', NULL, NULL),
(119, 'SANYANG', NULL, NULL),
(120, 'SAYTO', NULL, NULL),
(121, 'SCANIA', NULL, NULL),
(122, 'SEA DOO', NULL, NULL),
(123, 'SEAT', NULL, NULL),
(124, 'SEMIRREMOLQUES', NULL, NULL),
(125, 'SOLARIS VAGGIO', NULL, NULL),
(126, 'SPARTAK', NULL, NULL),
(127, 'SPARTAN', NULL, NULL),
(128, 'SSANGYONG', NULL, NULL),
(129, 'STERLING', NULL, NULL),
(130, 'SUBARU', NULL, NULL),
(131, 'SUKIDA', NULL, NULL),
(132, 'SUNDIRO', NULL, NULL),
(133, 'SUZUKI', NULL, NULL),
(134, 'T MONTERREY', NULL, NULL),
(135, 'TANK', NULL, NULL),
(136, 'TATA MOTORS', NULL, NULL),
(137, 'TORO HYOSUNG', NULL, NULL),
(138, 'TOROMEX', NULL, NULL),
(139, 'TOYOTA', NULL, NULL),
(140, 'TRIUMPH', NULL, NULL),
(141, 'TURISTAS', NULL, NULL),
(142, 'TVS', NULL, NULL),
(143, 'UNITED MOTORS', NULL, NULL),
(144, 'VAM', NULL, NULL),
(145, 'VENTO', NULL, NULL),
(146, 'VESPA', NULL, NULL),
(147, 'VICTOR PATROL', NULL, NULL),
(148, 'VICTORY MOTORCYCLES', NULL, NULL),
(149, 'VOLKSWAGEN', NULL, NULL),
(150, 'VOLVO', NULL, NULL),
(151, 'WHITE', NULL, NULL),
(152, 'WINDSOR', NULL, NULL),
(153, 'XCESS', NULL, NULL),
(154, 'YAMAHA', NULL, NULL),
(155, 'ZANETTI', NULL, NULL),
(156, 'ZILENT', NULL, NULL);

-- --------------------------------------------------------

--
-- Estructura de tabla para la tabla `modelo`
--

CREATE TABLE `modelo` (
  `codmodelo` int(11) NOT NULL,
  `codmarca` int(11) NOT NULL DEFAULT '0',
  `tipo` int(11) NOT NULL DEFAULT '0',
  `nombremodelo` varchar(50) COLLATE utf8_bin NOT NULL DEFAULT '0',
  `observaciones` varchar(50) COLLATE utf8_bin DEFAULT '0',
  `estado` int(11) DEFAULT '1'
) ENGINE=InnoDB DEFAULT CHARSET=utf8 COLLATE=utf8_bin;

--
-- Volcado de datos para la tabla `modelo`
--

INSERT INTO `modelo` (`codmodelo`, `codmarca`, `tipo`, `nombremodelo`, `observaciones`, `estado`) VALUES
(1, 1, 1, 'TL', '0', NULL),
(2, 1, 1, 'RL', '0', NULL),
(3, 1, 1, 'MDX', '0', NULL),
(4, 1, 1, 'RDX', '0', NULL),
(5, 1, 1, 'TSX', '0', NULL),
(6, 1, 1, 'ZDX', '0', NULL),
(7, 1, 1, 'RSX', '0', NULL),
(8, 1, 1, 'CL', '0', NULL),
(9, 1, 1, 'ILX', '0', NULL),
(10, 1, 1, 'RLX', '0', NULL),
(11, 2, 8, '50-110', '0', NULL),
(12, 2, 8, '251-650', '0', NULL),
(13, 2, 8, '111- 250', '0', NULL),
(14, 3, 1, '147', '0', NULL),
(15, 3, 1, '156', '0', NULL),
(16, 3, 1, '166', '0', NULL),
(17, 3, 1, 'GT', '0', NULL),
(18, 3, 1, '159', '0', NULL),
(19, 3, 1, 'BRERA', '0', NULL),
(20, 3, 1, 'GTV', '0', NULL),
(21, 3, 1, 'SPIDER', '0', NULL),
(22, 3, 1, 'MITO', '0', NULL),
(23, 3, 1, 'GIULIETTA', '0', NULL),
(24, 4, 8, '50-110', '0', NULL),
(25, 4, 8, '111-250', '0', NULL),
(26, 4, 8, '251-650', '0', NULL),
(27, 4, 8, '651-1000', '0', NULL),
(28, 5, 8, '251-650', '0', NULL),
(29, 5, 8, '111- 250', '0', NULL),
(30, 5, 8, '50-110', '0', NULL),
(31, 6, 8, '50-110', '0', NULL),
(32, 6, 8, '111-250', '0', NULL),
(33, 6, 8, '251-650', '0', NULL),
(34, 6, 8, '651-1000', '0', NULL),
(35, 7, 8, '111-250', '0', NULL),
(36, 7, 8, '251-650', '0', NULL),
(37, 7, 8, '651-1000', '0', NULL),
(38, 8, 3, 'CAMION', '0', NULL),
(39, 8, 3, 'CAMION', '0', NULL),
(40, 8, 3, 'CAMION', '0', NULL),
(41, 8, 3, 'CAMION', '0', NULL),
(42, 8, 11, 'TRACTOCAMION', '0', NULL),
(43, 8, 3, 'CAMION', '0', NULL),
(44, 9, 1, 'VANTAGE', '0', NULL),
(45, 9, 1, 'VANQUISH', '0', NULL),
(46, 10, 3, 'CAMION', '0', NULL),
(47, 11, 1, 'A4', '0', NULL),
(48, 11, 1, 'A8', '0', NULL),
(49, 11, 1, 'A3', '0', NULL),
(50, 11, 1, 'A6', '0', NULL),
(51, 11, 1, 'TT', '0', NULL),
(52, 11, 1, 'S3', '0', NULL),
(53, 11, 1, 'S4', '0', NULL),
(54, 11, 1, 'S6', '0', NULL),
(55, 11, 1, 'S8', '0', NULL),
(56, 11, 1, 'RS6', '0', NULL),
(57, 11, 1, 'Q7', '0', NULL),
(58, 11, 1, 'A5', '0', NULL),
(59, 11, 1, 'R8', '0', NULL),
(60, 11, 1, 'Q5', '0', NULL),
(61, 11, 1, 'S5', '0', NULL),
(62, 11, 1, 'A1', '0', NULL),
(63, 11, 1, 'RS5', '0', NULL),
(64, 11, 1, 'ALLROAD', '0', NULL),
(65, 11, 1, 'A7', '0', NULL),
(66, 11, 1, 'S1', '0', NULL),
(67, 11, 1, 'S7', '0', NULL),
(68, 11, 1, 'Q3', '0', NULL),
(69, 12, 11, 'AUTOCAR', '0', NULL),
(70, 13, 8, '50-110', '0', NULL),
(71, 13, 8, '111-250', '0', NULL),
(72, 13, 8, '251-650', '0', NULL),
(73, 14, 8, '251-650', '0', NULL),
(74, 14, 8, '111- 250', '0', NULL),
(75, 14, 8, '651-1000', '0', NULL),
(76, 14, 8, '1001-2000', '0', NULL),
(77, 15, 8, '50-110', '0', NULL),
(78, 15, 8, '111-250', '0', NULL),
(79, 15, 8, '251-650', '0', NULL),
(80, 16, 1, 'CONTINENTAL ', '0', NULL),
(81, 16, 1, 'AZURE', '0', NULL),
(82, 16, 1, 'ARNAGE', '0', NULL),
(83, 16, 1, '602', '0', NULL),
(84, 17, 1, 'SERIE 1', '0', NULL),
(85, 17, 1, 'COOPER', '0', NULL),
(86, 17, 1, 'SERIE 3', '0', NULL),
(87, 17, 1, 'SERIE 5', '0', NULL),
(88, 17, 1, 'SERIE 7', '0', NULL),
(89, 17, 1, 'SERIE Z', '0', NULL),
(90, 17, 1, 'X3', '0', NULL),
(91, 17, 1, 'SERIE 6', '0', NULL),
(92, 17, 1, 'X5', '0', NULL),
(93, 17, 1, 'X6', '0', NULL),
(94, 17, 1, 'SERIE 8', '0', NULL),
(95, 17, 1, 'X1', '0', NULL),
(96, 17, 1, 'SERIE M', '0', NULL),
(97, 17, 1, 'SERIE 4', '0', NULL),
(98, 17, 8, '251-650', '0', NULL),
(99, 17, 8, '651-1000', '0', NULL),
(100, 17, 8, '1001-1500', '0', NULL),
(101, 18, 8, '50-110', '0', NULL),
(102, 18, 8, '251-650', '0', NULL),
(103, 18, 8, '111- 250', '0', NULL),
(104, 19, 8, '251-650', '0', NULL),
(105, 19, 8, '651-1000', '0', NULL),
(106, 20, 1, 'CENTURY', '0', NULL),
(107, 20, 1, 'REGAL', '0', NULL),
(108, 20, 1, 'ENCLAVE', '0', NULL),
(109, 20, 1, 'LACROSSE', '0', NULL),
(110, 20, 1, 'ENCORE', '0', NULL),
(111, 21, 1, 'VERANO ', '0', NULL),
(112, 22, 1, 'CATERA', '0', NULL),
(113, 22, 1, 'STS Y CTS', '0', NULL),
(114, 22, 1, 'ESCALADE', '0', NULL),
(115, 22, 1, 'SRX', '0', NULL),
(116, 22, 1, 'BLS', '0', NULL),
(117, 22, 1, 'XRL', '0', NULL),
(118, 22, 1, 'DEVILLE', '0', NULL),
(119, 22, 1, 'DORADO', '0', NULL),
(120, 22, 1, 'SEVILLE', '0', NULL),
(121, 22, 1, 'ATS', '0', NULL),
(122, 22, 6, 'ESCALADE PICK UP ', '0', NULL),
(123, 23, 8, '50-110', '0', NULL),
(124, 23, 8, '111-250', '0', NULL),
(125, 23, 8, '251-650', '0', NULL),
(126, 23, 8, '651-1000', '0', NULL),
(127, 24, 8, '50-110', '0', NULL),
(128, 24, 8, '111-250', '0', NULL),
(129, 24, 8, '251-650', '0', NULL),
(130, 24, 8, '651-1000', '0', NULL),
(131, 25, 8, '50-110', '0', NULL),
(132, 25, 8, '111-250', '0', NULL),
(133, 25, 8, '251-650', '0', NULL),
(134, 26, 3, '6000', '0', NULL),
(135, 26, 3, '8000', '0', NULL),
(136, 26, 6, '1000-1500', '0', NULL),
(137, 26, 6, '2200', '0', NULL),
(138, 26, 6, '4000', '0', NULL),
(139, 27, 1, 'DART K, VOLARE K', '0', NULL),
(140, 27, 1, 'CORDOBA,MONACO, LE BARON ', '0', NULL),
(141, 27, 1, 'CHRYSLER 600', '0', NULL),
(142, 27, 1, 'PHANTOM', '0', NULL),
(143, 27, 1, 'VOLARE, SUPER BEE, STEALTH', '0', NULL),
(144, 27, 1, 'RAM CHARGER', '0', NULL),
(145, 27, 1, 'SHADOW', '0', NULL),
(146, 27, 1, 'SPIRIT', '0', NULL),
(147, 27, 1, 'IMPERIAL', '0', NULL),
(148, 27, 1, 'VOYAGER', '0', NULL),
(149, 27, 1, 'CONCORDE', '0', NULL),
(150, 27, 1, 'JEEP WRANGLER', '0', NULL),
(151, 27, 1, 'JEEP GRAND CHEROKEE ', '0', NULL),
(152, 27, 1, 'NEW YORKER LH', '0', NULL),
(153, 27, 1, 'INTREPID', '0', NULL),
(154, 27, 1, 'NEON ', '0', NULL),
(155, 27, 1, 'STRATUS Y BREEZE', '0', NULL),
(156, 27, 1, 'RAM PASAJEROS', '0', NULL),
(157, 27, 1, 'CIRRUS', '0', NULL),
(158, 27, 1, 'SEBRING / RT', '0', NULL),
(159, 27, 1, 'DURANGO', '0', NULL),
(160, 27, 1, 'PT CRUISER', '0', NULL),
(161, 27, 1, 'MAGNUM', '0', NULL),
(162, 27, 1, 'ATOS', '0', NULL),
(163, 27, 1, 'JEEP LIBERTY', '0', NULL),
(164, 27, 1, 'PACIFICA', '0', NULL),
(165, 27, 1, 'VIPER', '0', NULL),
(166, 27, 1, 'CROSSFIRE', '0', NULL),
(167, 27, 1, 'VERNA', '0', NULL),
(168, 27, 1, 'JEEP COMMANDER', '0', NULL),
(169, 27, 1, 'CHARGER', '0', NULL),
(170, 27, 1, 'ATTITUDE', '0', NULL),
(171, 27, 1, 'CALIBER', '0', NULL),
(172, 27, 1, 'AVENGER', '0', NULL),
(173, 27, 1, 'NITRO', '0', NULL),
(174, 27, 1, 'JEEP COMPASS', '0', NULL),
(175, 27, 1, 'ASPEN', '0', NULL),
(176, 27, 1, 'JEEP PATRIOT', '0', NULL),
(177, 27, 1, 'JOURNEY ', '0', NULL),
(178, 27, 1, 'CHALLENGER', '0', NULL),
(179, 27, 1, 'JEEP CHEROKEE SPORT', '0', NULL),
(180, 27, 1, 'RAM MAXI WAGON PASAJEROS', '0', NULL),
(181, 27, 1, 'H100 PASAJEROS', '0', NULL),
(182, 27, 1, 'I 10', '0', NULL),
(183, 27, 1, '300', '0', NULL),
(184, 27, 1, '200', '0', NULL),
(185, 27, 1, 'JEEP RENEGADE', '0', NULL),
(186, 27, 1, 'JEEP J-364', '0', NULL),
(187, 27, 1, 'JEEP WAGONEER', '0', NULL),
(188, 27, 1, 'DART DESDE 2012', '0', NULL),
(189, 27, 6, 'D-150 PICK UP', '0', NULL),
(190, 27, 6, 'DAKOTA PICK UP', '0', NULL),
(191, 27, 6, 'D-100, H100 PICK UP', '0', NULL),
(192, 27, 6, 'RAM PICK UP ', '0', NULL),
(193, 27, 6, 'D-250 PICK UP', '0', NULL),
(194, 27, 6, 'RAM PICK UP ', '0', NULL),
(195, 27, 6, 'RAM RUNNER, SRT PICK UP', '0', NULL),
(196, 27, 6, 'RAM MEGA PICK UP', '0', NULL),
(197, 27, 6, 'RAM QUAD CAB PICK UP CREW CAB', '0', NULL),
(198, 27, 6, 'D-100 ESTACAS, H100 ESTACAS', '0', NULL),
(199, 27, 6, 'RAM VAN, H100 VAN', '0', NULL),
(200, 27, 6, 'D-W100,D-W150 ', '0', NULL),
(201, 27, 6, 'H100 CAJA SECA', '0', NULL),
(202, 27, 6, 'D-350,RAM 3500 QUAD CAB PICK UP ', '0', NULL),
(203, 27, 6, 'D-350 ESTACAS, CHASIS CAB, RAM ESTACAS, ', '0', NULL),
(204, 27, 6, 'RAM VAN, MAXI VAN', '0', NULL),
(205, 27, 6, 'D-350,RAM 3500,4000 PLATAFORMA', '0', NULL),
(206, 27, 6, 'D-350,RAM 3500,4000 CAJA SECA', '0', NULL),
(207, 27, 6, 'D-350,RAM 3500,4000 CAJA MUDANCERA', '0', NULL),
(208, 27, 6, 'D-350,RAM 3500,4000 CAJA REFRIGERADA', '0', NULL),
(209, 27, 6, 'D-350,RAM 3500,4000 CAJA GRUA', '0', NULL),
(210, 27, 6, 'D-350,RAM 3500,4000 CAJA CONTENEDOR', '0', NULL),
(211, 27, 6, 'D-350, RAM3500,4000 VOLTEO', '0', NULL),
(212, 27, 6, 'D-350,RAM 3500,4000 TANQUE', '0', NULL),
(213, 27, 3, 'D500,600 RAM 6500 4 X 2 PLATAFORMA ', '0', NULL),
(214, 27, 3, 'D500,600 RAM 6500 4 X 2 CAJA REDILAS', '0', NULL),
(215, 27, 3, 'D500,600 RAM 6500 4 X 2 CAJA SECA', '0', NULL),
(216, 27, 3, 'D600, RAM 6500 6 X 2 CAJA MUDANCERA', '0', NULL),
(217, 27, 3, 'D600, RAM 6500 6 X 2 CAJA REFRIGERADA', '0', NULL),
(218, 27, 3, 'D600, RAM 6500 6 X 2 GRUA', '0', NULL),
(219, 27, 3, 'D600, RAM 6500 6 X 2 VOLTEO', '0', NULL),
(220, 27, 3, 'D600, RAM 6500 6 X 2 TANQUE', '0', NULL),
(221, 27, 3, '4 X 2 RAM PLATAFORMA ', '0', NULL),
(222, 27, 3, '4 X 2 RAM CAJA REDILAS', '0', NULL),
(223, 27, 3, '4 X 2 RAM CAJA SECA', '0', NULL),
(224, 27, 3, '6 X 2 RAM CAJA MUDANCERA', '0', NULL),
(225, 27, 3, '6 X 2 RAM CAJA REFRIGERADA', '0', NULL),
(226, 27, 3, '6 X 2 RAM GRUA ', '0', NULL),
(227, 27, 3, '6 X 2 RAM VOLTEO', '0', NULL),
(228, 27, 3, '6 X 2 RAM TANQUE', '0', NULL),
(229, 27, 11, '6 X 2, 6 X 4 TRACTOCAMION ', '0', NULL),
(230, 27, 6, 'RAM SERVICIO PUBLICO', '0', NULL),
(231, 27, 7, 'RAM 3500,4000 MICROBUS ', '0', NULL),
(232, 27, 10, 'RAM 6500 AUTOBUS URBANO', '0', NULL),
(233, 27, 10, 'RAM AUTOBUS URBANO', '0', NULL),
(234, 27, 6, 'CARRYALL', '0', NULL),
(235, 27, 6, 'H 100 CARGA', '0', NULL),
(236, 27, 6, 'D-W250 VAN', '0', NULL),
(237, 27, 6, 'H300', '0', NULL),
(238, 28, 1, 'C', '0', NULL),
(239, 28, 1, 'DS', '0', NULL),
(240, 28, 6, 'NEMO', '0', NULL),
(241, 28, 6, 'BERLING', '0', NULL),
(242, 28, 6, 'JUMPY', '0', NULL),
(243, 28, 6, 'JUMPER', '0', NULL),
(244, 29, 8, '50-110', '0', NULL),
(245, 29, 8, '111-250', '0', NULL),
(246, 30, 3, '4 X 2 PLATAFORMA ', '0', NULL),
(247, 30, 3, '4 X 2 CAJA REDILAS', '0', NULL),
(248, 30, 3, '4 X 2 CAJA SECA ', '0', NULL),
(249, 30, 3, '4 X 2 CAJA REDILAS ', '0', NULL),
(250, 30, 3, '4 X 2 CAJA SECA ', '0', NULL),
(251, 30, 3, '4 X 2 VOLTEO', '0', NULL),
(252, 30, 3, '4 X 2 PLATAFORMA ', '0', NULL),
(253, 30, 3, '4 X 2 CAJA REDILAS', '0', NULL),
(254, 30, 3, '4 X 2 CAJA SECA', '0', NULL),
(255, 30, 3, '6 X 2 CAJA MUDANCERA', '0', NULL),
(256, 30, 3, '6 X 2 CAJA REFRIGERADA', '0', NULL),
(257, 30, 3, '6 X 2 GRUA', '0', NULL),
(258, 30, 3, '6 X 2 VOLTEO', '0', NULL),
(259, 30, 3, '6 X 2 TANQUE', '0', NULL),
(260, 30, 3, '6 X 2 PLATAFORMA', '0', NULL),
(261, 30, 3, '6 X 2 CAJA REDILAS', '0', NULL),
(262, 30, 3, '6 X 2 CAJA SECA', '0', NULL),
(263, 30, 3, '6 X 2 CAJA REFRIGERADA', '0', NULL),
(264, 30, 3, '6 X 2 TANQUE', '0', NULL),
(265, 30, 3, '6 X 2 GRUA', '0', NULL),
(266, 30, 3, '6 X 4 PLATAFORMA ', '0', NULL),
(267, 30, 3, '6 X 4 CAJA SECA ', '0', NULL),
(268, 30, 3, '6 X 4 CAJA GANADERA ', '0', NULL),
(269, 30, 3, '6 X 4 TOLVA', '0', NULL),
(270, 30, 3, '6 X 4 VOLTEO', '0', NULL),
(271, 30, 3, '6 X 4 REVOLVEDORA', '0', NULL),
(272, 30, 3, '6 X 4 VACTOR DESAZOLVE', '0', NULL),
(273, 30, 11, '6 X 2, 6 X 4 TRACTOCAMION', '0', NULL),
(274, 30, 10, 'MICROBUS URBANOS ', '0', NULL),
(275, 30, 10, 'AUTOBUSES URBANOS ', '0', NULL),
(276, 30, 10, 'AUTOBUSES URBANO ', '0', NULL),
(277, 30, 10, 'AUTOBUSES URBANO ', '0', NULL),
(278, 30, 10, 'AUTOBUS FORANEO', '0', NULL),
(279, 30, 6, 'D-100,B-200,PICK - UP ', '0', NULL),
(280, 30, 6, 'D-3000,3200,3130 ESTACAS', '0', NULL),
(281, 30, 3, '4 X 2 PLATAFORMA ', '0', NULL),
(282, 31, 8, '50-110', '0', NULL),
(283, 31, 8, '111-250', '0', NULL),
(284, 32, 8, '50-110', '0', NULL),
(285, 32, 8, '111-250', '0', NULL),
(286, 33, 8, '50-110', '0', NULL),
(287, 33, 8, '251-650', '0', NULL),
(288, 33, 8, '111- 250', '0', NULL),
(289, 34, 8, '50-110', '0', NULL),
(290, 34, 8, '111-250', '0', NULL),
(291, 35, 8, '651-1000', '0', NULL),
(292, 35, 8, '1001-2000', '0', NULL),
(293, 36, 8, '50-110', '0', NULL),
(294, 36, 8, '111-250', '0', NULL),
(295, 37, 9, 'VEHICULOS INDUSTRIALES AGRICOLASCONTRATISTAS', '0', NULL),
(296, 38, 8, '50-110', '0', NULL),
(297, 38, 8, '111-250', '0', NULL),
(298, 39, 3, 'AUTOBUS FORANEO', '0', NULL),
(299, 40, 3, '4 X 2 PLATAFORMA', '0', NULL),
(300, 40, 3, '4 X 2 CAJA REDILAS', '0', NULL),
(301, 40, 3, '4 X 2 CAJA SECA', '0', NULL),
(302, 40, 3, 'CABINA 4 X 2 PLATAFORMA', '0', NULL),
(303, 40, 3, 'CABINA 4 X 2 CAJA REDILAS', '0', NULL),
(304, 40, 3, 'CABINA 4 X 2 CAJA SECA', '0', NULL),
(305, 40, 3, 'CABINA 4 X 2 CAJA REFRIGERADA', '0', NULL),
(306, 40, 3, 'CABINA 6 X 2 GRUA', '0', NULL),
(307, 40, 3, 'CABINA 6 X 2 VOLTEO', '0', NULL),
(308, 40, 11, 'CABINA 6 X 4 3 EJES', '0', NULL),
(309, 41, 1, 'F1', '0', NULL),
(310, 41, 1, 'F4', '0', NULL),
(311, 41, 1, 'F5', '0', NULL),
(312, 41, 1, 'GF8', '0', NULL),
(313, 41, 1, 'GF70', '0', NULL),
(314, 41, 6, 'PICK UP', '0', NULL),
(315, 41, 6, 'PICK UP', '0', NULL),
(316, 41, 3, 'GF900', '0', NULL),
(317, 41, 3, 'GF250', '0', NULL),
(318, 41, 3, 'GF6000', '0', NULL),
(319, 41, 3, 'GF7000', '0', NULL),
(320, 42, 1, '430', '0', NULL),
(321, 42, 1, '575', '0', NULL),
(322, 42, 1, '599', '0', NULL),
(323, 42, 1, '612', '0', NULL),
(324, 42, 1, 'MARANELLO', '0', NULL),
(325, 42, 1, 'MODENA', '0', NULL),
(326, 42, 1, '456 GT', '0', NULL),
(327, 42, 1, 'F355', '0', NULL),
(328, 42, 1, 'CALIFORNIA', '0', NULL),
(329, 42, 1, '458', '0', NULL),
(330, 42, 1, 'APERTA', '0', NULL),
(331, 42, 1, 'FF', '0', NULL),
(332, 42, 1, 'F12', '0', NULL),
(333, 43, 1, 'PALIO', '0', NULL),
(334, 43, 1, 'PALIO ADVENTURE', '0', NULL),
(335, 43, 1, 'PANDA', '0', NULL),
(336, 43, 1, 'GRANDE PUNTO', '0', NULL),
(337, 43, 1, 'STILO SHUMACHER', '0', NULL),
(338, 43, 1, 'IDEA ADVENTURE', '0', NULL),
(339, 43, 1, 'ALBEA', '0', NULL),
(340, 43, 1, '500', '0', NULL),
(341, 43, 1, 'BRAVO', '0', NULL),
(342, 43, 1, 'LINEA', '0', NULL),
(343, 43, 1, 'UNO', '0', NULL),
(344, 43, 6, 'DUCATO CARGO VAN 2.3 L 120 H.P.', '0', NULL),
(345, 43, 6, 'DUCATO CARGO VAN 3.0 L 157 H.P.', '0', NULL),
(346, 43, 6, 'DUCATO CAJA SECA VAN ', '0', NULL),
(347, 43, 6, 'DUCATO CAJA REFRIGERADA ', '0', NULL),
(348, 43, 10, 'DUCATO SERVICIO PUBLICO', '0', NULL),
(349, 43, 6, 'PICK-UP STRADA ADVENTURE', '0', NULL),
(350, 44, 1, 'PINTO,MAVERICK,FAIRMONT, TOPAZ', '0', NULL),
(351, 44, 1, 'GRAND MARQUIS, MOD. (1999 Y ANT) LTD GALAXIE', '0', NULL),
(352, 44, 1, 'COUGAR', '0', NULL),
(353, 44, 1, 'MUSTANG HASTA 84', '0', NULL),
(354, 44, 1, 'THUNDERBIRD', '0', NULL),
(355, 44, 1, 'TAURUS', '0', NULL),
(356, 44, 1, 'CARRY ALL', '0', NULL),
(357, 44, 1, 'GHIA', '0', NULL),
(358, 44, 1, 'AEROSTAR', '0', NULL),
(359, 44, 1, 'EXPLORER ', '0', NULL),
(360, 44, 1, 'ESCORT ', '0', NULL),
(361, 44, 1, 'WINDSTAR', '0', NULL),
(362, 44, 1, 'CONTOUR', '0', NULL),
(363, 44, 1, 'EXPEDITION', '0', NULL),
(364, 44, 1, 'FIESTA', '0', NULL),
(365, 44, 1, 'CLUB WAGON PASAJEROS', '0', NULL),
(366, 44, 1, 'FOCUS', '0', NULL),
(367, 44, 1, 'ESCAPE', '0', NULL),
(368, 44, 1, 'EXCURSION', '0', NULL),
(369, 44, 1, 'MONDEO', '0', NULL),
(370, 44, 1, 'IKON', '0', NULL),
(371, 44, 1, 'KA', '0', NULL),
(372, 44, 1, 'CROWN VICTORIA', '0', NULL),
(373, 44, 1, 'ECOSPORT', '0', NULL),
(374, 44, 1, 'FREESTAR', '0', NULL),
(375, 44, 1, 'FIVE HUNDRED', '0', NULL),
(376, 44, 1, 'FUSION', '0', NULL),
(377, 44, 1, 'EDGE', '0', NULL),
(378, 44, 1, 'TRANSIT PASAJEROS', '0', NULL),
(379, 44, 1, 'ECONOLINE PASAJEROS', '0', NULL),
(380, 44, 1, 'MUSTANG', '0', NULL),
(381, 44, 1, 'INTERCEPTOR', '0', NULL),
(382, 44, 6, 'COURIER PICK UP', '0', NULL),
(383, 44, 6, 'RANGER PICK UP ', '0', NULL),
(384, 44, 6, 'EXPLORER SPORT PICK UP', '0', NULL),
(385, 44, 6, 'F-100, F-150 PICK UP', '0', NULL),
(386, 44, 6, 'F-200, B-200, F- 250 PICK UP', '0', NULL),
(387, 44, 6, 'LOBO, KING RANCH PICK UP', '0', NULL),
(388, 44, 6, 'HARLEY DAVIDSON PICK UP', '0', NULL),
(389, 44, 6, 'RANGER ESTACAS', '0', NULL),
(390, 44, 6, 'WAGON,ECONOLINE CARGO VAN', '0', NULL),
(391, 44, 6, 'RANGER CAJA SECA ', '0', NULL),
(392, 44, 6, 'F-350,F450,F550, ESTACAS,CHASIS CAB', '0', NULL),
(393, 44, 6, 'P-330 VANETTE ', '0', NULL),
(394, 44, 6, 'F-350,450,550 PLATAFORMA', '0', NULL),
(395, 44, 6, 'F-350,450,550 CAJA SECA', '0', NULL),
(396, 44, 6, 'F-350,450,550 CAJA MUDANCERA', '0', NULL),
(397, 44, 6, 'F-350,450,550 CAJA REFRIGERADA', '0', NULL),
(398, 44, 6, 'F-350,450,550 CAJA GRUA', '0', NULL),
(399, 44, 6, 'F-350,450,550 CAJA CONTENEDOR', '0', NULL),
(400, 44, 6, 'F-350,450,550 TANQUE', '0', NULL),
(401, 44, 6, 'F-350,450,550 VOLTEO', '0', NULL),
(402, 44, 3, 'F-600 4 X 2 PLATAFORMA', '0', NULL),
(403, 44, 3, 'F-600 4 X 2 CAJA REDILAS', '0', NULL),
(404, 44, 3, 'F-600 4 X 2 CAJA SECA', '0', NULL),
(405, 44, 3, 'F- 600 4 X 2 CAJA MUDANCERA', '0', NULL),
(406, 44, 3, 'F-600 4 X 2 CAJA REFRIGERADA', '0', NULL),
(407, 44, 3, 'F-600,700, 800 4 X 2 PLATAFORMA', '0', NULL),
(408, 44, 3, 'F-600,700,800 4 X 2 CAJA REDILAS', '0', NULL),
(409, 44, 3, 'F-600,700,800 4 X 2 CAJA SECA', '0', NULL),
(410, 44, 3, 'F-700,800 4 X 2 CAJA MUDANCERA', '0', NULL),
(411, 44, 3, 'F-700,800 4 X 2 CAJA REFRIGERADA', '0', NULL),
(412, 44, 3, 'F-700, 800 6 X 2 PLATAFORMA', '0', NULL),
(413, 44, 3, 'F-700,800 6 X 2 CAJA SECA', '0', NULL),
(414, 44, 3, 'F-700,800 6 X 2 CAJA REFRIGERADA', '0', NULL),
(415, 44, 3, 'F-800 4 X 2 PLATAFORMA', '0', NULL),
(416, 44, 3, 'F-800 4 X 2 CAJA REDILAS', '0', NULL),
(417, 44, 3, 'F-800 4 X 2 CAJA SECA', '0', NULL),
(418, 44, 3, 'F-800 4 X 2 CAJA MUDANCERA', '0', NULL),
(419, 44, 3, 'F-800 4 X 2 CAJA REFRIGERADA', '0', NULL),
(420, 44, 3, 'F-800 4 X 2 GRUA', '0', NULL),
(421, 44, 3, 'F-800 6 X 2 CAJA PLATAFORMA', '0', NULL),
(422, 44, 3, 'F-800 6 X 2 CAJA SECA', '0', NULL),
(423, 44, 3, 'F-800 6 X 2 CAJA REFRIGERADA', '0', NULL),
(424, 44, 3, 'F-800 6 X 2 VOLTEO ', '0', NULL),
(425, 44, 6, 'ECONOLINE SERVICIO PUBLICO', '0', NULL),
(426, 44, 10, 'MICROBUS ', '0', NULL),
(427, 44, 10, 'AUTOBUS URBANO ', '0', NULL),
(428, 44, 10, 'AUTOBUS URBANO ', '0', NULL),
(429, 44, 3, '4 X 2 VOLTEO', '0', NULL),
(430, 44, 6, 'TRANSIT CARGA', '0', NULL),
(431, 45, 11, 'FREIGHTLINER', '0', NULL),
(432, 45, 10, 'AUTOBUS URBANO ', '0', NULL),
(433, 46, 6, 'COMERCIALES', '0', NULL),
(434, 46, 1, 'AUTOMOVILES', '0', NULL),
(435, 47, 8, '50-110', '0', NULL),
(436, 47, 8, '251-650', '0', NULL),
(437, 47, 8, '111- 250', '0', NULL),
(438, 48, 1, 'CHEVELLE, NOVA, CAPRICE, OPEL', '0', NULL),
(439, 48, 1, 'CITATION, CELEBRITY,IMPALA Y MALIBU 1981 Y ANTERIO', '0', NULL),
(440, 48, 1, 'SUBURBAN, CARRY ALL', '0', NULL),
(441, 48, 1, 'CUTLASS', '0', NULL),
(442, 48, 1, 'CAVALIER MODELO 94 Y ANTERIORES', '0', NULL),
(443, 48, 1, 'BLAZER', '0', NULL),
(444, 48, 1, 'CORVETTE', '0', NULL),
(445, 48, 1, 'SILHOUETTE', '0', NULL),
(446, 48, 1, 'EIGHTY EIGHT', '0', NULL),
(447, 48, 1, 'FIREBIRD TRANS AM', '0', NULL),
(448, 48, 1, 'CHEVY', '0', NULL),
(449, 48, 1, 'BONNEVILLE', '0', NULL),
(450, 48, 1, 'CAVALIER MODELO 2004 AL 1995', '0', NULL),
(451, 48, 1, 'LUMINA', '0', NULL),
(452, 48, 1, 'CAMARO', '0', NULL),
(453, 48, 1, 'TRACKER', '0', NULL),
(454, 48, 1, 'GRAN PRIX', '0', NULL),
(455, 48, 1, 'VENTURE', '0', NULL),
(456, 48, 1, 'MALIBU NUEVA GENERACION', '0', NULL),
(457, 48, 1, 'SUNFIRE', '0', NULL),
(458, 48, 1, 'EXPRESS VAN PASAJEROS', '0', NULL),
(459, 48, 1, 'GRAN AM', '0', NULL),
(460, 48, 1, 'IMPALA', '0', NULL),
(461, 48, 1, 'TIGRA', '0', NULL),
(462, 48, 1, 'ASTRA', '0', NULL),
(463, 48, 1, 'AZTEK', '0', NULL),
(464, 48, 1, 'SONORA', '0', NULL),
(465, 48, 1, 'ZAFIRA', '0', NULL),
(466, 48, 1, 'CORSA', '0', NULL),
(467, 48, 1, 'MERIVA', '0', NULL),
(468, 48, 1, 'VECTRA', '0', NULL),
(469, 48, 1, 'MATIZ', '0', NULL),
(470, 48, 1, 'CHEVY C2', '0', NULL),
(471, 48, 1, 'G6', '0', NULL),
(472, 48, 1, 'EQUINOX', '0', NULL),
(473, 48, 1, 'G4', '0', NULL),
(474, 48, 1, 'SOLSTICE', '0', NULL),
(475, 48, 1, 'MONTANA', '0', NULL),
(476, 48, 1, 'UPLANDER', '0', NULL),
(477, 48, 1, 'HHR', '0', NULL),
(478, 48, 1, 'G3', '0', NULL),
(479, 48, 1, 'TORRENT', '0', NULL),
(480, 48, 1, 'YUKON', '0', NULL),
(481, 48, 1, 'TAHOE', '0', NULL),
(482, 48, 1, 'OPTRA', '0', NULL),
(483, 48, 1, 'TRAIL BLAZER', '0', NULL),
(484, 48, 1, 'MATIZ G2', '0', NULL),
(485, 48, 1, 'G5', '0', NULL),
(486, 48, 1, 'ACADIA', '0', NULL),
(487, 48, 1, 'CAPTIVA', '0', NULL),
(488, 48, 1, 'AVEO', '0', NULL),
(489, 48, 1, 'TRAVERSE', '0', NULL),
(490, 48, 1, 'EPICA', '0', NULL),
(491, 48, 1, 'CRUZE', '0', NULL),
(492, 48, 1, 'SPARK', '0', NULL),
(493, 48, 1, 'TERRAIN', '0', NULL),
(494, 48, 1, 'SONIC', '0', NULL),
(495, 48, 6, 'C- 3500, SILVERADO PICK UP C 31', '0', NULL),
(496, 48, 1, 'TRAX', '0', NULL),
(497, 48, 1, 'VOLT', '0', NULL),
(498, 48, 6, 'C-15,1500 PICK UP', '0', NULL),
(499, 48, 6, 'S-10 PICK UP', '0', NULL),
(500, 48, 6, 'LUV PICK UP,ESTACAS, CREW CAB ', '0', NULL),
(501, 48, 6, 'TORNADO,CHEVY PICK UP', '0', NULL),
(502, 48, 6, 'COLORADO PICK UP', '0', NULL),
(503, 48, 6, 'C-20,MAXICAB, R 25,C250 PICK UP ', '0', NULL),
(504, 48, 6, 'C- 2500, SILVERADO PICK UP ', '0', NULL),
(505, 48, 6, 'AVALANCHE PICK UP', '0', NULL),
(506, 48, 6, 'CHEYENNE,CHEYENNE SS PICK UP', '0', NULL),
(507, 48, 6, 'CARRIOL, EXPRESS CARGO VAN', '0', NULL),
(508, 48, 6, 'G-30,WAGON,CARGO VAN', '0', NULL),
(509, 48, 6, 'C-30,C35,C36,C3500, CHASIS ESTACAS ', '0', NULL),
(510, 48, 6, 'P-30, P-31, CARGO VANETTE', '0', NULL),
(511, 48, 6, 'C-30,C-35,C-36,C-3500, PLATAFORMA', '0', NULL),
(512, 48, 6, 'C-30,35,36,3500 CAJA SECA', '0', NULL),
(513, 48, 6, 'C-30,35,36,3500 CAJA MUDANCERA', '0', NULL),
(514, 48, 6, 'C-30,35,36, 3500 CAJA REFRIGERADA', '0', NULL),
(515, 48, 6, 'C-30,35,36,3500 CAJA GRUA', '0', NULL),
(516, 48, 6, 'C-30,35,36,3500 CAJA CONTENEDOR', '0', NULL),
(517, 48, 6, 'C-30,35,36,3500 VOLTEO', '0', NULL),
(518, 48, 6, 'C-30,35,36,3500 TANQUE', '0', NULL),
(519, 48, 6, 'CANYON PICK UP', '0', NULL),
(520, 48, 6, 'SIERRA PICK UP', '0', NULL),
(521, 48, 3, 'C-35, KODIAK 4 X 2 PLATAFORMA ', '0', NULL),
(522, 48, 3, 'C-35, KODIAK 4 X 2 CAJA REDILAS', '0', NULL),
(523, 48, 3, 'C-35 KODIAK 4 X 2 CAJA SECA', '0', NULL),
(524, 48, 3, 'C-35 KODIAK 4 X 2 CAJA MUDANCERA', '0', NULL),
(525, 48, 3, 'C-35, KODIAK 4 X 2 VOLTEO', '0', NULL),
(526, 48, 3, 'KODIAK 4 X 2 PLATAFORMA ', '0', NULL),
(527, 48, 3, 'KODIAK 4 X 2 CAJA REDILAS', '0', NULL),
(528, 48, 3, 'KODIAK 4 X 2 CAJA SECA', '0', NULL),
(529, 48, 3, 'KODIAK 6 X 2 CAJA MUDANCERA', '0', NULL),
(530, 48, 3, 'KODIAK 6 X 2 GRUA', '0', NULL),
(531, 48, 3, 'KODIAK 6 X 2 VOLTEO', '0', NULL),
(532, 48, 3, 'KODIAK 6 X 2 TANQUE', '0', NULL),
(533, 48, 3, 'C-35, KODIAK 6 X 2 PLATAFORMA', '0', NULL),
(534, 48, 3, 'C-35, KODIAK6 X 2 CAJA REDILAS', '0', NULL),
(535, 48, 3, 'KODIAK 6 X 2 CAJA SECA', '0', NULL),
(536, 48, 3, 'KODIAK 6 X 2 CAJA MUDANCERA', '0', NULL),
(537, 48, 3, 'KODIAK 6 X 2 CAJA REFRIGERADA', '0', NULL),
(538, 48, 3, 'KODIAK 6 X 4 CAJA GANADERA', '0', NULL),
(539, 48, 3, 'KODIAK 6 X 2 TANQUE', '0', NULL),
(540, 48, 3, 'KODIAK 6 X 2 VOLTEO', '0', NULL),
(541, 48, 3, 'KODIAK 6 X 4 VOLTEO ', '0', NULL),
(542, 48, 3, 'GMC PLATAFORMA ', '0', NULL),
(543, 48, 3, 'GMC CAJA REDILAS ', '0', NULL),
(544, 48, 3, 'GMC CAJA SECA', '0', NULL),
(545, 48, 3, 'AUTOBUS URBANO ', '0', NULL),
(546, 48, 11, 'GMC ', '0', NULL),
(547, 48, 6, 'EXPRESS, WAGON SERVICIO PUBLICO', '0', NULL),
(548, 48, 7, 'MICROBUS ', '0', NULL),
(549, 48, 10, 'AUTOBUS URBANO', '0', NULL),
(550, 48, 3, 'AUTOBUS URBANO ', '0', NULL),
(551, 48, 6, 'AVALANCHE', '0', NULL),
(552, 48, 3, 'CUTAWAY', '0', NULL),
(553, 49, 8, '50-110', '0', NULL),
(554, 49, 8, '251-650', '0', NULL),
(555, 49, 8, '111- 250', '0', NULL),
(556, 50, 6, 'PANEL', '0', NULL),
(557, 50, 6, 'PICK-UP', '0', NULL),
(558, 50, 6, 'CAJA SECA', '0', NULL),
(559, 50, 6, 'CAJA SECA ', '0', NULL),
(560, 50, 6, 'CAJA REFRIGERADA', '0', NULL),
(561, 50, 3, 'CAJA SECA ', '0', NULL),
(562, 50, 3, 'CAJA REFRIGERADA', '0', NULL),
(563, 51, 8, '50-110', '0', NULL),
(564, 51, 8, '111-250', '0', NULL),
(565, 51, 8, '251-650', '0', NULL),
(566, 52, 8, '111-250', '0', NULL),
(567, 52, 8, '251-650', '0', NULL),
(568, 52, 8, '651-1000', '0', NULL),
(569, 52, 8, '1001-2000', '0', NULL),
(570, 53, 8, '50-110', '0', NULL),
(571, 53, 8, '111-250', '0', NULL),
(572, 54, 6, 'CAJA SECA ', '0', NULL),
(573, 54, 6, 'CAJA REFRIGERADA ', '0', NULL),
(574, 54, 3, 'CAJA SECA', '0', NULL),
(575, 56, 1, 'ACCORD', '0', NULL),
(576, 56, 1, 'CIVIC', '0', NULL),
(577, 56, 1, 'ODISSEY', '0', NULL),
(578, 56, 1, 'CRV', '0', NULL),
(579, 56, 1, 'PILOT', '0', NULL),
(580, 56, 1, 'FIT', '0', NULL),
(581, 56, 1, 'CITY', '0', NULL),
(582, 56, 1, 'ELEMENT', '0', NULL),
(583, 56, 1, 'CROSSTOUR', '0', NULL),
(584, 56, 1, 'CR-Z', '0', NULL),
(585, 56, 6, 'RID LINE PICK UP', '0', NULL),
(586, 56, 8, '50-110', '0', NULL),
(587, 56, 8, '111-250', '0', NULL),
(588, 56, 8, '251-650', '0', NULL),
(589, 56, 8, '651-1000', '0', NULL),
(590, 56, 8, '1001-2000', '0', NULL),
(591, 57, 8, '50-110', '0', NULL),
(592, 57, 8, '111-250', '0', NULL),
(593, 58, 1, 'H3', '0', NULL),
(594, 58, 1, 'H2', '0', NULL),
(595, 58, 6, 'H2 SUT PICK UP ', '0', NULL),
(596, 59, 8, '50-110', '0', NULL),
(597, 59, 8, '111-250', '0', NULL),
(598, 59, 8, '251-650', '0', NULL),
(599, 59, 8, '651-1000', '0', NULL),
(600, 60, 8, '50-110', '0', NULL),
(601, 60, 8, '111-250', '0', NULL),
(602, 60, 8, '251-650', '0', NULL),
(603, 60, 8, '651-1000', '0', NULL),
(604, 61, 11, 'TRACTOCAMION', '0', NULL),
(605, 62, 3, '4 X 2 PLATAFORMA', '0', NULL),
(606, 62, 3, '4 X 2 CAJA SECA,CHASIS', '0', NULL),
(607, 62, 3, '4 X 2 CAJA REFRIGERADA', '0', NULL),
(608, 62, 3, '4 X 2 CAJA REDILAS,CHASIS', '0', NULL),
(609, 62, 3, '4 X 2 CAJA SECA', '0', NULL),
(610, 62, 3, '4 X 2 CAJA REFRIGERADA', '0', NULL),
(611, 62, 3, '4 X 2 PLATAFORMA', '0', NULL),
(612, 62, 3, '4 X 2 CAJA REDILAS,CHASIS', '0', NULL),
(613, 62, 3, '4 X 2 CAJA SECA', '0', NULL),
(614, 62, 3, '4 X 2 CAJA MUDANCERA', '0', NULL),
(615, 62, 3, '6 X 2 CAJA SECA,CHASIS', '0', NULL),
(616, 62, 3, '6 X 2 CAJA REFRIGERADA', '0', NULL),
(617, 62, 3, '4 X 2 PLATAFORMA', '0', NULL),
(618, 62, 3, '4 X 2 CAJA REDILAS,CHASIS', '0', NULL),
(619, 62, 3, '4 X 2 CAJA SECA', '0', NULL),
(620, 62, 3, '4 X 2 CAJA MUDANCERA', '0', NULL),
(621, 62, 3, '4 X 2 CAJA REFRIGERADA', '0', NULL),
(622, 62, 3, '4 X 2 VOLTEO', '0', NULL),
(623, 62, 3, '4 X 2 TANQUE', '0', NULL),
(624, 62, 3, '6 X 2 PLATAFORMA', '0', NULL),
(625, 62, 3, '6 X 2 CAJA REDILAS,CHASIS', '0', NULL),
(626, 62, 3, '6 X 2 CAJA SECA', '0', NULL),
(627, 62, 3, '6 X 2 CAJA MUDANCERA', '0', NULL),
(628, 62, 3, '6 X 2 CAJA REFRIGERADA', '0', NULL),
(629, 62, 3, '6 X 2 GRUA PERIFERICA (LUZ ELECTRICA)', '0', NULL),
(630, 62, 3, '6 X 2 TOLVA DE INYECCION DE CONCRETO', '0', NULL),
(631, 62, 3, '6 X 2 VOLTEO', '0', NULL),
(632, 62, 3, '6 X 2 TANQUE', '0', NULL),
(633, 62, 3, '4 X 2 PLATAFORMA', '0', NULL),
(634, 62, 3, '4 X 2 CAJA REDILAS,CHASIS', '0', NULL),
(635, 62, 3, '4 X 2 CAJA SECA', '0', NULL),
(636, 62, 3, '4 X 2 CAJA MUDANCERA', '0', NULL),
(637, 62, 3, '4 X 2 CAJA REFRIGERADA', '0', NULL),
(638, 62, 3, '4 X 2 VOLTEO', '0', NULL),
(639, 62, 3, '4 X 2 TANQUE', '0', NULL),
(640, 62, 3, '6 X 2 PLATAFORMA', '0', NULL),
(641, 62, 3, '6 X 2 CAJA REDILAS,CHASIS', '0', NULL),
(642, 62, 3, '6 X 2 CAJA SECA', '0', NULL),
(643, 62, 3, '6 X 2 CAJA MUDANCERA', '0', NULL),
(644, 62, 3, '6 X 2 CAJA REFRIGERADA', '0', NULL),
(645, 62, 3, '6 X 2 TOLVA ', '0', NULL),
(646, 62, 3, '6 X 2 VOLTEO', '0', NULL),
(647, 62, 3, '6 X 2 TANQUE', '0', NULL),
(648, 62, 3, '6 X 2 CONTENEDOR ', '0', NULL),
(649, 62, 3, '6 X 2 GRUA PERIFERICA (LUZ ELECTRICA)', '0', NULL),
(650, 62, 3, '6 X 4 VOLTEO', '0', NULL),
(651, 62, 3, '6 X 4 REVOLVEDORA ', '0', NULL),
(652, 62, 11, 'INTERNATIONAL', '0', NULL),
(653, 62, 10, 'MICROBUS ', '0', NULL),
(654, 62, 10, 'AUTOBUS URBANO ', '0', NULL),
(655, 62, 10, 'AUTOBUS URBANO ', '0', NULL),
(656, 62, 3, '4 X 2 TANQUE GAS LP ', '0', NULL),
(657, 62, 3, '4 X 2 TANQUE GAS LP ', '0', NULL),
(658, 62, 3, '6 X 2 COMPACTADOR DE BASURA ', '0', NULL),
(659, 63, 8, '50-110', '0', NULL),
(660, 63, 8, '111-250', '0', NULL),
(661, 64, 3, '4 X 2 CAJA REDILAS ', '0', NULL),
(662, 64, 3, '4 X 2 CAJA SECA ', '0', NULL),
(663, 64, 3, '4 X 2 CAJA REFRIGERADA ', '0', NULL),
(664, 64, 10, 'MICROBUS', '0', NULL),
(665, 64, 3, '4 X 2 CAJA REDILAS ', '0', NULL),
(666, 64, 3, '4 X 2 CAJA REFRIGERADA ', '0', NULL),
(667, 64, 3, '4 X 2 CAJA SECA ', '0', NULL),
(668, 64, 3, '4 X 2 CAJA REDILAS ', '0', NULL),
(669, 64, 3, '4 X 2 CAJA REFRIGERADA ', '0', NULL),
(670, 64, 3, '4 X 2 CAJA SECA ', '0', NULL),
(671, 64, 3, 'ELF 500', '0', NULL),
(672, 64, 3, 'ELF600', '0', NULL),
(673, 64, 6, 'ELF 200', '0', NULL),
(674, 64, 6, 'ELF 300', '0', NULL),
(675, 64, 6, 'ELF 400', '0', NULL),
(676, 66, 8, '50-110', '0', NULL),
(677, 66, 8, '111-250', '0', NULL),
(678, 66, 8, '251-650', '0', NULL),
(679, 67, 8, '50-110', '0', NULL),
(680, 67, 8, '111-250', '0', NULL),
(681, 67, 8, '251-650', '0', NULL),
(682, 67, 8, '651-1000', '0', NULL),
(683, 68, 1, 'S ', '0', NULL),
(684, 68, 1, 'XF', '0', NULL),
(685, 68, 1, 'X', '0', NULL),
(686, 68, 1, 'XJ', '0', NULL),
(687, 68, 1, 'XK', '0', NULL),
(688, 68, 1, 'F', '0', NULL),
(689, 69, 8, '50-110', '0', NULL),
(690, 69, 8, '251-650', '0', NULL),
(691, 69, 8, '111- 250', '0', NULL),
(692, 70, 8, '50-110', '0', NULL),
(693, 70, 8, '111-250', '0', NULL),
(694, 70, 8, '251-650', '0', NULL),
(695, 71, 8, '50-110', '0', NULL),
(696, 71, 8, '111-250', '0', NULL),
(697, 71, 8, '251-650', '0', NULL),
(698, 71, 8, '651-1000', '0', NULL),
(699, 71, 8, '1000-2000', '0', NULL),
(700, 73, 11, 'KENWORTH', '0', NULL),
(701, 73, 3, '4 X 2 PLATAFORMA', '0', NULL),
(702, 73, 3, '4 X 2 CAJA REDILAS', '0', NULL),
(703, 73, 3, '4 X 2 CAJA SECA', '0', NULL),
(704, 73, 3, '4 X 2 CAJA MUDANCERA', '0', NULL),
(705, 73, 3, '4 X 2 CAJA REFRIGERADA', '0', NULL),
(706, 73, 3, '4 X 2 VOLTEO', '0', NULL),
(707, 73, 3, '4 X 2 TANQUE', '0', NULL),
(708, 73, 3, '4 X 2 PLATAFORMA', '0', NULL),
(709, 73, 3, '4 X 2 CAJA REDILAS', '0', NULL),
(710, 73, 3, '4 X 2 CAJA SECA', '0', NULL),
(711, 73, 3, '4 X 2 CAJA MUDANCERA', '0', NULL),
(712, 73, 3, '4 X 2 CAJA REFRIGERADA', '0', NULL),
(713, 73, 3, '4 X 2 VOLTEO', '0', NULL),
(714, 73, 3, '4 X 2 TANQUE', '0', NULL),
(715, 73, 3, '6 X 2 PLATAFORMA ', '0', NULL),
(716, 73, 3, '6 X 2 CAJA REDILAS', '0', NULL),
(717, 73, 3, '6 X 2 CAJA SECA', '0', NULL),
(718, 73, 3, '6 X 2 CAJA MUDANCERA', '0', NULL),
(719, 73, 3, '6 X 2 CAJA REFRIGERADA', '0', NULL),
(720, 73, 3, '6 X 2 GRUA ', '0', NULL),
(721, 73, 3, '6 X 2 GRUA PERIFERICA ', '0', NULL),
(722, 73, 3, '6 X 2 TOLVA ', '0', NULL),
(723, 73, 3, '6 X 2 VOLTEO', '0', NULL),
(724, 73, 3, '6 X 2 TANQUE', '0', NULL),
(725, 73, 3, '4 X 2 PLATAFORMA', '0', NULL),
(726, 73, 3, '4 X 2 CAJA REDILAS', '0', NULL),
(727, 73, 3, '4 X 2 CAJA SECA', '0', NULL),
(728, 73, 3, '4 X 2 CAJA MUDANCERA', '0', NULL),
(729, 73, 3, '4 X 2 CAJA REFRIGERADA', '0', NULL),
(730, 73, 3, '4 X 2 VOLTEO', '0', NULL),
(731, 73, 3, '4 X 2 TANQUE', '0', NULL),
(732, 73, 3, '6 X 2 PLATAFORMA', '0', NULL),
(733, 73, 3, '6 X 2 CAJA REDILAS', '0', NULL),
(734, 73, 3, '6 X 2 CAJA SECA', '0', NULL),
(735, 73, 3, '6 X 2 CAJA MUDANCERA', '0', NULL),
(736, 73, 3, '6 X 2 CAJA REFRIGERADA', '0', NULL),
(737, 73, 3, '6 X 2 GRUA PERIFERICA ', '0', NULL),
(738, 73, 3, '6 X 2 TOLVA ', '0', NULL),
(739, 73, 3, '6 X 2 VOLTEO', '0', NULL),
(740, 73, 3, '6 X 2 TANQUE', '0', NULL),
(741, 73, 3, '6 X 4 VACTOR DESASOLVE ', '0', NULL),
(742, 73, 3, '6 X 4 VOLTEO', '0', NULL),
(743, 73, 3, '6 X 4 OLLA REVOLVEDORA', '0', NULL),
(744, 74, 8, '50-110', '0', NULL),
(745, 74, 8, '111-250', '0', NULL),
(746, 74, 8, '251-650', '0', NULL),
(747, 75, 8, '50-110', '0', NULL),
(748, 75, 8, '251-650', '0', NULL),
(749, 75, 8, '111- 250', '0', NULL),
(750, 76, 8, '50-110', '0', NULL),
(751, 76, 8, '111- 250', '0', NULL),
(752, 76, 8, '251-650', '0', NULL),
(753, 77, 8, '50-110', '0', NULL),
(754, 77, 8, '111-250', '0', NULL),
(755, 77, 8, '251-650', '0', NULL),
(756, 78, 1, 'GALLARDO', '0', NULL),
(757, 78, 1, 'MURCIELAGO', '0', NULL),
(758, 78, 1, 'JOTA', '0', NULL),
(759, 78, 1, 'AVENTADOR', '0', NULL),
(760, 79, 1, 'DISCOVERY', '0', NULL),
(761, 79, 1, 'FREELANDER', '0', NULL),
(762, 79, 1, 'LR', '0', NULL),
(763, 79, 1, 'RANGE ROVER', '0', NULL),
(764, 79, 1, 'DEFENDER', '0', NULL),
(765, 79, 1, 'EVOQUE', '0', NULL),
(766, 80, 6, 'COMERCIALES', '0', NULL),
(767, 80, 3, 'CAMION', '0', NULL),
(768, 80, 1, 'AUTOMOVILES', '0', NULL),
(769, 80, 3, 'CAMION', '0', NULL),
(770, 80, 11, 'TRACTOCAMION', '0', NULL),
(771, 80, 3, 'CAMION', '0', NULL),
(772, 80, 3, 'CAMION', '0', NULL),
(773, 80, 3, 'CAMION', '0', NULL),
(774, 81, 8, '50-110', '0', NULL),
(775, 82, 1, 'LEXUS', '0', NULL),
(776, 83, 8, '50-110', '0', NULL),
(777, 83, 8, '251-650', '0', NULL),
(778, 83, 8, '111- 250', '0', NULL),
(779, 84, 1, 'MARK VIIII', '0', NULL),
(780, 84, 1, 'NAVIGATOR', '0', NULL),
(781, 84, 1, 'AVIATOR', '0', NULL),
(782, 84, 1, 'CONTINENTAL', '0', NULL),
(783, 84, 1, 'LS', '0', NULL),
(784, 84, 1, 'ZEPHYR', '0', NULL),
(785, 84, 1, 'MKZ', '0', NULL),
(786, 84, 1, 'MKX', '0', NULL),
(787, 84, 1, 'MKS', '0', NULL),
(788, 84, 6, 'MARK LT PICK UP', '0', NULL),
(789, 84, 6, 'BLACKWOOD PICK UP', '0', NULL),
(790, 85, 1, 'LOTUS', '0', NULL),
(791, 86, 8, '50-110', '0', NULL),
(792, 86, 8, '111-250', '0', NULL),
(793, 86, 8, '251-650', '0', NULL),
(794, 87, 3, '6 X 2 TOLVA ', '0', NULL),
(795, 87, 3, '6 X 2 VOLTEO', '0', NULL),
(796, 87, 3, '6 X 2 TANQUE', '0', NULL),
(797, 87, 3, '6 X 4 VACTOR ', '0', NULL),
(798, 87, 3, '6 X 4 VOLTEO', '0', NULL),
(799, 87, 3, '6 X 4 REVOLVEDORA ', '0', NULL),
(800, 87, 11, 'MACK', '0', NULL),
(801, 88, 10, 'AUTOBUSES FORANEOS', '0', NULL),
(802, 88, 11, 'CABINA XL 6 X 4', '0', NULL),
(803, 89, 8, '50-110', '0', NULL),
(804, 89, 8, '251-650', '0', NULL),
(805, 89, 8, '111- 250', '0', NULL),
(806, 90, 10, 'AUTOBUS ARTICULADO URBANO', '0', NULL),
(807, 90, 10, 'TROLEBUS', '0', NULL),
(808, 90, 10, 'AUTOBUSES URBANOS', '0', NULL),
(809, 90, 10, 'AUTOBUSES FORANEOS', '0', NULL),
(810, 91, 1, 'GRAN TURISMO ', '0', NULL),
(811, 91, 1, 'QUATTROPORTE', '0', NULL),
(812, 91, 1, 'GT', '0', NULL),
(813, 91, 1, 'COUPE', '0', NULL),
(814, 91, 1, 'GRAN CABRIO', '0', NULL),
(815, 91, 1, 'SPYDER', '0', NULL),
(816, 92, 1, 'MXT', '0', NULL),
(817, 93, 1, '3', '0', NULL),
(818, 93, 1, '6', '0', NULL),
(819, 93, 1, '5', '0', NULL),
(820, 93, 1, 'CX7', '0', NULL),
(821, 93, 1, 'CX9', '0', NULL),
(822, 93, 1, 'MX5', '0', NULL),
(823, 93, 1, '2', '0', NULL),
(824, 93, 1, 'CX-5', '0', NULL),
(825, 93, 6, 'PICK UP', '0', NULL),
(826, 94, 1, 'CLASE A ', '0', NULL),
(827, 94, 1, 'CLASE B', '0', NULL),
(828, 94, 1, 'CLASE C', '0', NULL),
(829, 94, 1, 'CLASE CL ', '0', NULL),
(830, 94, 1, 'CLASE CLS', '0', NULL),
(831, 94, 1, 'CLASE E', '0', NULL),
(832, 94, 1, 'CLASE S', '0', NULL),
(833, 94, 1, 'CLASE G', '0', NULL),
(834, 94, 1, 'CLASE ML ', '0', NULL),
(835, 94, 1, 'SPRINTER PASAJEROS', '0', NULL),
(836, 94, 1, 'MAYBACH', '0', NULL),
(837, 94, 1, 'SMART', '0', NULL),
(838, 94, 1, 'CLASE SLS', '0', NULL),
(839, 94, 1, 'CLASE CLK', '0', NULL),
(840, 94, 1, 'CLASE GL', '0', NULL),
(841, 94, 1, 'CLASE GLK', '0', NULL),
(842, 94, 1, 'CLASE SL', '0', NULL),
(843, 94, 1, 'CLASE SLK', '0', NULL),
(844, 94, 1, 'CLASE R', '0', NULL),
(845, 94, 1, 'VITO', '0', NULL),
(846, 94, 1, 'VIANO', '0', NULL),
(847, 94, 1, 'CLASE SLR', '0', NULL),
(848, 94, 1, 'CLASE CLA', '0', NULL),
(849, 94, 6, 'SPRINTER CARGO VAN (316, 315)', '0', NULL),
(850, 94, 6, 'SPRINTER CARGO VAN (416,415)', '0', NULL),
(851, 94, 6, 'SPRINTER CAJA SECA (316,315)', '0', NULL),
(852, 94, 6, 'SPRINTER CAJA SECA (416,415)', '0', NULL),
(853, 94, 6, 'SPRINTER PLATAFORMA', '0', NULL),
(854, 94, 11, 'MERCEDES BENZ', '0', NULL),
(855, 94, 10, 'SPRINTER SERVICIO PUBLICO', '0', NULL),
(856, 94, 10, 'AUTOBUS URBANO ', '0', NULL),
(857, 94, 10, 'AUTOBUS URBANO ', '0', NULL),
(858, 94, 10, 'AUTOBUS URBANO', '0', NULL),
(859, 94, 10, 'AUTOBUSES FORANEO', '0', NULL),
(860, 94, 6, 'VITO CARGO VAN', '0', NULL),
(861, 95, 3, '4 X 2 PLATAFORMA', '0', NULL),
(862, 95, 3, '4 X 2 CAJA REDILAS ', '0', NULL),
(863, 95, 3, '4 X 2 CAJA SECA ', '0', NULL),
(864, 95, 3, '4 X 2 CAJA MUDANCERA ', '0', NULL),
(865, 95, 3, '4 X 2 VOLTEO ', '0', NULL),
(866, 95, 3, '6 X 2 PLATAFORMA', '0', NULL),
(867, 95, 3, '6 X 2 CAJA SECA ', '0', NULL),
(868, 95, 3, '6 X 2 CAJA REFRIGERADA', '0', NULL),
(869, 95, 3, '4 X 2 TANQUE ', '0', NULL),
(870, 95, 3, '4 X 2 PLATAFORMA', '0', NULL),
(871, 95, 3, '4 X 2 CAJA REDILAS', '0', NULL),
(872, 95, 3, '4 X 2 CAJA SECA', '0', NULL),
(873, 95, 3, '4 X 2 CAJA MUDANCERA', '0', NULL),
(874, 95, 3, '4 X 2 CAJA REFRIGERADA', '0', NULL),
(875, 95, 3, '4 X 2 TOLVA', '0', NULL),
(876, 95, 3, '4 X 2 GRUA', '0', NULL),
(877, 95, 3, '4 X 2 VOLTEO', '0', NULL),
(878, 95, 3, '4 X 2 TANQUE', '0', NULL),
(879, 95, 3, '6 X 2 CAJA REDILAS', '0', NULL),
(880, 95, 3, '6 X 2 CAJA SECA', '0', NULL),
(881, 95, 3, '6 X 2 CAJA MUDANCERA', '0', NULL),
(882, 95, 3, '6 X 2 CAJA REFRIGERADA', '0', NULL),
(883, 95, 3, '6 X 2 GRUA PERIFERICA ', '0', NULL),
(884, 95, 3, '6 X 2 TOLVA ', '0', NULL),
(885, 95, 3, '6 X 2 VOLTEO', '0', NULL),
(886, 95, 3, '6 X 2 TANQUE', '0', NULL),
(887, 95, 3, '4 X 2 PLATAFORMA', '0', NULL),
(888, 95, 3, '4 X 2 CAJA REDILAS', '0', NULL),
(889, 95, 3, '4 X 2 CAJA SECA', '0', NULL),
(890, 95, 3, '4 X 2 CAJA MUDANCERA', '0', NULL),
(891, 95, 3, '4 X 2 CAJA REFRIGERADA', '0', NULL),
(892, 95, 3, '4 X 2 VOLTEO', '0', NULL),
(893, 95, 3, '4 X 2 TANQUE', '0', NULL),
(894, 95, 3, '6 X 2 PLATAFORMA', '0', NULL),
(895, 95, 3, '6 X 2 CAJA REDILAS', '0', NULL),
(896, 95, 3, '6 X 2 CAJA SECA', '0', NULL),
(897, 95, 3, '6 X 2 CAJA MUDANCERA', '0', NULL),
(898, 95, 3, '6 X 2 CAJA REFRIGERADA', '0', NULL),
(899, 95, 3, '6 X 2 GRUA ', '0', NULL),
(900, 95, 3, '6 X 2 GRUA PERIFERICA ', '0', NULL),
(901, 95, 3, '6 X 2 TOLVA ', '0', NULL),
(902, 95, 3, '6 X 2 VOLTEO', '0', NULL),
(903, 95, 3, '6 X 2 TANQUE', '0', NULL),
(904, 95, 3, '6 X 4 VACTOR DESAZOLVE', '0', NULL),
(905, 95, 3, '6 X 4 VOLTEO', '0', NULL),
(906, 95, 3, '6 X 4 REVOLVEDORA ', '0', NULL),
(907, 95, 3, '6 X 4 TOLVA ', '0', NULL),
(908, 96, 1, 'SABLE', '0', NULL),
(909, 96, 1, 'MYSTIQUE', '0', NULL),
(910, 96, 1, 'MARINER', '0', NULL),
(911, 96, 1, 'MONTEGO', '0', NULL),
(912, 96, 1, 'MILAN', '0', NULL),
(913, 96, 1, 'GRAND MARQUIS MOD. 2000 AL 2004', '0', NULL),
(914, 96, 1, 'MOUNTAINEER', '0', NULL),
(915, 97, 1, 'ECLIPSE', '0', NULL),
(916, 97, 1, 'GALANT', '0', NULL),
(917, 97, 1, 'LANCER', '0', NULL),
(918, 97, 1, 'MONTERO', '0', NULL),
(919, 97, 1, 'OUTLANDER', '0', NULL),
(920, 97, 1, 'SPACESTAR', '0', NULL),
(921, 97, 1, 'ENDEAVOR', '0', NULL),
(922, 97, 1, 'GRANDIS', '0', NULL),
(923, 97, 1, 'ASX', '0', NULL),
(924, 97, 6, 'L200 PICK UP DOBLE CABINA', '0', NULL),
(925, 98, 11, 'MONTERREY', '0', NULL),
(926, 98, 3, '4 X 2 CAJA REDILAS', '0', NULL),
(927, 99, 8, '111-250', '0', NULL),
(928, 99, 8, '251-650', '0', NULL),
(929, 99, 8, '651-1000', '0', NULL),
(930, 99, 8, '1001-2000', '0', NULL),
(931, 100, 8, '50-110', '0', NULL),
(932, 100, 8, '111-250', '0', NULL),
(933, 100, 8, '251-650', '0', NULL),
(934, 100, 8, '651-1000', '0', NULL),
(935, 101, 8, '50-110', '0', NULL),
(936, 101, 8, '111-250', '0', NULL),
(937, 102, 3, 'CAMION', '0', NULL),
(938, 103, 8, '50-110', '0', NULL),
(939, 103, 8, '111-250', '0', NULL),
(940, 103, 8, '251-650', '0', NULL),
(941, 104, 8, '651-1000', '0', NULL),
(942, 104, 8, '1001-2000', '0', NULL),
(943, 104, 8, '251-651', '0', NULL),
(944, 105, 1, 'DATSUN', '0', NULL),
(945, 105, 1, 'TSURU', '0', NULL),
(946, 105, 1, 'SAMURAI, SAKURA', '0', NULL),
(947, 105, 1, 'ICHI VAN PASAJEROS', '0', NULL),
(948, 105, 1, 'HIKARI', '0', NULL),
(949, 105, 1, 'MAXIMA', '0', NULL),
(950, 105, 1, '300ZX', '0', NULL),
(951, 105, 1, '240SX', '0', NULL),
(952, 105, 1, 'INFINITI', '0', NULL),
(953, 105, 1, 'TSUBAME', '0', NULL),
(954, 105, 1, 'SENTRA', '0', NULL),
(955, 105, 1, 'LUCINO', '0', NULL),
(956, 105, 1, 'ALTIMA', '0', NULL),
(957, 105, 1, 'PATHFINDER', '0', NULL),
(958, 105, 1, 'QUEST', '0', NULL),
(959, 105, 1, 'URVAN PASAJEROS', '0', NULL),
(960, 105, 1, 'XTERRA', '0', NULL),
(961, 105, 1, 'ALMERA', '0', NULL),
(962, 105, 1, 'XTRAIL', '0', NULL),
(963, 105, 1, 'PLATINA', '0', NULL),
(964, 105, 1, '350Z ', '0', NULL),
(965, 105, 1, 'MURANO', '0', NULL),
(966, 105, 1, 'MICRA', '0', NULL),
(967, 105, 1, 'ARMADA ', '0', NULL),
(968, 105, 1, 'APRIO', '0', NULL),
(969, 105, 1, 'TIIDA', '0', NULL),
(970, 105, 1, 'ROGUE', '0', NULL),
(971, 105, 1, '370Z', '0', NULL),
(972, 105, 1, 'MARCH', '0', NULL),
(973, 105, 1, 'VERSA', '0', NULL),
(974, 105, 1, 'JUKE', '0', NULL),
(975, 105, 1, 'LEAF', '0', NULL),
(976, 105, 1, 'GT-R', '0', NULL),
(977, 105, 1, 'NOTE', '0', NULL),
(978, 105, 6, 'PICK-UP CORTO,LARGO,DOBLE,KING ', '0', NULL),
(979, 105, 6, 'FRONTIER PICK UP', '0', NULL),
(980, 105, 6, 'TITAN PICK UP', '0', NULL),
(981, 105, 6, 'ESTACAS CORTO,LARGO, CHASIS,', '0', NULL),
(982, 105, 6, 'ICHI-VAN PANEL, URVAN PANEL', '0', NULL),
(983, 105, 6, 'CABSTAR CAJA SECA ESTANDAR', '0', NULL),
(984, 105, 6, 'CABSTAR CAJA SECA EXTENDIDO', '0', NULL),
(985, 105, 6, 'CABSTAR CAJA REFRIGERADA', '0', NULL),
(986, 105, 6, 'ICHI-VAN Y URVAN, SERVICIO PUBLICO', '0', NULL),
(987, 105, 6, 'ICHI VAN CARGA', '0', NULL),
(988, 106, 10, 'AUTOBUS URBANO ', '0', NULL),
(989, 107, 8, 'MOTOCICLETAS', '0', NULL),
(990, 107, 1, 'OTROS', '0', NULL),
(991, 108, 11, 'PEÑA', '0', NULL),
(992, 109, 11, 'TRACTOCAMION', '0', NULL),
(993, 110, 1, '306', '0', NULL),
(994, 110, 1, '405', '0', NULL),
(995, 110, 1, '206', '0', NULL),
(996, 110, 1, '307', '0', NULL),
(997, 110, 1, '406', '0', NULL),
(998, 110, 1, '607', '0', NULL),
(999, 110, 1, '407', '0', NULL),
(1000, 110, 1, 'GRAND RAID', '0', NULL),
(1001, 110, 1, '207', '0', NULL),
(1002, 110, 1, '308', '0', NULL),
(1003, 110, 1, '3008', '0', NULL),
(1004, 110, 1, 'EXPERT TEPEE PASAJEROS', '0', NULL),
(1005, 110, 1, 'RCZ', '0', NULL),
(1006, 110, 1, 'MANAGER PASAJEROS', '0', NULL),
(1007, 110, 1, '508', '0', NULL),
(1008, 110, 1, '301', '0', NULL),
(1009, 110, 1, 'PARTNER TEPEE', '0', NULL),
(1010, 110, 1, '208', '0', NULL),
(1011, 110, 6, 'PARTNER FURGON', '0', NULL),
(1012, 110, 6, 'PARTNER FURGON P/LATERAL', '0', NULL),
(1013, 110, 6, 'PARTNER PACK FURGON', '0', NULL),
(1014, 110, 6, 'MANAGER CARGO VAN', '0', NULL),
(1015, 110, 6, 'MANAGER CHASIS', '0', NULL),
(1016, 110, 6, 'EXPERT', '0', NULL),
(1017, 110, 6, 'EXPERT TEPEE CARGO', '0', NULL),
(1018, 110, 8, '50-110', '0', NULL),
(1019, 110, 8, '111-250', '0', NULL),
(1020, 110, 8, '251-650', '0', NULL),
(1021, 111, 6, 'PICK-UP', '0', NULL),
(1022, 111, 6, 'ESTACAS', '0', NULL),
(1023, 111, 6, 'CARGO VAN', '0', NULL),
(1024, 111, 6, 'PORTER FURGON', '0', NULL),
(1025, 111, 8, '50-110', '0', NULL),
(1026, 111, 8, '111-250', '0', NULL),
(1027, 111, 8, '251-650', '0', NULL),
(1028, 112, 8, '50-110', '0', NULL),
(1029, 112, 8, '251-650', '0', NULL),
(1030, 112, 8, '111- 250', '0', NULL),
(1031, 113, 8, '50-110', '0', NULL),
(1032, 113, 8, '111-250', '0', NULL),
(1033, 113, 8, '251-650', '0', NULL),
(1034, 113, 8, '651-1000', '0', NULL),
(1035, 113, 8, '1001-2000', '0', NULL),
(1036, 114, 1, '911', '0', NULL),
(1037, 114, 1, 'CAYENNE', '0', NULL),
(1038, 114, 1, 'BOXSTER', '0', NULL),
(1039, 114, 1, 'CAYMAN', '0', NULL),
(1040, 114, 1, 'PANAMERA', '0', NULL),
(1041, 115, 8, '50-110', '0', NULL),
(1042, 115, 8, '111-250', '0', NULL),
(1043, 115, 8, '251-650', '0', NULL),
(1044, 116, 11, 'RAMIREZ', '0', NULL),
(1045, 116, 3, '6 X 2 CAJA REDILAS', '0', NULL),
(1046, 117, 1, 'RENAULT MODELO 86 Y ANTERIORES', '0', NULL),
(1047, 117, 1, 'SCENIC', '0', NULL),
(1048, 117, 1, 'MEGANE', '0', NULL),
(1049, 117, 1, 'CLIO', '0', NULL),
(1050, 117, 1, 'LAGUNA', '0', NULL),
(1051, 117, 1, 'TRAFIC PASAJEROS', '0', NULL),
(1052, 117, 1, 'KOLEOS', '0', NULL),
(1053, 117, 1, 'SAFRANE', '0', NULL),
(1054, 117, 1, 'FLUENCE', '0', NULL),
(1055, 117, 1, 'SANDERO', '0', NULL),
(1056, 117, 1, 'STEPWAY', '0', NULL),
(1057, 117, 1, 'SCALA', '0', NULL),
(1058, 117, 1, 'KANGOO PASAJEROS', '0', NULL),
(1059, 117, 1, 'DUSTER', '0', NULL),
(1060, 117, 6, 'KANGOO VAN', '0', NULL),
(1061, 117, 6, 'TRAFFIC PANEL', '0', NULL),
(1062, 117, 6, 'KANGOO CARGA', '0', NULL),
(1063, 117, 6, 'TRAFIC CARGA', '0', NULL),
(1064, 118, 1, 'SILVER', '0', NULL),
(1065, 118, 1, 'GHOST', '0', NULL),
(1066, 119, 1, '75', '0', NULL),
(1067, 119, 1, 'MG', '0', NULL),
(1068, 120, 1, '9-3', '0', NULL),
(1069, 120, 1, '9-5', '0', NULL),
(1070, 121, 8, '50-110', '0', NULL),
(1071, 121, 8, '111-250', '0', NULL),
(1072, 122, 8, '50-110', '0', NULL),
(1073, 122, 8, '251-650', '0', NULL),
(1074, 122, 8, '111- 250', '0', NULL),
(1075, 123, 8, '50-110', '0', NULL),
(1076, 123, 8, '111-250', '0', NULL),
(1077, 123, 8, '251-650', '0', NULL),
(1078, 124, 3, '6 X 4 VACTOR ', '0', NULL),
(1079, 124, 3, '6 X 4 VOLTEO', '0', NULL),
(1080, 124, 3, '6 X 4 REVOLVEDORA ', '0', NULL),
(1081, 124, 3, '8 X 4 VOLTEO', '0', NULL),
(1082, 124, 3, '8 X 4 REVOLVEDORA', '0', NULL),
(1083, 124, 11, 'SCANIA', '0', NULL),
(1084, 124, 10, 'AUTOBUS URBANO ', '0', NULL),
(1085, 124, 10, 'AUTOBUS FORANEO', '0', NULL),
(1086, 125, 8, '651-1000', '0', NULL),
(1087, 125, 8, '1000-2000', '0', NULL),
(1088, 126, 1, 'IBIZA', '0', NULL),
(1089, 126, 1, 'CORDOBA', '0', NULL),
(1090, 126, 1, 'LEON', '0', NULL),
(1091, 126, 1, 'TOLEDO', '0', NULL),
(1092, 126, 1, 'ALHAMBRA', '0', NULL),
(1093, 126, 1, 'ALTEA', '0', NULL),
(1094, 126, 1, 'FREETRACK', '0', NULL),
(1095, 126, 1, 'CUPRA R TURBO', '0', NULL),
(1096, 126, 1, 'EXEO', '0', NULL),
(1097, 127, 11, 'CAJA REDILAS ', '0', NULL),
(1098, 127, 11, 'CAJA REDILAS RETRACTIL', '0', NULL),
(1099, 127, 11, 'CAJA SECA', '0', NULL),
(1100, 127, 11, 'CAJA REFRIGERADA', '0', NULL),
(1101, 127, 11, 'CAJA ENCORTINADA', '0', NULL),
(1102, 127, 11, 'CAJA REFREQUERA', '0', NULL),
(1103, 127, 11, 'CAJA GANADERA', '0', NULL),
(1104, 127, 11, 'PLATAFORMA ALTA', '0', NULL),
(1105, 127, 11, 'PLATAFORMA BAJA', '0', NULL),
(1106, 127, 11, 'PLATAFORMA SEMI BAJA ', '0', NULL),
(1107, 127, 11, 'PLATAFORMA LOW BOY C/GANSO', '0', NULL),
(1108, 127, 11, 'TANQUE ', '0', NULL),
(1109, 127, 11, 'JAULA GANADERA ', '0', NULL),
(1110, 127, 11, 'JAULA GANADERA RETRACTIL', '0', NULL),
(1111, 127, 11, 'DOLLY ', '0', NULL),
(1112, 127, 11, 'PORTACONTENEDOR', '0', NULL),
(1113, 127, 11, 'TOLVA CEMENTERA ', '0', NULL),
(1114, 127, 11, 'TOLVA (ALIMENTOS, QUIMICOS)', '0', NULL),
(1115, 127, 11, 'MANDRINA TRANSPORTADORA DE VEHICULOS', '0', NULL),
(1116, 127, 11, 'VOLTEO', '0', NULL),
(1117, 127, 11, 'OTRO TIPO DE SEMIRREMOLQUE', '0', NULL),
(1118, 127, 11, 'REMOLQUES', '0', NULL),
(1119, 127, 11, 'LEGALIZADO', '0', NULL),
(1120, 128, 8, '50-110', '0', NULL),
(1121, 128, 8, '251-650', '0', NULL),
(1122, 128, 8, '111- 250', '0', NULL),
(1123, 128, 8, '651-1000', '0', NULL),
(1124, 129, 6, 'S1000', '0', NULL),
(1125, 129, 6, 'S2000', '0', NULL),
(1126, 129, 6, 'S3000', '0', NULL),
(1127, 130, 3, 'CHASIS', '0', NULL),
(1128, 131, 1, 'REXTON', '0', NULL),
(1129, 132, 3, '4 X 2 PLATAFORMA', '0', NULL),
(1130, 132, 3, '4 X 2 CAJA REDILAS', '0', NULL),
(1131, 132, 3, '4 X 2 CAJA SECA ', '0', NULL),
(1132, 132, 3, '4 X 2 CAJA REFRIGERADA', '0', NULL),
(1133, 132, 3, '4 X 2 CAJA PLATAFORMA ', '0', NULL),
(1134, 132, 3, '4 X 2 CAJA REDILAS', '0', NULL),
(1135, 132, 3, '4 X 2 CAJA SECA ', '0', NULL),
(1136, 132, 3, '4 X 2 CAJA REFRIGERADA', '0', NULL),
(1137, 132, 3, '4 X 2 VOLTEO', '0', NULL),
(1138, 132, 3, '4 X 2 TANQUE ', '0', NULL),
(1139, 132, 3, '4 X 2 PLATAFORMA ', '0', NULL),
(1140, 132, 3, '4 X 2 CAJA REDILAS', '0', NULL),
(1141, 132, 3, '4 X 2 CAJA SECA', '0', NULL),
(1142, 132, 3, '4 X 2 CAJA MUDANCERA', '0', NULL),
(1143, 132, 3, '4 X 2 CAJA REFRIGERADA', '0', NULL),
(1144, 132, 3, '4 X 2 VOLTEO', '0', NULL),
(1145, 132, 3, '4 X 2 TANQUE', '0', NULL),
(1146, 132, 3, '6 X 2 PLATAFORMA', '0', NULL),
(1147, 132, 3, '6 X 2 CAJA REDILAS', '0', NULL),
(1148, 132, 3, '6 X 2 CAJA SECA', '0', NULL),
(1149, 132, 3, '6 X 2 CAJA MUDANCERA', '0', NULL),
(1150, 132, 3, '6 X 2 CAJA REFRIGERADA', '0', NULL),
(1151, 132, 3, '6 X 2 GRUA PERIFERICA ', '0', NULL),
(1152, 132, 3, '6 X 2 TOLVA ', '0', NULL),
(1153, 132, 3, '6 X 2 VOLTEO', '0', NULL),
(1154, 132, 3, '6 X 2 TANQUE', '0', NULL),
(1155, 132, 3, '4 X 2 PLATAFORMA', '0', NULL),
(1156, 132, 3, '4 X 2 CAJA REDILAS', '0', NULL),
(1157, 132, 3, '4 X 2 CAJA SECA', '0', NULL),
(1158, 132, 3, '4 X 2 CAJA MUDANCERA', '0', NULL),
(1159, 132, 3, '4 X 2 CAJA REFRIGERADA', '0', NULL),
(1160, 132, 3, '4 X 2 GRUA PERIFERICA ', '0', NULL),
(1161, 132, 3, '4 X 2 TOLVA ', '0', NULL),
(1162, 132, 3, '4 X 2 VOLTEO', '0', NULL),
(1163, 132, 3, '4 X 2 TANQUE', '0', NULL),
(1164, 132, 3, '6 X 2 CAJA REDILAS', '0', NULL),
(1165, 132, 3, '6 X 2 CAJA SECA', '0', NULL),
(1166, 132, 3, '6 X 2 CAJA MUDANCERA', '0', NULL),
(1167, 132, 3, '6 X 2 CAJA REFRIGERADA', '0', NULL),
(1168, 132, 3, '6 X 2 GRUA PERIFERICA ', '0', NULL),
(1169, 132, 3, '6 X 2 TOLVA ', '0', NULL),
(1170, 132, 3, '6 X 2 VOLTEO', '0', NULL),
(1171, 132, 3, '6 X 2 TANQUE', '0', NULL),
(1172, 132, 3, '6 X 4 VOLTEO', '0', NULL),
(1173, 132, 3, '6 X 4 REVOLVEDORA ', '0', NULL),
(1174, 132, 11, 'STERLING', '0', NULL),
(1175, 132, 10, 'AUTOBUS URBANO CHATO', '0', NULL),
(1176, 133, 1, 'LEGACY', '0', NULL),
(1177, 133, 1, 'OUTBACK', '0', NULL),
(1178, 133, 1, 'B9 TRIBECA', '0', NULL),
(1179, 133, 1, 'FORESTER', '0', NULL),
(1180, 133, 1, 'IMPREZA', '0', NULL),
(1181, 133, 1, 'XV', '0', NULL),
(1182, 134, 8, '50-110', '0', NULL),
(1183, 134, 8, '251-650', '0', NULL),
(1184, 134, 8, '111- 250', '0', NULL),
(1185, 135, 8, '50-110', '0', NULL),
(1186, 135, 8, '251-650', '0', NULL),
(1187, 135, 8, '111- 250', '0', NULL),
(1188, 135, 8, '651-1000', '0', NULL),
(1189, 136, 1, 'AERIO', '0', NULL),
(1190, 136, 1, 'GRAND VITARA', '0', NULL),
(1191, 136, 1, 'SWIFT', '0', NULL),
(1192, 136, 1, 'XL7', '0', NULL),
(1193, 136, 1, 'SX4', '0', NULL),
(1194, 136, 1, 'KIZASHI', '0', NULL),
(1195, 136, 8, '50-110', '0', NULL),
(1196, 136, 8, '111-250', '0', NULL),
(1197, 136, 8, '251-650', '0', NULL),
(1198, 136, 8, '651-1000', '0', NULL),
(1199, 136, 8, '1000-2000', '0', NULL),
(1200, 137, 3, '6 X 2 CAJA REDILAS', '0', NULL),
(1201, 137, 3, '6 X 2 CAJA GANADERA', '0', NULL),
(1202, 137, 3, '6 X 2 CAJA SECA', '0', NULL),
(1203, 137, 3, '6 X 2 VOLTEO ', '0', NULL),
(1204, 138, 8, '50-110', '0', NULL),
(1205, 138, 8, '111-250', '0', NULL),
(1206, 138, 8, '251-650', '0', NULL),
(1207, 138, 8, '651-1000', '0', NULL),
(1208, 139, 1, 'NANO', '0', NULL),
(1209, 139, 1, 'MANZA', '0', NULL),
(1210, 139, 1, 'VISTA', '0', NULL),
(1211, 139, 1, 'INDICA', '0', NULL),
(1212, 139, 1, 'INDIGO', '0', NULL),
(1213, 139, 1, 'SAFARI', '0', NULL),
(1214, 139, 1, 'SUMO', '0', NULL),
(1215, 140, 8, '50-110', '0', NULL),
(1216, 140, 8, '111-250', '0', NULL),
(1217, 140, 8, '251-650', '0', NULL),
(1218, 140, 8, '651-1000', '0', NULL),
(1219, 141, 8, '50-110', '0', NULL),
(1220, 141, 8, '251-650', '0', NULL),
(1221, 141, 8, '111- 250', '0', NULL),
(1222, 142, 1, 'CAMRY', '0', NULL),
(1223, 142, 1, 'COROLLA', '0', NULL),
(1224, 142, 1, 'MATRIX', '0', NULL),
(1225, 142, 1, '4 RUNNER', '0', NULL),
(1226, 142, 1, 'LAND CRUISER', '0', NULL),
(1227, 142, 1, 'RAV4', '0', NULL),
(1228, 142, 1, 'SIENNA', '0', NULL),
(1229, 142, 1, 'YARIS', '0', NULL),
(1230, 142, 1, 'MR2', '0', NULL),
(1231, 142, 1, 'HIACE', '0', NULL),
(1232, 142, 1, 'SOLARA', '0', NULL),
(1233, 142, 1, 'FJ CRUISER', '0', NULL),
(1234, 142, 1, 'AVANZA', '0', NULL),
(1235, 142, 1, 'HIGHLANDER', '0', NULL),
(1236, 142, 1, 'SEQUOIA', '0', NULL),
(1237, 142, 1, 'RUSH', '0', NULL),
(1238, 142, 1, 'PRIUS', '0', NULL),
(1239, 142, 1, 'AVENSIS', '0', NULL),
(1240, 142, 6, 'TACOMA PICK UP', '0', NULL),
(1241, 142, 6, 'HILUX PICK UP', '0', NULL),
(1242, 142, 6, 'TUNDRA PICK UP', '0', NULL),
(1243, 142, 6, 'HIACE PANEL', '0', NULL),
(1244, 142, 10, 'HIACE SERVICIO PUBLICO', '0', NULL),
(1245, 143, 8, '251-650', '0', NULL),
(1246, 143, 8, '651-1000', '0', NULL),
(1247, 143, 8, '1001-2000', '0', NULL),
(1248, 143, 8, '2001-2500', '0', NULL),
(1249, 144, 1, 'AUTOMOVILES', '0', NULL),
(1250, 144, 3, 'CAMIONES', '0', NULL),
(1251, 145, 8, '50-110', '0', NULL),
(1252, 145, 8, '251-650', '0', NULL),
(1253, 145, 8, '111- 250', '0', NULL),
(1254, 146, 8, '50-110', '0', NULL),
(1255, 146, 8, '111-250', '0', NULL),
(1256, 147, 1, 'V. A. M.', '0', NULL),
(1257, 148, 8, '50-110', '0', NULL),
(1258, 148, 8, '111-250', '0', NULL),
(1259, 148, 8, '251-650', '0', NULL),
(1260, 149, 8, '50-110', '0', NULL),
(1261, 149, 8, '111-250', '0', NULL),
(1262, 149, 8, '251-650', '0', NULL),
(1263, 150, 11, 'VICTOR PATROL', '0', NULL),
(1264, 151, 8, '1001-2000', '0', NULL),
(1265, 152, 1, 'SEDAN', '0', NULL),
(1266, 152, 1, 'CARIBE, BRASILIA, SAFARI', '0', NULL),
(1267, 152, 1, 'COMBI', '0', NULL),
(1268, 152, 1, 'ATLANTIC', '0', NULL),
(1269, 152, 1, 'CORSAR, VARIANT', '0', NULL);
INSERT INTO `modelo` (`codmodelo`, `codmarca`, `tipo`, `nombremodelo`, `observaciones`, `estado`) VALUES
(1270, 152, 1, 'GOLF MODELO 92 Y ANTERIORES', '0', NULL),
(1271, 152, 1, 'JETTA MODELO 92 Y ANTERIORES', '0', NULL),
(1272, 152, 1, 'PASSAT ', '0', NULL),
(1273, 152, 1, 'GOLF MODELO 92 AL 99', '0', NULL),
(1274, 152, 1, 'JETTA MODELO 92 AL 99 ', '0', NULL),
(1275, 152, 1, 'DERBY ', '0', NULL),
(1276, 152, 1, 'POINTER', '0', NULL),
(1277, 152, 1, 'BEETLE', '0', NULL),
(1278, 152, 1, 'JETTA MODELO 1999 AL 2011/ CLASICO', '0', NULL),
(1279, 152, 1, 'GOLF MODELO 1999 AL 2011 ', '0', NULL),
(1280, 152, 1, 'EUROVAN PASAJEROS', '0', NULL),
(1281, 152, 1, 'SHARAN', '0', NULL),
(1282, 152, 1, 'POLO', '0', NULL),
(1283, 152, 1, 'TOUAREG', '0', NULL),
(1284, 152, 1, 'LUPO', '0', NULL),
(1285, 152, 1, 'BORA', '0', NULL),
(1286, 152, 1, 'CROSSFOX', '0', NULL),
(1287, 152, 1, 'SPORTVAN', '0', NULL),
(1288, 152, 1, 'GTI', '0', NULL),
(1289, 152, 1, 'BORA SPORTWAGEN', '0', NULL),
(1290, 152, 1, 'ROUTAN', '0', NULL),
(1291, 152, 1, 'GOL', '0', NULL),
(1292, 152, 1, 'TIGUAN', '0', NULL),
(1293, 152, 1, 'EOS', '0', NULL),
(1294, 152, 1, 'TRANSPORTER PASAJEROS', '0', NULL),
(1295, 152, 1, 'POINTER STATION WAGON', '0', NULL),
(1296, 152, 1, 'NUEVO JETTA A6', '0', NULL),
(1297, 152, 1, 'MULTIVAN', '0', NULL),
(1298, 152, 1, 'CRAFTER PASAJEROS', '0', NULL),
(1299, 152, 1, 'VENTO', '0', NULL),
(1300, 152, 6, 'POINTER PICK UP', '0', NULL),
(1301, 152, 6, 'DERBY VAN', '0', NULL),
(1302, 152, 6, 'COMBI PANEL', '0', NULL),
(1303, 152, 6, 'EUROVAN PANEL', '0', NULL),
(1304, 152, 6, 'CRAFTER VAN', '0', NULL),
(1305, 152, 3, 'CRAFTER VAN', '0', NULL),
(1306, 152, 3, 'CRAFTER CAJA REDILAS ', '0', NULL),
(1307, 152, 3, 'CRAFTER CAJA SECA', '0', NULL),
(1308, 152, 3, 'CRAFTER CAJA REFRIGERADA', '0', NULL),
(1309, 152, 3, '4 X 2 CAJA REDILAS', '0', NULL),
(1310, 152, 3, '4 X 2 CAJA SECA ', '0', NULL),
(1311, 152, 3, '4 X 2 CAJA REFRIGERADA', '0', NULL),
(1312, 152, 3, '4 X 2 PLATAFORMA', '0', NULL),
(1313, 152, 3, '4 X 2 CAJA REDILAS', '0', NULL),
(1314, 152, 3, '4 X 2 CAJA SECA', '0', NULL),
(1315, 152, 3, '4 X 2 CAJA MUDANCERA', '0', NULL),
(1316, 152, 3, '4 X 2 CAJA REFRIGERADA', '0', NULL),
(1317, 152, 3, '4 X 2 VOLTEO', '0', NULL),
(1318, 152, 3, '4 X 2 TANQUE', '0', NULL),
(1319, 152, 3, '6 X 2 PLATAFORMA', '0', NULL),
(1320, 152, 3, '6 X 2 CAJA REDILAS', '0', NULL),
(1321, 152, 3, '6 X 2 CAJA SECA', '0', NULL),
(1322, 152, 3, '6 X 2 CAJA MUDANCERA', '0', NULL),
(1323, 152, 3, '6 X 2 CAJA REFRIGERADA', '0', NULL),
(1324, 152, 3, '6 X 2 VOLTEO', '0', NULL),
(1325, 152, 3, '6 X 2 TANQUE', '0', NULL),
(1326, 152, 3, '6 X 2 PLATAFORMA ', '0', NULL),
(1327, 152, 3, '6 X 2 CAJA REDILAS', '0', NULL),
(1328, 152, 3, '6 X 2 CAJA SECA', '0', NULL),
(1329, 152, 3, '6 X 2 CAJA MUDANCERA', '0', NULL),
(1330, 152, 3, '6 X 2 CAJA REFRIGERADA', '0', NULL),
(1331, 152, 3, '6 X 2 VOLTEO', '0', NULL),
(1332, 152, 3, '6 X 2 TANQUE', '0', NULL),
(1333, 152, 6, 'COMBI,CARABEL SERVICIO PUBLICO', '0', NULL),
(1334, 152, 6, 'EUROVAN SERVICIO PUBLICO', '0', NULL),
(1335, 152, 7, 'CRAFTER MICROBUS', '0', NULL),
(1336, 152, 7, 'MICROBUS ', '0', NULL),
(1337, 152, 6, 'AMAROK', '0', NULL),
(1338, 152, 6, 'SAVEIRO', '0', NULL),
(1339, 153, 1, 'S40', '0', NULL),
(1340, 153, 1, 'C70', '0', NULL),
(1341, 153, 1, 'C30', '0', NULL),
(1342, 153, 1, 'XC60', '0', NULL),
(1343, 153, 1, 'S60', '0', NULL),
(1344, 153, 1, 'S70', '0', NULL),
(1345, 153, 1, 'S80', '0', NULL),
(1346, 153, 1, 'V40', '0', NULL),
(1347, 153, 1, 'V50', '0', NULL),
(1348, 153, 1, 'V70', '0', NULL),
(1349, 153, 1, 'XC70', '0', NULL),
(1350, 153, 1, 'XC90', '0', NULL),
(1351, 153, 1, 'V60', '0', NULL),
(1352, 153, 3, '4 X 2 PLATAFORMA', '0', NULL),
(1353, 153, 3, '4 X 2 CAJA REDILAS', '0', NULL),
(1354, 153, 3, '4 X 2 CAJA SECA ', '0', NULL),
(1355, 153, 3, '4 X 2 CAJA REFRIGERADA', '0', NULL),
(1356, 153, 3, '4 X 2 PLATAFORMA', '0', NULL),
(1357, 153, 3, '4 X 2 CAJA REDILAS', '0', NULL),
(1358, 153, 3, '4 X 2 CAJA SECA', '0', NULL),
(1359, 153, 3, '4 X 2 CAJA MUDANCERA', '0', NULL),
(1360, 153, 3, '4 X 2 CAJA REFRIGERADA', '0', NULL),
(1361, 153, 3, '4 X 2 VOLTEO', '0', NULL),
(1362, 153, 3, '4 X 2 TANQUE', '0', NULL),
(1363, 153, 3, '6 X 2 PLATAFORMA', '0', NULL),
(1364, 153, 3, '6 X 2 CAJA REDILAS', '0', NULL),
(1365, 153, 3, '6 X 2 CAJA SECA', '0', NULL),
(1366, 153, 3, '6 X 2 CAJA MUDANCERA', '0', NULL),
(1367, 153, 3, '6 X 2 CAJA REFRIGERADA', '0', NULL),
(1368, 153, 3, '6 X 2 TOLVA', '0', NULL),
(1369, 153, 3, '6 X 2 VOLTEO', '0', NULL),
(1370, 153, 3, '6 X 2 TANQUE', '0', NULL),
(1371, 153, 3, '6 X 2 PLATAFORMA', '0', NULL),
(1372, 153, 3, '6 X 2 CAJA REDILAS', '0', NULL),
(1373, 153, 3, '6 X 2 CAJA SECA', '0', NULL),
(1374, 153, 3, '6 X 2 CAJA MUDANCERA', '0', NULL),
(1375, 153, 3, '6 X 2 CAJA REFRIGERADA', '0', NULL),
(1376, 153, 3, '6 X 2 GRUA PERIFERICA ', '0', NULL),
(1377, 153, 3, '6 X 2 TOLVA ', '0', NULL),
(1378, 153, 3, '6 X 2 VOLTEO', '0', NULL),
(1379, 153, 3, '6 X 2 TANQUE', '0', NULL),
(1380, 153, 3, '6 X 4 VOLTEO', '0', NULL),
(1381, 153, 3, '6 X 4 REVOLVEDORA', '0', NULL),
(1382, 153, 11, 'VOLVO', '0', NULL),
(1383, 153, 7, 'MICROBUS ', '0', NULL),
(1384, 153, 10, 'AUTOBUS URBANO ', '0', NULL),
(1385, 153, 10, 'AUTOBUS URBANO ', '0', NULL),
(1386, 153, 10, 'AUTOBUS FORANEO ', '0', NULL),
(1387, 154, 11, 'WHITE', '0', NULL),
(1388, 155, 8, '50-110', '0', NULL),
(1389, 155, 8, '111-250', '0', NULL),
(1390, 156, 8, '50-110', '0', NULL),
(1391, 156, 8, '111-250', '0', NULL),
(1392, 156, 8, '251-650', '0', NULL),
(1394, 156, 8, '111-250', '0', NULL),
(1395, 156, 8, '251-650', '0', NULL);

-- --------------------------------------------------------

--
-- Estructura de tabla para la tabla `ordenentaller`
--

CREATE TABLE `ordenentaller` (
  `otid` int(11) NOT NULL,
  `tid` int(11) DEFAULT '0',
  `dominio` varchar(50) COLLATE utf8_bin DEFAULT '0',
  `fecha` varchar(50) COLLATE utf8_bin DEFAULT '0',
  `horario` varchar(50) COLLATE utf8_bin DEFAULT '0',
  `estado` int(11) DEFAULT '1'
) ENGINE=InnoDB DEFAULT CHARSET=utf8 COLLATE=utf8_bin;

--
-- Volcado de datos para la tabla `ordenentaller`
--

INSERT INTO `ordenentaller` (`otid`, `tid`, `dominio`, `fecha`, `horario`, `estado`) VALUES
(2, 0, 'ac-251', '19/11/18', '10:30', 1),
(3, 0, 'ac-251', '19/11/18', '10:30', 1),
(4, 0, 'ac-251', '19/11/18', '10:30', 1),
(5, 0, 'ac-251', '19/11/18', '10:30', 1),
(6, 0, 'ac-251', '', '10:30', 0),
(7, 0, 'ac-251', '19/11/18', '10:30', 1),
(8, 0, 'ac-251', '19/11/18', '10:30', 1),
(9, 0, 'ac-251', '19/11/18', '10:30', 1),
(10, 0, 'ac-251', '19/11/18', '10:30', 1),
(11, 0, 'ac-251', '19/11/18', '10:30', 1),
(12, 0, 'ac-251', '19/11/18', '10:30', 1),
(13, 0, 'ac-251', '19/11/18', '10:30', 1),
(14, 0, 'ac-251', '19/11/18', '10:30', 1),
(15, 0, 'ac-251', '19/11/18', '10:30', 1),
(17, 0, 'JYM-203', '19/11/18', '10:30', 1),
(18, 0, 'PTD-120', '', '10:30', 1),
(19, 0, 'FDE-123', '19/11/18', '10:30', 1),
(20, 0, 'FDE-123', '19/11/18', '10:30', 1),
(21, 0, 'AJY-203', '19/11/18', '10:30', 1),
(22, 0, 'JPK-223', '2018-11-14', '13:45', 0),
(23, 0, 'ASD-312', '2018-11-10', '13:45', 2),
(24, 0, 'AS-312', '2021-06-16', '10:10', 1),
(25, 0, 'ASD-3sad', '2018-11-10', '13:45', 0),
(26, 0, 'AD-3', '2018-11-10', '13:45', 1),
(27, 0, 'NUEVO-664', '2018-11-10', '13:45', 2),
(28, 0, 'NUEVO-664', '2018-11-10', '13:45', 1),
(29, 0, 'NUEVOSSSS-64', '2018-11-10', '13:45', 2),
(30, 0, 'SARAZA-321', '2018-11-10', '08:45', 2),
(31, 0, 'ASD-321', '2018-11-10', '13:45', 1),
(32, 0, 'AS-321', '2018-11-10', '13:45', 1),
(33, 0, 'Pepe-321', '2018-11-10', '13:45', 1),
(34, 0, 'ASD-3', '2018-11-10', '13:45', 1),
(35, 0, 'FFF-321', '2018-11-10', '13:45', 1),
(36, 0, 'JJS-320', '2018-11-10', '13:45', 1),
(37, 0, 'LANUEVAS', '2018-11-10', '13:45', 1),
(38, 0, 'SIISISI', '2018-11-10', '13:45', 1),
(39, 0, 'AAAAAAAAAAAAAAAAAAAAA', '2018-11-10', '13:45', 1),
(40, 0, 'ULTIMA-123', '2018-11-10', '13:45', 1),
(41, 0, 'ASD-321', '2018-11-10', '13:45', 1),
(42, 0, 'SARAZZAA', '2018-11-10', '13:45', 1),
(43, 0, 'RESULT', '2018-11-10', '13:45', 1),
(44, 0, 'CHANO-122', '2018-11-10', '13:45', 1);

-- --------------------------------------------------------

--
-- Estructura de tabla para la tabla `ordenentaller-detalle`
--

CREATE TABLE `ordenentaller-detalle` (
  `otid` int(11) NOT NULL,
  `codserv` int(11) NOT NULL,
  `observacion` varchar(50) COLLATE utf8_bin DEFAULT NULL,
  `estado` int(11) DEFAULT '1'
) ENGINE=InnoDB DEFAULT CHARSET=utf8 COLLATE=utf8_bin;

--
-- Volcado de datos para la tabla `ordenentaller-detalle`
--

INSERT INTO `ordenentaller-detalle` (`otid`, `codserv`, `observacion`, `estado`) VALUES
(6, 1, 'observer', 1),
(6, 2, 'observer', 1),
(7, 2, 'observer', 1),
(8, 2, 'observer', 1),
(9, 2, 'observer', 1),
(10, 2, 'observer', 1),
(11, 2, 'observer', 1),
(12, 2, 'observer', 1),
(13, 2, 'observer', 1),
(14, 2, 'observer', 1),
(15, 2, 'observer', 1),
(18, 2, 'dasdasd', 1),
(22, 1, 'Nada', 1),
(23, 1, '1', 1),
(24, 1, '101010101010', 1),
(24, 2, '101010101010', 1),
(25, 1, 'dasdasdasdasd', 1),
(25, 2, 'dasdasdasdasd', 1),
(27, 1, '', 1),
(28, 1, '', 1),
(29, 1, '', 1),
(30, 1, 'dsfsdfsdf', 1),
(30, 2, 'dsfsdfsdf', 1),
(31, 1, '', 1),
(31, 2, '', 1),
(32, 1, '', 1),
(32, 2, '', 1),
(33, 2, '', 1),
(34, 2, '', 1),
(35, 1, '', 1),
(36, 1, '', 1),
(37, 2, '', 1),
(38, 1, '', 1),
(39, 1, '', 1),
(40, 1, 'asdas', 1),
(41, 2, '', 1),
(42, 2, '', 1),
(43, 1, '', 1),
(44, 1, '', 1);

-- --------------------------------------------------------

--
-- Estructura de tabla para la tabla `ordenes`
--

CREATE TABLE `ordenes` (
  `oid` int(11) NOT NULL,
  `vid` int(11) NOT NULL,
  `tid` int(11) NOT NULL,
  `fecha` varchar(50) COLLATE utf8_bin DEFAULT NULL,
  `horario` varchar(50) COLLATE utf8_bin DEFAULT NULL,
  `estado` int(11) DEFAULT '1'
) ENGINE=InnoDB DEFAULT CHARSET=utf8 COLLATE=utf8_bin;

--
-- Volcado de datos para la tabla `ordenes`
--

INSERT INTO `ordenes` (`oid`, `vid`, `tid`, `fecha`, `horario`, `estado`) VALUES
(0, 0, 0, '13/11/2018', '9:30', 1),
(1, 1, 0, '2018-11-10', '13:45', 2),
(3, 0, 0, '2011-08-19', '13:45:00', 1),
(4, 0, 0, '2018-11-30', '11:45', 1),
(5, 2, 0, '2018-11-30', '10:40', 1);

-- --------------------------------------------------------

--
-- Estructura de tabla para la tabla `ordenes-detalle`
--

CREATE TABLE `ordenes-detalle` (
  `oid` int(11) NOT NULL,
  `codser` int(11) NOT NULL,
  `observacion` varchar(50) COLLATE utf8_bin DEFAULT NULL,
  `estado` int(10) UNSIGNED DEFAULT '1'
) ENGINE=InnoDB DEFAULT CHARSET=utf8 COLLATE=utf8_bin;

--
-- Volcado de datos para la tabla `ordenes-detalle`
--

INSERT INTO `ordenes-detalle` (`oid`, `codser`, `observacion`, `estado`) VALUES
(1, 1, 'dasdasdasdasd', 1),
(3, 1, 'dasdasd', 1),
(4, 2, NULL, 1),
(5, 1, NULL, 1),
(5, 2, NULL, 1);

-- --------------------------------------------------------

--
-- Estructura de tabla para la tabla `oredens-solicitudes`
--

CREATE TABLE `oredens-solicitudes` (
  `oid` int(11) NOT NULL,
  `sid` int(11) NOT NULL,
  `observacion` varchar(50) COLLATE utf8_bin DEFAULT NULL,
  `estado` int(11) DEFAULT '1'
) ENGINE=InnoDB DEFAULT CHARSET=utf8 COLLATE=utf8_bin;

-- --------------------------------------------------------

--
-- Estructura de tabla para la tabla `permisos`
--

CREATE TABLE `permisos` (
  `pid` int(11) NOT NULL,
  `permiso` varchar(50) COLLATE utf8_bin DEFAULT NULL,
  `estado` int(11) DEFAULT NULL
) ENGINE=InnoDB DEFAULT CHARSET=utf8 COLLATE=utf8_bin;

--
-- Volcado de datos para la tabla `permisos`
--

INSERT INTO `permisos` (`pid`, `permiso`, `estado`) VALUES
(1, 'Administrar Serivicos ver', NULL),
(2, 'Administrar Serivicos eliminar', NULL),
(3, 'Administrar Serivicos editar', NULL),
(4, 'Administrar Serivicos crear', NULL),
(5, 'Administrar talleres ver', NULL),
(6, 'Administrar talleres eliminar', NULL),
(7, 'Administrar talleres editar', NULL),
(8, 'Administrar talleres crear', NULL),
(9, 'solicitudes ordenes ver', NULL),
(10, 'solicitudes ordenes eliminar', NULL),
(11, 'solicitudes ordenes editar', NULL),
(12, 'ordenes ver', NULL),
(13, 'ordenes editar', NULL),
(14, 'ordenes eliminar', NULL),
(15, 'ordenes crear', NULL),
(16, 'taller editar', NULL),
(17, 'servicios ver', NULL),
(18, 'turnos solicitar', NULL),
(19, 'turnos ver', NULL),
(20, 'autos cargar', NULL),
(21, 'autos ver', NULL),
(22, 'panel administrador ver', NULL),
(23, 'panel taller ver', NULL),
(24, 'panel usuario ver', NULL);

-- --------------------------------------------------------

--
-- Estructura de tabla para la tabla `persona`
--

CREATE TABLE `persona` (
  `idpersona` int(11) NOT NULL,
  `uid` int(11) NOT NULL,
  `nombre` varchar(50) COLLATE utf8_bin NOT NULL,
  `apellido` varchar(50) COLLATE utf8_bin NOT NULL,
  `coddoc` int(11) NOT NULL,
  `nrodoc` varchar(30) COLLATE utf8_bin NOT NULL,
  `calle` varchar(30) COLLATE utf8_bin NOT NULL,
  `nro` varchar(30) COLLATE utf8_bin NOT NULL,
  `piso` varchar(5) COLLATE utf8_bin DEFAULT NULL,
  `depto` varchar(10) COLLATE utf8_bin DEFAULT NULL,
  `codloca` int(10) DEFAULT NULL,
  `email` varchar(50) COLLATE utf8_bin DEFAULT NULL,
  `telefono` varchar(20) COLLATE utf8_bin DEFAULT NULL,
  `estado` int(11) NOT NULL DEFAULT '1'
) ENGINE=InnoDB DEFAULT CHARSET=utf8 COLLATE=utf8_bin;

-- --------------------------------------------------------

--
-- Estructura de tabla para la tabla `roles`
--

CREATE TABLE `roles` (
  `rid` int(11) NOT NULL,
  `nombre` varchar(50) COLLATE utf8_bin DEFAULT NULL,
  `estado` int(5) DEFAULT NULL
) ENGINE=InnoDB DEFAULT CHARSET=utf8 COLLATE=utf8_bin;

--
-- Volcado de datos para la tabla `roles`
--

INSERT INTO `roles` (`rid`, `nombre`, `estado`) VALUES
(3, 'administrador', NULL),
(4, 'dueño de taller', NULL),
(5, 'usuario', NULL);

-- --------------------------------------------------------

--
-- Estructura de tabla para la tabla `roles-permisos`
--

CREATE TABLE `roles-permisos` (
  `pid` int(11) NOT NULL,
  `rid` int(11) NOT NULL,
  `estado` int(11) DEFAULT NULL
) ENGINE=InnoDB DEFAULT CHARSET=utf8 COLLATE=utf8_bin;

--
-- Volcado de datos para la tabla `roles-permisos`
--

INSERT INTO `roles-permisos` (`pid`, `rid`, `estado`) VALUES
(1, 3, NULL),
(2, 3, NULL),
(3, 3, NULL),
(4, 3, NULL),
(5, 3, NULL),
(6, 3, NULL),
(7, 3, NULL),
(8, 3, NULL),
(9, 4, NULL),
(10, 4, NULL),
(11, 4, NULL),
(12, 4, NULL),
(13, 4, NULL),
(14, 4, NULL),
(15, 4, NULL),
(16, 4, NULL),
(17, 5, NULL),
(18, 5, NULL),
(19, 5, NULL),
(20, 5, NULL),
(21, 5, NULL),
(22, 3, NULL),
(23, 4, NULL),
(24, 5, NULL);

-- --------------------------------------------------------

--
-- Estructura de tabla para la tabla `servicio-taller`
--

CREATE TABLE `servicio-taller` (
  `tid` int(11) NOT NULL,
  `codserv` int(11) NOT NULL,
  `observacion` varchar(50) COLLATE utf8_bin DEFAULT NULL,
  `estado` int(11) DEFAULT '1'
) ENGINE=InnoDB DEFAULT CHARSET=utf8 COLLATE=utf8_bin;

--
-- Volcado de datos para la tabla `servicio-taller`
--

INSERT INTO `servicio-taller` (`tid`, `codserv`, `observacion`, `estado`) VALUES
(0, 1, NULL, 1);

-- --------------------------------------------------------

--
-- Estructura de tabla para la tabla `servicios`
--

CREATE TABLE `servicios` (
  `codserv` int(11) NOT NULL,
  `nombre` varchar(50) COLLATE utf8_bin NOT NULL DEFAULT '0',
  `descripcion` varchar(100) COLLATE utf8_bin NOT NULL DEFAULT '0',
  `estado` int(11) NOT NULL DEFAULT '1'
) ENGINE=InnoDB DEFAULT CHARSET=utf8 COLLATE=utf8_bin;

--
-- Volcado de datos para la tabla `servicios`
--

INSERT INTO `servicios` (`codserv`, `nombre`, `descripcion`, `estado`) VALUES
(1, 'SERVICIO RAPIDO', 'Chequeo Integrap', 1),
(2, 'CAMBIO DE FRENOS', 'Cambio', 1),
(3, 'TREN DELANTERO', 'TREN DELANTERO', 1),
(4, 'ENCENDIDO', 'ENCENDIDO', 1),
(5, 'PINTURA', 'PINTURA', 1);

-- --------------------------------------------------------

--
-- Estructura de tabla para la tabla `solicitud`
--

CREATE TABLE `solicitud` (
  `sid` int(11) NOT NULL,
  `vid` int(11) NOT NULL DEFAULT '0',
  `tid` int(11) NOT NULL DEFAULT '0',
  `fechasol` varchar(50) COLLATE utf8_bin NOT NULL DEFAULT '0',
  `observacion` varchar(300) COLLATE utf8_bin NOT NULL DEFAULT '0',
  `estado` int(11) DEFAULT '1'
) ENGINE=InnoDB DEFAULT CHARSET=utf8 COLLATE=utf8_bin;

--
-- Volcado de datos para la tabla `solicitud`
--

INSERT INTO `solicitud` (`sid`, `vid`, `tid`, `fechasol`, `observacion`, `estado`) VALUES
(1, 0, 0, '2018-11-10', 'miercoles-jueves', 1),
(2, 1, 0, '2018-11-10', 'MIERCOLES-JEUVES-VIERNEs', 0);

-- --------------------------------------------------------

--
-- Estructura de tabla para la tabla `solicitud-detalle`
--

CREATE TABLE `solicitud-detalle` (
  `sid` int(11) NOT NULL,
  `codserv` int(11) NOT NULL,
  `observacion` varchar(50) COLLATE utf8_bin DEFAULT NULL,
  `estado` int(11) DEFAULT '1'
) ENGINE=InnoDB DEFAULT CHARSET=utf8 COLLATE=utf8_bin;

--
-- Volcado de datos para la tabla `solicitud-detalle`
--

INSERT INTO `solicitud-detalle` (`sid`, `codserv`, `observacion`, `estado`) VALUES
(1, 1, NULL, 1),
(2, 1, NULL, 1),
(1, 2, NULL, 1);

-- --------------------------------------------------------

--
-- Estructura de tabla para la tabla `taller-usuario`
--

CREATE TABLE `taller-usuario` (
  `tid` int(11) NOT NULL,
  `uid` int(11) NOT NULL,
  `estado` int(11) DEFAULT '1'
) ENGINE=InnoDB DEFAULT CHARSET=utf8 COLLATE=utf8_bin;

--
-- Volcado de datos para la tabla `taller-usuario`
--

INSERT INTO `taller-usuario` (`tid`, `uid`, `estado`) VALUES
(0, 1, 1);

-- --------------------------------------------------------

--
-- Estructura de tabla para la tabla `talleres`
--

CREATE TABLE `talleres` (
  `tid` int(11) NOT NULL,
  `nombre` varchar(50) COLLATE utf8_bin NOT NULL,
  `telefono` varchar(50) COLLATE utf8_bin NOT NULL,
  `email` varchar(50) COLLATE utf8_bin NOT NULL,
  `calle` varchar(50) COLLATE utf8_bin NOT NULL,
  `nro` varchar(50) COLLATE utf8_bin NOT NULL,
  `codloca` int(11) DEFAULT NULL,
  `estado` int(11) DEFAULT '1'
) ENGINE=InnoDB DEFAULT CHARSET=utf8 COLLATE=utf8_bin;

--
-- Volcado de datos para la tabla `talleres`
--

INSERT INTO `talleres` (`tid`, `nombre`, `telefono`, `email`, `calle`, `nro`, `codloca`, `estado`) VALUES
(0, 'La Pata', '42553251', 'lapata@gmail.com', 'Pringles', '214', 14595, 1);

-- --------------------------------------------------------

--
-- Estructura de tabla para la tabla `tipodoc`
--

CREATE TABLE `tipodoc` (
  `coddoc` int(11) NOT NULL,
  `tipo` varchar(50) COLLATE utf8_bin NOT NULL,
  `observacion` varchar(50) COLLATE utf8_bin NOT NULL
) ENGINE=InnoDB DEFAULT CHARSET=utf8 COLLATE=utf8_bin;

-- --------------------------------------------------------

--
-- Estructura de tabla para la tabla `tipovehiculo`
--

CREATE TABLE `tipovehiculo` (
  `codtipo` int(11) NOT NULL,
  `tipo` varchar(50) COLLATE utf8_bin NOT NULL DEFAULT '0',
  `estado` int(11) DEFAULT '1'
) ENGINE=InnoDB DEFAULT CHARSET=utf8 COLLATE=utf8_bin;

--
-- Volcado de datos para la tabla `tipovehiculo`
--

INSERT INTO `tipovehiculo` (`codtipo`, `tipo`, `estado`) VALUES
(1, 'AUTOMOVILES', 0),
(2, 'MOTOCICLETAS', 0),
(3, 'CAMIONES', 0),
(4, 'TRACTOCAMIONES', 0),
(5, 'COMERCIALES', 0),
(6, 'COLECTIVOS', 0),
(7, 'COMERCIALES', 0),
(8, 'MICROBUSES', 0),
(9, 'AUTOBUSES', 0),
(10, 'OTROS', 0),
(11, 'AUTOBUSES', 0),
(12, 'SEMIRREMOLQUES', 0);

-- --------------------------------------------------------

--
-- Estructura de tabla para la tabla `usuario-rol`
--

CREATE TABLE `usuario-rol` (
  `uid` int(11) NOT NULL,
  `rid` int(11) NOT NULL,
  `estado` int(11) DEFAULT NULL
) ENGINE=InnoDB DEFAULT CHARSET=utf8 COLLATE=utf8_bin;

--
-- Volcado de datos para la tabla `usuario-rol`
--

INSERT INTO `usuario-rol` (`uid`, `rid`, `estado`) VALUES
(1, 3, NULL),
(1, 4, NULL),
(1, 5, NULL);

-- --------------------------------------------------------

--
-- Estructura de tabla para la tabla `usuarios`
--

CREATE TABLE `usuarios` (
  `uid` int(11) NOT NULL,
  `nombre` varchar(50) COLLATE utf8_bin NOT NULL DEFAULT '0',
  `usuario` varchar(100) COLLATE utf8_bin NOT NULL,
  `correo` varchar(100) COLLATE utf8_bin NOT NULL,
  `password` varchar(100) COLLATE utf8_bin NOT NULL DEFAULT '0',
  `estado` int(11) DEFAULT '1',
  `last_session` datetime DEFAULT NULL,
  `activacion` int(11) NOT NULL DEFAULT '0',
  `token` varchar(100) COLLATE utf8_bin NOT NULL,
  `token_password` int(100) DEFAULT NULL,
  `password_request` varchar(100) COLLATE utf8_bin DEFAULT NULL,
  `id_tipo` int(11) NOT NULL
) ENGINE=InnoDB DEFAULT CHARSET=utf8 COLLATE=utf8_bin;

--
-- Volcado de datos para la tabla `usuarios`
--

INSERT INTO `usuarios` (`uid`, `nombre`, `usuario`, `correo`, `password`, `estado`, `last_session`, `activacion`, `token`, `token_password`, `password_request`, `id_tipo`) VALUES
(1, 'admin@admin.com', '', '', '8d969eef6ecad3c29a3a629280e686cf0c3f5d5a86aff3ca12020c923adc6c92', 0, NULL, 0, '', NULL, NULL, 0),
(2, 'jua', '', '', '8D969EEF6ECAD3C29A3A629280E686CF0C3F5D5A86AFF3CA12020C923ADC6C92', NULL, NULL, 0, '', NULL, NULL, 0);

-- --------------------------------------------------------

--
-- Estructura de tabla para la tabla `vehiculos`
--

CREATE TABLE `vehiculos` (
  `vid` int(11) NOT NULL,
  `uid` int(11) NOT NULL,
  `codmodelo` int(11) NOT NULL,
  `dominio` varchar(50) COLLATE utf8_bin DEFAULT NULL,
  `año` varchar(4) COLLATE utf8_bin NOT NULL,
  `chasis` varchar(50) COLLATE utf8_bin NOT NULL,
  `motor` varchar(50) COLLATE utf8_bin NOT NULL,
  `alias` varchar(50) COLLATE utf8_bin NOT NULL,
  `estado` int(11) DEFAULT '1'
) ENGINE=InnoDB DEFAULT CHARSET=utf8 COLLATE=utf8_bin;

--
-- Volcado de datos para la tabla `vehiculos`
--

INSERT INTO `vehiculos` (`vid`, `uid`, `codmodelo`, `dominio`, `año`, `chasis`, `motor`, `alias`, `estado`) VALUES
(0, 1, 1, 'OVV206', '2015', 'afsd15646', 'asdsfe', 'Fiesta', 1),
(1, 2, 1, 'jym-156', '2011', 'avas56456', 'asda154', '', 1),
(2, 1, 1, 'ASD-11', '2010', 'dasfwefas', 'dasdasf', '', 1);

--
-- Índices para tablas volcadas
--

--
-- Indices de la tabla `cp`
--
ALTER TABLE `cp`
  ADD PRIMARY KEY (`codlocalidad`);

--
-- Indices de la tabla `kilometros`
--
ALTER TABLE `kilometros`
  ADD PRIMARY KEY (`kmid`),
  ADD KEY `kmauto` (`vid`),
  ADD KEY `km-od` (`oid`);

--
-- Indices de la tabla `marca`
--
ALTER TABLE `marca`
  ADD PRIMARY KEY (`codmarca`);

--
-- Indices de la tabla `modelo`
--
ALTER TABLE `modelo`
  ADD PRIMARY KEY (`codmodelo`),
  ADD KEY `marcamodelo` (`codmarca`),
  ADD KEY `tipovehiculo` (`tipo`);

--
-- Indices de la tabla `ordenentaller`
--
ALTER TABLE `ordenentaller`
  ADD PRIMARY KEY (`otid`),
  ADD KEY `tido.taller` (`tid`);

--
-- Indices de la tabla `ordenentaller-detalle`
--
ALTER TABLE `ordenentaller-detalle`
  ADD PRIMARY KEY (`otid`,`codserv`),
  ADD KEY `cod.serviciod` (`codserv`);

--
-- Indices de la tabla `ordenes`
--
ALTER TABLE `ordenes`
  ADD PRIMARY KEY (`oid`),
  ADD KEY `vehiculo-orden` (`vid`),
  ADD KEY `talelr-orden` (`tid`);

--
-- Indices de la tabla `ordenes-detalle`
--
ALTER TABLE `ordenes-detalle`
  ADD PRIMARY KEY (`oid`,`codser`),
  ADD KEY `codigo-orden` (`codser`);

--
-- Indices de la tabla `oredens-solicitudes`
--
ALTER TABLE `oredens-solicitudes`
  ADD PRIMARY KEY (`oid`,`sid`),
  ADD KEY `ordenes-orden` (`sid`);

--
-- Indices de la tabla `permisos`
--
ALTER TABLE `permisos`
  ADD PRIMARY KEY (`pid`);

--
-- Indices de la tabla `persona`
--
ALTER TABLE `persona`
  ADD PRIMARY KEY (`idpersona`),
  ADD KEY `usuariopersona` (`uid`),
  ADD KEY `cod-docu` (`coddoc`),
  ADD KEY `codloca` (`codloca`);

--
-- Indices de la tabla `roles`
--
ALTER TABLE `roles`
  ADD PRIMARY KEY (`rid`);

--
-- Indices de la tabla `roles-permisos`
--
ALTER TABLE `roles-permisos`
  ADD PRIMARY KEY (`pid`,`rid`),
  ADD KEY `rol-permiso` (`rid`);

--
-- Indices de la tabla `servicio-taller`
--
ALTER TABLE `servicio-taller`
  ADD PRIMARY KEY (`tid`,`codserv`),
  ADD KEY `serviciotaller.serv` (`codserv`);

--
-- Indices de la tabla `servicios`
--
ALTER TABLE `servicios`
  ADD PRIMARY KEY (`codserv`);

--
-- Indices de la tabla `solicitud`
--
ALTER TABLE `solicitud`
  ADD PRIMARY KEY (`sid`),
  ADD KEY `solicitud-vehiculo` (`vid`),
  ADD KEY `taller-solicitud` (`tid`);

--
-- Indices de la tabla `solicitud-detalle`
--
ALTER TABLE `solicitud-detalle`
  ADD PRIMARY KEY (`codserv`,`sid`),
  ADD KEY `solicitud-soldetalle` (`sid`);

--
-- Indices de la tabla `taller-usuario`
--
ALTER TABLE `taller-usuario`
  ADD PRIMARY KEY (`tid`,`uid`),
  ADD KEY `taller-usuario` (`uid`);

--
-- Indices de la tabla `talleres`
--
ALTER TABLE `talleres`
  ADD PRIMARY KEY (`tid`),
  ADD KEY `cp-taller` (`codloca`);

--
-- Indices de la tabla `tipodoc`
--
ALTER TABLE `tipodoc`
  ADD PRIMARY KEY (`coddoc`);

--
-- Indices de la tabla `tipovehiculo`
--
ALTER TABLE `tipovehiculo`
  ADD PRIMARY KEY (`codtipo`);

--
-- Indices de la tabla `usuario-rol`
--
ALTER TABLE `usuario-rol`
  ADD PRIMARY KEY (`uid`,`rid`),
  ADD KEY `rol.usuario` (`rid`);

--
-- Indices de la tabla `usuarios`
--
ALTER TABLE `usuarios`
  ADD PRIMARY KEY (`uid`);

--
-- Indices de la tabla `vehiculos`
--
ALTER TABLE `vehiculos`
  ADD PRIMARY KEY (`vid`),
  ADD KEY `FK_vehiculos_usuarios` (`uid`),
  ADD KEY `FK_vehiculos_modelo` (`codmodelo`);

--
-- AUTO_INCREMENT de las tablas volcadas
--

--
-- AUTO_INCREMENT de la tabla `kilometros`
--
ALTER TABLE `kilometros`
  MODIFY `kmid` int(11) NOT NULL AUTO_INCREMENT, AUTO_INCREMENT=5;

--
-- AUTO_INCREMENT de la tabla `marca`
--
ALTER TABLE `marca`
  MODIFY `codmarca` int(10) NOT NULL AUTO_INCREMENT, AUTO_INCREMENT=157;

--
-- AUTO_INCREMENT de la tabla `modelo`
--
ALTER TABLE `modelo`
  MODIFY `codmodelo` int(11) NOT NULL AUTO_INCREMENT, AUTO_INCREMENT=1396;

--
-- AUTO_INCREMENT de la tabla `ordenentaller`
--
ALTER TABLE `ordenentaller`
  MODIFY `otid` int(11) NOT NULL AUTO_INCREMENT, AUTO_INCREMENT=45;

--
-- AUTO_INCREMENT de la tabla `ordenes`
--
ALTER TABLE `ordenes`
  MODIFY `oid` int(11) NOT NULL AUTO_INCREMENT, AUTO_INCREMENT=6;

--
-- AUTO_INCREMENT de la tabla `permisos`
--
ALTER TABLE `permisos`
  MODIFY `pid` int(11) NOT NULL AUTO_INCREMENT, AUTO_INCREMENT=25;

--
-- AUTO_INCREMENT de la tabla `persona`
--
ALTER TABLE `persona`
  MODIFY `idpersona` int(11) NOT NULL AUTO_INCREMENT;

--
-- AUTO_INCREMENT de la tabla `roles`
--
ALTER TABLE `roles`
  MODIFY `rid` int(11) NOT NULL AUTO_INCREMENT, AUTO_INCREMENT=6;

--
-- AUTO_INCREMENT de la tabla `servicios`
--
ALTER TABLE `servicios`
  MODIFY `codserv` int(11) NOT NULL AUTO_INCREMENT, AUTO_INCREMENT=6;

--
-- AUTO_INCREMENT de la tabla `solicitud`
--
ALTER TABLE `solicitud`
  MODIFY `sid` int(11) NOT NULL AUTO_INCREMENT, AUTO_INCREMENT=3;

--
-- AUTO_INCREMENT de la tabla `talleres`
--
ALTER TABLE `talleres`
  MODIFY `tid` int(11) NOT NULL AUTO_INCREMENT;

--
-- AUTO_INCREMENT de la tabla `tipodoc`
--
ALTER TABLE `tipodoc`
  MODIFY `coddoc` int(11) NOT NULL AUTO_INCREMENT;

--
-- AUTO_INCREMENT de la tabla `tipovehiculo`
--
ALTER TABLE `tipovehiculo`
  MODIFY `codtipo` int(11) NOT NULL AUTO_INCREMENT, AUTO_INCREMENT=13;

--
-- AUTO_INCREMENT de la tabla `usuarios`
--
ALTER TABLE `usuarios`
  MODIFY `uid` int(11) NOT NULL AUTO_INCREMENT, AUTO_INCREMENT=3;

--
-- AUTO_INCREMENT de la tabla `vehiculos`
--
ALTER TABLE `vehiculos`
  MODIFY `vid` int(11) NOT NULL AUTO_INCREMENT, AUTO_INCREMENT=3;

--
-- Restricciones para tablas volcadas
--

--
-- Filtros para la tabla `kilometros`
--
ALTER TABLE `kilometros`
  ADD CONSTRAINT `km-od` FOREIGN KEY (`oid`) REFERENCES `ordenes` (`oid`),
  ADD CONSTRAINT `kmauto` FOREIGN KEY (`vid`) REFERENCES `vehiculos` (`vid`);

--
-- Filtros para la tabla `modelo`
--
ALTER TABLE `modelo`
  ADD CONSTRAINT `marcamodelo` FOREIGN KEY (`codmarca`) REFERENCES `marca` (`codmarca`),
  ADD CONSTRAINT `tipovehiculo` FOREIGN KEY (`tipo`) REFERENCES `tipovehiculo` (`codtipo`);

--
-- Filtros para la tabla `ordenentaller`
--
ALTER TABLE `ordenentaller`
  ADD CONSTRAINT `tido.taller` FOREIGN KEY (`tid`) REFERENCES `talleres` (`tid`);

--
-- Filtros para la tabla `ordenentaller-detalle`
--
ALTER TABLE `ordenentaller-detalle`
  ADD CONSTRAINT `cod.serviciod` FOREIGN KEY (`codserv`) REFERENCES `servicios` (`codserv`),
  ADD CONSTRAINT `otid.detall` FOREIGN KEY (`otid`) REFERENCES `ordenentaller` (`otid`);

--
-- Filtros para la tabla `ordenes`
--
ALTER TABLE `ordenes`
  ADD CONSTRAINT `talelr-orden` FOREIGN KEY (`tid`) REFERENCES `talleres` (`tid`),
  ADD CONSTRAINT `vehiculo-orden` FOREIGN KEY (`vid`) REFERENCES `vehiculos` (`vid`);

--
-- Filtros para la tabla `ordenes-detalle`
--
ALTER TABLE `ordenes-detalle`
  ADD CONSTRAINT `codigo-orden` FOREIGN KEY (`codser`) REFERENCES `servicios` (`codserv`),
  ADD CONSTRAINT `orden-orden` FOREIGN KEY (`oid`) REFERENCES `ordenes` (`oid`);

--
-- Filtros para la tabla `oredens-solicitudes`
--
ALTER TABLE `oredens-solicitudes`
  ADD CONSTRAINT `ordenes-orden` FOREIGN KEY (`sid`) REFERENCES `solicitud` (`sid`),
  ADD CONSTRAINT `solicitud-ord` FOREIGN KEY (`oid`) REFERENCES `ordenes` (`oid`);

--
-- Filtros para la tabla `persona`
--
ALTER TABLE `persona`
  ADD CONSTRAINT `cod-docu` FOREIGN KEY (`coddoc`) REFERENCES `tipodoc` (`coddoc`),
  ADD CONSTRAINT `codloca` FOREIGN KEY (`codloca`) REFERENCES `cp` (`codlocalidad`),
  ADD CONSTRAINT `usuariopersona` FOREIGN KEY (`uid`) REFERENCES `usuarios` (`uid`);

--
-- Filtros para la tabla `roles-permisos`
--
ALTER TABLE `roles-permisos`
  ADD CONSTRAINT `permiso-rol` FOREIGN KEY (`pid`) REFERENCES `permisos` (`pid`),
  ADD CONSTRAINT `rol-permiso` FOREIGN KEY (`rid`) REFERENCES `roles` (`rid`);

--
-- Filtros para la tabla `servicio-taller`
--
ALTER TABLE `servicio-taller`
  ADD CONSTRAINT `serviciotaller.serv` FOREIGN KEY (`codserv`) REFERENCES `servicios` (`codserv`),
  ADD CONSTRAINT `taller.tallerservicio` FOREIGN KEY (`tid`) REFERENCES `talleres` (`tid`);

--
-- Filtros para la tabla `solicitud`
--
ALTER TABLE `solicitud`
  ADD CONSTRAINT `solicitud-vehiculo` FOREIGN KEY (`vid`) REFERENCES `vehiculos` (`vid`),
  ADD CONSTRAINT `taller-solicitud` FOREIGN KEY (`tid`) REFERENCES `talleres` (`tid`);

--
-- Filtros para la tabla `solicitud-detalle`
--
ALTER TABLE `solicitud-detalle`
  ADD CONSTRAINT `solicitud-servicio` FOREIGN KEY (`codserv`) REFERENCES `servicios` (`codserv`),
  ADD CONSTRAINT `solicitud-soldetalle` FOREIGN KEY (`sid`) REFERENCES `solicitud` (`sid`);

--
-- Filtros para la tabla `taller-usuario`
--
ALTER TABLE `taller-usuario`
  ADD CONSTRAINT `taller-taller` FOREIGN KEY (`tid`) REFERENCES `talleres` (`tid`),
  ADD CONSTRAINT `taller-usuario` FOREIGN KEY (`uid`) REFERENCES `usuarios` (`uid`);

--
-- Filtros para la tabla `talleres`
--
ALTER TABLE `talleres`
  ADD CONSTRAINT `cp-taller` FOREIGN KEY (`codloca`) REFERENCES `cp` (`codlocalidad`);

--
-- Filtros para la tabla `tipodoc`
--
ALTER TABLE `tipodoc`
  ADD CONSTRAINT `tipodoc_ibfk_1` FOREIGN KEY (`coddoc`) REFERENCES `persona` (`uid`);

--
-- Filtros para la tabla `usuario-rol`
--
ALTER TABLE `usuario-rol`
  ADD CONSTRAINT `rol.usuario` FOREIGN KEY (`rid`) REFERENCES `roles` (`rid`),
  ADD CONSTRAINT `usuario.rol` FOREIGN KEY (`uid`) REFERENCES `usuarios` (`uid`);

--
-- Filtros para la tabla `vehiculos`
--
ALTER TABLE `vehiculos`
  ADD CONSTRAINT `FK_vehiculos_modelo` FOREIGN KEY (`codmodelo`) REFERENCES `modelo` (`codmodelo`),
  ADD CONSTRAINT `FK_vehiculos_usuarios` FOREIGN KEY (`uid`) REFERENCES `usuarios` (`uid`);
COMMIT;

/*!40101 SET CHARACTER_SET_CLIENT=@OLD_CHARACTER_SET_CLIENT */;
/*!40101 SET CHARACTER_SET_RESULTS=@OLD_CHARACTER_SET_RESULTS */;
/*!40101 SET COLLATION_CONNECTION=@OLD_COLLATION_CONNECTION */;
